reviewId,content,score,at,source
d84a4955-4bfb-448b-a260-b36935a58c9b,kalo ada pembatalan hub langsung WA dong,1,2026-01-13 12:12:06,tiketcom
0b67f755-1fb1-4300-a769-68e45a0a48cc,ganguan terus susah cari jadwal disni,2,2026-01-13 11:18:17,tiketcom
fcef9cb8-5c08-41cf-a8b5-2a2eb1edfba8,banyakin promonya ya,5,2026-01-13 00:01:23,tiketcom
d039ee95-c3f2-4e76-ae03-9214f7672cd8,very bad service!!!!!!,1,2026-01-12 21:29:45,tiketcom
0d830287-f7df-454c-9598-4d6a6071b32a,mantap,5,2026-01-12 13:02:48,tiketcom
30949602-72a1-44cf-86f5-ef8493c8e048,"dari Ternate tujuan medan sengaja ambil yg 1x transit biar gak cape naik turun pesawat, pas cekin jadi 2x transit gak sesuai sama yg di aplikasi",1,2026-01-12 08:52:25,tiketcom
a6968cbc-e3f4-4053-b91a-453f7c598a9a,Jelek Mau pesen Ticket Bus Ydk Bisa Melihat Yg Lain laian,1,2026-01-12 07:01:19,tiketcom
60044bb3-8a76-496f-a46d-7bd354384135,keren,4,2026-01-11 21:05:37,tiketcom
4a461848-5c32-4592-977f-5054c2e0047d,apk paling mantap,5,2026-01-11 18:24:07,tiketcom
8ba369ed-c7ae-4907-b3a4-77b8a447651e,pake aplikasi tiket sangat kecewa...saat pesan tiket hotel di situ ada permintaan hotel soal kamar no smooking dan posisi kamar minta di atas. eh malah di kasih ruangan kamar smooking lantai dasar sama pihak hotel 55 international,1,2026-01-11 13:35:36,tiketcom
dfa1f060-96b2-474d-be9c-8f88fd0501ed,"Tidak Maskapainya, tidak Apk nya, sama BURUK dan TOLOLnya. Ketika Saya Checkin Online sudah memilih Seat (Kursi), tetapi ketika 2 jam sebelum keberangkatan Seat yg kita pilih diawal malah tidak berlaku lagi, dan diganti dengan seat random. ASLI PARAH. SARAN SAYA JANGAN MAU DOWNLOAD APLIKASINYA, TERLEPAS DIIMING²I HADIAH SURPRISE DIDALAM PESAWAT.",1,2026-01-11 09:16:29,tiketcom
4d6d38d1-658c-407a-908c-e06645479d78,Cepat dan Mudah.,5,2026-01-10 21:51:34,tiketcom
392c4c4b-e539-4d9a-8181-dd1a8a26ddac,respon tim cepat,5,2026-01-10 13:10:10,tiketcom
6da0c6dd-23c0-4159-b710-67e8f3a236af,semoga lebih baik,4,2026-01-10 11:36:32,tiketcom
abbeb9e8-fdc2-47cb-8c06-6c777c0a5e3b,Gak ada kebijakan terkait ketidak sengajaan pengajuan refund 👎,1,2026-01-10 02:21:23,tiketcom
f054fac1-cdb3-434d-a9c4-be24fada19d7,"pelayanan terburuk, ribet, penipu.. jangan pakai aplikasi ini",1,2026-01-09 21:58:13,tiketcom
b753301d-ca06-4ee3-954f-0a2fe5d44284,"cepat, memuaskan dan terpercaya",5,2026-01-09 20:56:55,tiketcom
a89f5ea6-419c-4083-bb68-7a804d82d8e4,ga ada layanan krta lokal.,1,2026-01-09 19:03:17,tiketcom
2ff34a37-efd5-40d0-ba60-8e90c59993c2,"ribet banget klo pas ganti device, verifikasi ngerefresh terus baru buka wa buat kode verifikasi malah balik ke awal lagi , gitu aja terus sampai keblokir....alhasil balik kanan...",3,2026-01-09 19:03:06,tiketcom
b61c2e1c-7087-4209-9c33-15d5c433e128,good,5,2026-01-09 07:10:24,tiketcom
0cf966c6-e1a5-42cc-a335-652c41dc9982,Profesional,5,2026-01-08 18:37:42,tiketcom
14d94197-b1c3-44ea-90cb-dd9b7505058f,ralat..lain kali semoga ga ada kendala,5,2026-01-08 17:42:33,tiketcom
023ab94f-5c75-47e4-a66a-36e05b40922c,mudah dan cepat...,5,2026-01-08 17:04:30,tiketcom
69c89fec-93c7-4cef-b329-cf75f4b32c0c,good👍,5,2026-01-08 11:41:45,tiketcom
2ed9d266-35f8-47e2-b382-408d34270741,terbaik,5,2026-01-08 10:03:46,tiketcom
deb2985f-507e-4d57-8c3d-f32fc50c7f7f,good,5,2026-01-08 07:11:40,tiketcom
f0bfd35f-04a6-40ae-9aa8-b37a0f1552f7,"ini kenapa gak bisa login, malah susah ya... alamat user pada kabur ini mah",1,2026-01-08 06:22:36,tiketcom
da4c5df6-d1ba-4f33-82ef-d9a896806554,"aplikasi nya ribet , ga bisa simpen pengaturan filter jadi kalo cek liat tanggal lain harus setting filter ulang harga terendah dll",1,2026-01-07 08:10:53,tiketcom
d80fa327-5fda-4041-8fe0-a27277a287db,paylater,1,2026-01-07 05:34:18,tiketcom
3f07f6f0-9d06-4997-bbe9-80a0c26d2de2,"pembelian tiket pesawat dg ovo, sering gagal terbit e-tiketnya...harap sistem pembayaran dg e-wallet di perbaiki lagi",1,2026-01-07 04:29:26,tiketcom
16645865-2e7f-4c4c-84ce-1f250c6027a3,murah,4,2026-01-06 20:20:19,tiketcom
8d26a94a-5574-40bb-ac0e-3712649874e2,"refundnya susah ga ada tanggapan sama sekali dari pihak terkait. sudah di lampirkan ini itu ga di balas, biaya adminmu gede ga sesuai dengan pelayanannya.",1,2026-01-06 17:02:15,tiketcom
240ca4e3-0764-4a93-bda4-ca960bb05800,aplikasi nya banyak masalah. ini aplikasi niat jualan apa gimana ?? kok pelayanan nya sekelas aplikasi milik pemerintah....,1,2026-01-06 15:03:21,tiketcom
4fcc4fdd-993a-4111-be79-0fc7967ad3ed,setelah di update gak bisa buat pesan tiket pesawat,1,2026-01-06 14:25:19,tiketcom
4637efdc-58da-40e6-819f-1c10f7952548,"sial bgt pakai aplikasi ini, rugi besar saran sy mikir dulu klu pesan pada aplikasi ini. kebijakan perusahan bisa berubah 2 secara sepihak. sy pesan hotel dr tgl 31 - 2 aturan main refund 1.sebelum tgl 28 refund tidak dikenai biaya 2. No cek in dikenakan Biaya refund 45 % atau sebesar 1700000 kurang lbh. sehubungan istri sy sakit pada tgl 31 sehingga saya mengajukan Reschedule dan refund. reschedule ditolak oleh hotel dan aturan refund ke 2 itu berdasarkan tim atau apapun itu.",1,2026-01-06 10:28:19,tiketcom
c425e96e-1bf0-46cd-9f4a-716bb0f1d54d,Biasa aja,3,2026-01-05 18:21:28,tiketcom
d806726a-8895-4571-946b-38ca26060e93,bagus banyak diskon nya,5,2026-01-05 16:29:11,tiketcom
bece197c-41a5-44f9-9664-8b61bd59ecc0,ok banget,5,2026-01-05 11:44:04,tiketcom
63cc3695-4695-44c1-b607-517540e1a54d,banyak promonya,5,2026-01-05 10:30:33,tiketcom
51ccb988-b2cb-4f09-b437-c77b6ec0cc28,"mantap puas sekali, beli KAI lewat aplikasi tiket bisa 👍",5,2026-01-05 00:01:22,tiketcom
804540ef-7606-4923-99e5-415026dac09a,"Hati-hati penipuan, saat mau ajukan ansuransi keterlambatan oenerbangan tiba-tiba error. jangan mau masukin ansuransi keterlambatan ya soalnya enggak akan ada ansuransi nya",1,2026-01-04 21:22:54,tiketcom
4496c7a5-796b-4d87-bfc1-77cfd7ee29c2,selalu jadi andalan,5,2026-01-04 20:54:06,tiketcom
9a0195e0-47e3-48ae-896f-8cca1a71ae5a,lama bnget refundnya masuk,2,2026-01-04 19:15:15,tiketcom
399e4725-1c33-48bd-8938-fbec763bd7fc,mantap aplikasinya,5,2026-01-04 16:34:45,tiketcom
9d9ebccd-29c6-4a93-bb04-170e063201aa,refund lempar-lemparan sama pihak hotel,1,2026-01-04 10:51:00,tiketcom
7c8d1abb-349e-4b15-bad9-3e1290dd7d0e,"refund aja Ribet, claim uang kita sendiri Ribett nya minta ampun",1,2026-01-03 17:40:09,tiketcom
8694b939-10ed-47d7-a1d3-c921690a2293,reffund lama bgt,1,2026-01-03 15:40:53,tiketcom
a1bcbf93-a6c7-4052-9eed-437ef8c2d8c7,ok,5,2026-01-03 13:59:16,tiketcom
bbb46c35-39e5-4ce6-965e-a101841adc83,"merugikan pesan hotel disini, hotel tidak kerja sama gak diupdate , mana capek pengen istirahat malah buang buang pulsa telp call center buat ngajuin refund,, perdana make app ini malah kesannya jelek parah. langsung uninstal aplikasi",1,2026-01-03 12:02:46,tiketcom
bf70fcc1-53ce-42a4-9bcb-e9606f5b2fd0,"termurah, puas bangett..",5,2026-01-03 09:31:58,tiketcom
01b9f048-9ed7-457d-9a7a-fd16fcbccf84,Lancar,5,2026-01-03 08:34:08,tiketcom
ca18ecdd-1c97-480a-b2be-dfcba0874866,ok bgt,5,2026-01-03 06:02:58,tiketcom
e36c5db9-95fa-4a2b-b6ae-49574e4a18bf,bagus..membantu untuk pesan hotel dan lain2,5,2026-01-02 19:31:46,tiketcom
938f5fb7-1067-4196-a335-c51ff855a42c,Mantap,5,2026-01-02 16:20:21,tiketcom
4fbe7a04-3f4d-4c5e-b538-9d046e58f579,terbaik pokoknya aplikasi tanpa ribet cepat ngk pernah ada drama lemot. selalu perhatikan update jika terjadi masalah login,5,2026-01-02 10:31:03,tiketcom
f556e911-73ee-498a-87d3-d1201283630b,sippppp,5,2026-01-02 06:58:20,tiketcom
42b8cec1-4268-4c25-85d1-d8e7f0517711,Ribet,1,2026-01-02 04:16:41,tiketcom
b701a271-31d4-4a73-8d96-f8982caa1ad2,baik,5,2026-01-01 19:20:00,tiketcom
c7fd555c-bd71-46d9-a12c-fffe845d20e9,"pesan tiket pesawat, sudah bayar full, tapi statusnya masih menunggu pembayaran, setelah chat lewat WA katanya saya pilih pembayaran DP, logikanya kalo saya pilih pembayaran DP, kenapa nominal yang tertera adalah harga full? disuruh tunggu2 terus sama cs di WA masa sekelas tiket. com systemnya begini?",1,2026-01-01 15:09:14,tiketcom
adc3ddf5-2833-43b9-a29f-bf75b4b1a02c,"JANGAN BOOKING QYTA TRANS DI APLIKASI INI!!! GA ADA NOMER KURSI, DIBATALIN SEPIHAK, CUMA BISA MAKSA REFUND!!! TEAM CS DAN YANG HANDLE VENDOR JUGA GA BERGUNA, CUMA BISA ALASAN PIHAK KETIGA JADI GA BISA MENJAMIN KENDALA SEPERTI PEMBATALAN SEPIHAK!!!! KAPOK BANGET!!!!!",1,2026-01-01 13:40:58,tiketcom
1ba27cdc-7345-4846-ac10-e321aa861a5f,udah download tapi setiap mau cek harga tiket pesawat selalu ga ada izin akses jadi ga bisa di bukaa tolong yahhh...ini gimana niiih jadi bikin bingung,3,2026-01-01 06:55:47,tiketcom
88bd7250-5781-4ee4-83e7-c4062816d847,refund aja ribet pengajuan sana sini duhh,1,2026-01-01 03:52:02,tiketcom
ed702edd-d577-4831-aad9-3eb43cd91cfa,Gajelas selalu akses ditolak kamu ga punya hak untuk mengakses bla bla bla,1,2025-12-31 23:24:31,tiketcom
55ad5106-1b5d-477d-83e1-296c3e542625,banyak di sini tiket yang tidak bisa di reschedule,1,2025-12-31 21:45:47,tiketcom
02951595-cdc0-4cb7-8144-c8ec730b1781,gua beli tiket pesawat untuk 2 orang cgk-bpn untuk 4 januari 2026 15.30 pswt saj harganya lebih mahal 200.000 dari traveloka. nyesal beli disini,1,2025-12-31 21:18:15,tiketcom
f3af2cc4-cf64-4327-a209-6e7be5ae32de,sangat bagus .. recomendet sekali.. pokoknya aman terpercaya dan good job.,5,2025-12-31 16:10:55,tiketcom
f34c6a16-9928-4f68-86a9-8468ed3b62bb,"PERCUMA PAKE APLIKASI INI..CM MAU UBAH NAMA YANG MAU BERANGKAT BLM SAMPAI DI MENU PAYMENT AQ TINGGAL KEBELAKANG BENTAR, SETELAH ITU LANJUT KE MENU PAYMENT LAGI TERNYATA SDH GK BISA AKSES DITOLAK....BENER2 APLIKASI GAK JELAS MENDING AQ UNINSTAL AJA, APLIKASI GAK GUNA",1,2025-12-31 15:04:42,tiketcom
61059463-7395-472b-8206-428daa6c913f,paling murah dan promonya asik,5,2025-12-31 01:18:30,tiketcom
ca8fe84c-19c8-484a-b5cf-eb2c088287eb,mantappp,5,2025-12-31 00:18:01,tiketcom
29dc3676-40ed-4983-bf71-50c27f804fae,knp fitur paylater dinonaktifkan,1,2025-12-30 17:29:52,tiketcom
efd6eef9-6f5e-4caf-b57b-5f14038158b9,Pembatalan sepihak dari pihak Hotel dengan alasan sudah penuh dan proses refund kena cas,2,2025-12-30 15:14:49,tiketcom
8037cfaa-1175-49f5-8e91-5190f20f25f1,tidak bisa login via email dan nomor hp. baik dari aplikasi maupun webnya. bagaimana ini sudah di order bisa padahal tapi login gagal terus!!,1,2025-12-30 12:03:05,tiketcom
a2b5955e-0cc3-4d21-a212-e218eecafae5,tiket lebih murah,5,2025-12-30 10:44:12,tiketcom
b53f32b0-b936-46a9-8697-b994a2063241,putuskan hubungan kerja sama antar platform Seperti Indodana... karena sangat merugikan Customer,1,2025-12-30 10:13:53,tiketcom
9bb81c66-f6c1-425c-8ee2-f2646adf3262,good,5,2025-12-30 07:21:25,tiketcom
fc5c07bd-6372-4ad5-9ed1-424459f02f43,"SUSAH BANGET BUAT REFUND TIKET, APLIKASI GA JELAS CS NYA LAMBAT",5,2025-12-29 22:20:31,tiketcom
074e582f-598f-4755-b3ef-c55ae0e34376,Good,4,2025-12-29 20:21:58,tiketcom
37ca444e-87cb-4428-b5b8-663d195f698d,ok,5,2025-12-29 16:16:44,tiketcom
0e15d92d-5071-4f89-a627-3df504e3af81,ku edit bintang 5 karena perubahannya lumayan bagus,5,2025-12-29 13:54:59,tiketcom
2bb79605-1d3c-4d61-8a1c-782cedaf4cce,susah refund..,1,2025-12-29 13:54:19,tiketcom
9f1ea8d0-5a87-49a2-b24b-950c36a8a952,Solusi Liburan yang mengenangkan Bersenang Senang Dahulu Bayar jadi mudah menyenangkan,5,2025-12-29 13:21:37,tiketcom
6f167e9b-8525-41d8-8e84-a9c71f7b1def,aplikasi jelek dan tidak bermoral,1,2025-12-29 12:06:26,tiketcom
3c8e457f-5006-4965-86da-786a136c89c6,aplikasi eror. tidak bisa digunakan,1,2025-12-29 10:23:47,tiketcom
8bfc280a-f57c-47d0-ba96-7cd973b8991a,"membantu perjalanan keluarga saya aplikasi terpercaya, mudah digunakan, update tiket, aman.",5,2025-12-29 10:16:25,tiketcom
05705456-2f08-4364-a9fc-784a1150ecda,"harga real diaplikasi saat pembayaran, mudah utk booking prosesnya",5,2025-12-29 08:01:08,tiketcom
363016ff-0a29-4b15-a948-9ecbb6564735,ok,5,2025-12-29 03:19:42,tiketcom
84f7224d-f770-4735-84bb-acde93daa4ab,jujur cs nya kurang bisa nenangin konsumen dibanding Traveloka :(,2,2025-12-29 00:23:15,tiketcom
9127411a-570e-4b7e-8a92-95b2eabe6c2f,ok,5,2025-12-28 20:46:03,tiketcom
353d7bc1-f40d-4162-bd08-bd307b552e18,sangat membantu dan banyak PROMONYA,5,2025-12-28 19:40:00,tiketcom
8e754998-5a0e-4ffe-a592-6e64f5846fdb,enak banget dapat cashback...wkwkw,5,2025-12-28 19:21:51,tiketcom
e4020c30-8a20-47b6-8382-5c6d0a0b587a,harga tiket pesawat sudah dinaikkan dulu setelah ada potong diskon pengguna baru percuma hahahahaha masih murah di traveloka tripcom hotel diagoda tanpa menggunakan voucher. kalo giveaway di instagram jgn suka di seting tim2 orang kampung anda. spam komen gugur dan tulisan Refund di tulis Return Gagal yaa min bila ingin dipercaya PUBLIK kota bukan Kampung/awam seperti para tim22 tiket com sangat TAK BISA DIPERCAYA,1,2025-12-28 12:06:41,tiketcom
359ab458-bba4-47b0-9e5a-92875b2bbfed,Mudah,5,2025-12-28 06:17:36,tiketcom
78fb3799-9c03-4632-9832-6fce57f92575,aneh... ngapain masuk ke email yg gak di kita kasih...,1,2025-12-28 04:44:19,tiketcom
55ae2f41-bf28-4b74-a7ce-74db63f5acae,aplikasi gak jelas,1,2025-12-27 23:09:56,tiketcom
be03eaaf-0c90-4435-8bff-d0f481ab7fd2,sangat membantu dan mudah di gunakan.. trima kasih,5,2025-12-27 15:19:41,tiketcom
c16a1970-036b-469c-b15d-251ce99af17a,good,5,2025-12-27 15:06:14,tiketcom
ded3937b-0918-439a-9b56-5c2330b213d7,"aplikasi dengan update kamar yang tidak real-time. saya telah melakukan pesanan kamar, pesanan kamar saya dibatalkan secara sepihak dan saldo direfund secara sepihak ke bliblipay. sehingga merugikan secara materil dan non materil. sekelas aplikasi besar, update kamar hotel tidak realtime?",1,2025-12-27 11:25:37,tiketcom
f4a842a7-425d-4581-bf27-56733b002e74,"Klik harga tiket muncul notifikasi Akses ditolak, "" kamu nggak punya izin untuk akses halaman ini"", dengan kata lain silahkan beli tiket di aplikasi lain,",1,2025-12-27 11:13:22,tiketcom
c751fc76-2aa3-46dc-b18e-b1cfb4ee6875,ini Aplikasi Refund nya gak masuk masuk rekening Refund juga susah,1,2025-12-27 10:52:16,tiketcom
6cab3cad-5e1b-45f4-a7e3-fa42d434873c,sangat mudah dan praktis,5,2025-12-27 09:05:49,tiketcom
cd6b4cd8-0815-4fcf-b0c6-f2ace800a44e,"aplikasinya bagus dan sangat membantu, saran aj min kl pembatalan tiket dipotong sekian persen wajar, tapi jangan sampai stengah tolong dievaluasi",4,2025-12-27 07:32:25,tiketcom
f350e553-1133-4526-80bb-9def972e548e,ok,5,2025-12-27 06:13:33,tiketcom
49bb066f-35a3-4756-a5cb-e1b446058aa7,banyakin promo dan refund donk min,4,2025-12-26 12:46:24,tiketcom
30f803b9-9dcb-42eb-810f-e64e14e34e58,"gajelas, masa saya reschedule tiket bisa berkali"" lipat padahal waktu Masi ada 2 Minggu lagi, GILa wehh, mana temen saya yg pake apk sebelah cuma 350 ribu kenapa saya dsni 1 orang bisa kena 1,3 cuma buat reschedule gilaa mahal bgt",1,2025-12-26 01:12:49,tiketcom
d71ff467-928a-493c-87b3-37e040654acd,aplikasi mulai tidak jelas. saya pesan hotel udah satu minggu sebelum nya. terus waktu udah tiba malah ke refund sendiri dari aplikasinya. terus uwang nya nggak ada penjelasan sama sekali. cuman kata maaf dari chat aplikasi,1,2025-12-25 22:14:11,tiketcom
cee18a67-c249-42ea-9a06-bbbb6807496f,mantul,5,2025-12-25 20:00:30,tiketcom
19d0f69f-c85a-4b60-9eeb-89a17b6170ac,baik banget,5,2025-12-25 15:59:10,tiketcom
5a36b583-21e5-477e-9f90-bfc8493744d3,bagus banget lah pelayanan ok banget,5,2025-12-25 13:01:46,tiketcom
2a397688-c2e9-4319-bd01-56177de44f10,"cepat, akurat dn bersaing harga",5,2025-12-25 06:45:51,tiketcom
b1fc6708-affa-4182-ac5c-63610f4579bc,keren,5,2025-12-25 05:15:38,tiketcom
26afc457-ee07-4593-b1e4-5c9896589dec,good,5,2025-12-25 04:25:31,tiketcom
ac07bc06-88b2-48db-bb95-04c9692c9540,sangat membantu saat tak terduga,5,2025-12-24 22:01:51,tiketcom
7166fa3e-7852-4e52-9777-e46edadfbf51,awesome,5,2025-12-24 17:42:41,tiketcom
6b6a4dfe-0639-4950-b442-93aeb6bfd7b2,okeeeeeee,5,2025-12-24 15:55:05,tiketcom
63aac5a7-8e7c-463d-bb10-4b536d9e1143,tiket bagus sesuai keinginan,5,2025-12-24 15:17:01,tiketcom
dec8a406-95b5-4587-be39-82bccaea79e9,ini aplikasi gimana mau cek jadwal pesawat selalu akses ditolak padahal saya tidak menggunakan hal yg aneh aneh,4,2025-12-24 13:27:53,tiketcom
ad235c52-5ade-4189-89c7-9cf8b50c645f,TOP,5,2025-12-24 02:53:25,tiketcom
c23e58d3-a4e1-4d01-8e3c-896b6536a2fe,sangat bagus,5,2025-12-24 00:29:32,tiketcom
3634c521-9cd3-45e6-82f5-7cff961ef463,murah beneran euy,5,2025-12-23 19:09:04,tiketcom
3a136cf7-d2ba-4baa-b6c8-cf9530b9e80d,"pesan villa, waktu milih tanggal sesuai Dengan jadwal tetapi setelah pembayaran tanggalnya berubah. pilih2 lagi ternyata tanggalnya juga berubah sendiri padahal kita sudah milih sesuai jadwal kita. kecewa saya uang saya gak bisa kembali dan reschedule juga Tidak bisa. Saya juga belum bisa ambil uang reschedule untuk pemesanan sebelumnya",2,2025-12-23 13:27:06,tiketcom
10af2f61-70c9-4b3b-8f66-cbc9259f9ea3,ok,5,2025-12-23 11:40:40,tiketcom
f0421cda-0728-4913-981a-ddaf31e0ae77,aplikasi yg mudah digunakan dan bermanfaat,5,2025-12-23 08:24:59,tiketcom
ba5541e7-5195-4161-9b9c-afa9d5d66dbe,top,5,2025-12-22 21:57:28,tiketcom
71a862e3-49dd-4c18-84e1-450cfc72510d,terlalu ribet,1,2025-12-22 08:39:10,tiketcom
6462e051-607d-4028-ad2f-5a0e98ab33f6,Hapus kebijakan pembayaran DP yang tanpa konfirmasi sebelum pembayaran kalau dp hangus jika telat pembayaran tenor ke-2. Mending pesan di apk sebelah yang lebih bisa terpercaya,1,2025-12-21 19:20:27,tiketcom
862cbb4f-dcef-440c-b7de-06ea54a6d167,oke,5,2025-12-21 14:17:06,tiketcom
9b66d877-5e4a-4669-80d8-957ba7efb4a5,"terlalu sering update semakin erroor,masak tiket di cek masih ada banyak kursi belum 1detik habis terjual....nipunya paraah banget",2,2025-12-21 09:21:35,tiketcom
558cf183-9041-47c9-8cd9-26668a7f5f7f,bagus,5,2025-12-21 00:35:28,tiketcom
21de077b-5b9f-438f-8a10-82a9378f1dac,jadwal penerbangan yang tiketnya sudah habis tidak usah dipajang lagi kesannya memberi harapan sama orang yang butuh tiket padahal sudah kosong,1,2025-12-20 23:33:24,tiketcom
462eb9c8-7ccc-4757-a774-f89bda2b1c1b,"pelayananburuk, proses penarikan dana lama, mending pakai app sebelah lebih worth it.",1,2025-12-20 22:31:37,tiketcom
ab13fe03-4202-4d35-ab37-bf6febea6d4b,mantap,5,2025-12-20 20:27:18,tiketcom
51521969-4e4a-4bf9-91eb-452b229eacb7,tiket. com bagus simple harga affordable,5,2025-12-20 16:57:18,tiketcom
42c9f9f5-6d0e-4ced-8b3f-640c76c25fcb,"sejak gabung dengan Blibli jadi agak susah untuk login ulang, otp berkali2 dikirim ttp tidak berhasil. lebih enak pake applikasi tiket yang sebelumnya. akhirnya saya memilih pake platform lain aja",1,2025-12-20 15:13:58,tiketcom
79c5724d-8933-4642-aa71-2f216c946d5d,aplikasi ny Bagus,5,2025-12-20 10:57:14,tiketcom
231c0171-d47a-4f85-a529-f79680ff330e,good,5,2025-12-20 10:39:05,tiketcom
b49bf385-f456-4d6a-a28f-8446a05d0adb,banyakin diskonnya 😄,5,2025-12-20 10:06:18,tiketcom
58564c9e-5e4b-4e61-9654-10746be2a3f0,harga tiket skrg mahal beda jauh sama tetangga kek agoda n traveloka jujur saja.. n claim jg ribet garansi harga termurah dll hanya iklan doankk jdi kecewa pakek tiket..,1,2025-12-20 07:56:29,tiketcom
d52ca9f7-02ae-4dca-8b4b-c9988db7ae22,sudah baik,5,2025-12-19 18:47:39,tiketcom
6ba069d5-d436-4e2a-8cbf-2abc3714a337,bukan nya bantu malah mempersulit pelanggan. percuma hubungi agentnya. cuma bales pakai pesan otomatis. pelayanannya mengecewakan. uninstall. ganti aplikasi.,1,2025-12-19 18:43:58,tiketcom
b5c3fb0b-a2f4-4a88-93de-c971abfc3ca6,sejak sm bli bli login ribet,1,2025-12-19 18:37:53,tiketcom
88be9d10-65ce-4715-992d-ee8d8e913a3c,"banyak penipu d apk ini, tolong benahi !!!!",1,2025-12-19 02:46:02,tiketcom
e64dba81-826d-432c-a3c8-cd9b014141df,oke,4,2025-12-18 05:13:40,tiketcom
ba8615ba-0aa9-46f3-866e-b213313282b3,good,5,2025-12-17 20:23:08,tiketcom
22af8bd8-b997-4b3a-ac35-b6d4ddb842a9,"gak ada solusi, untuk konsumen, silakan tanya ke customer service nya sudah panjang lebar dan gak ada solusi bagi konsumen",1,2025-12-17 19:16:42,tiketcom
acbd2a79-615c-4653-9b3d-13891798cd7b,top,5,2025-12-17 16:19:56,tiketcom
a2e78f44-bf97-45a6-b988-bd810c42901e,transaksi hotel suka kepotong 2x saldonya,3,2025-12-17 11:41:55,tiketcom
e77be9d3-a5b6-470f-b2ec-026af6fa3315,👍,5,2025-12-17 09:38:26,tiketcom
b9aa96a6-3867-4c2f-86e0-a0d83cc7bbf8,OK,5,2025-12-16 19:44:03,tiketcom
bfc61486-93cc-4300-b3de-7b0ebc864374,aplikasi sangat membantu,5,2025-12-16 15:46:39,tiketcom
c149ffcb-c0f4-4ebd-b688-034aa8e2b6d5,saya tidak diberikan izin untuk mengecek tiket pesawat secara berkala,1,2025-12-16 15:27:43,tiketcom
852415b2-1114-4b4f-a303-e09bf1f630c5,bagus,5,2025-12-16 13:00:56,tiketcom
b1cf8af5-d3c3-49c0-86db-f3148d1d2961,bagus,5,2025-12-15 21:28:31,tiketcom
22f51893-16d7-44e7-9bee-b482b97533bd,"harga bersaing, aplikasi mudah digunakan",5,2025-12-15 19:20:28,tiketcom
5fe340cf-1649-4e47-8af1-5c4d7b0560a3,recommended..,5,2025-12-15 16:35:47,tiketcom
68070e2f-e19d-46d8-8bfb-b9596759b658,"terpercaya, mudah digunakan ,akomodasi lengkap",5,2025-12-15 13:29:37,tiketcom
73110481-af98-446f-b6b4-b3b0464dbea0,top markotop,5,2025-12-14 17:26:34,tiketcom
bb19a0cd-8b6f-4984-9c03-6b52ae1a0485,bagus,5,2025-12-14 16:21:01,tiketcom
caecf14e-4e91-4a8c-83b3-a4fff8214a83,"udah milih di tgl 14-15 Des, ehh tapi setelah di bayar tiba2 tgl nya jadi 01-02 feb 2026, ini maksudnya apa??? kok tiba2 ubah tgl sendiri, mana enggak ada konfirmasi lagi",1,2025-12-14 11:51:57,tiketcom
f64eb55b-7fc0-49bf-ac2d-15a9241ae792,Keren transaksinya mudah bgt dan byk diskon,5,2025-12-14 09:44:21,tiketcom
164899f1-746e-4e66-9e2b-a948366cf33e,"ok banget, sangat membantu",5,2025-12-14 09:08:50,tiketcom
d1683970-ee90-4d80-8d2c-4b5955704e5c,bagus,5,2025-12-14 01:12:37,tiketcom
a4a5af20-4d0c-43e7-bd78-a34bf9bb8d6b,"SERING PESAN HOTEL DI APK READY PAS DILOKASI FULL, UANG SELALU TIDAK KEMBALI",1,2025-12-13 23:19:36,tiketcom
c59371ba-9d5f-4734-8adb-8bf06edf25f3,ribet daftar nya,1,2025-12-13 21:17:46,tiketcom
97cbc130-38a5-4f64-a879-4f3eaabcc1b5,ok,5,2025-12-13 18:37:32,tiketcom
75e2d56a-01dc-41a2-bc7e-392e50ef1222,oke,5,2025-12-13 17:03:24,tiketcom
79630246-ba58-4624-8d6d-2977c4614583,ok,4,2025-12-13 14:46:42,tiketcom
800f89fe-1530-40f6-831a-9fd41abd4d64,bagus dan memuaskan,5,2025-12-13 11:52:39,tiketcom
c0cb0587-38b8-4005-a0e1-a79b1a652dab,okok,5,2025-12-13 10:16:02,tiketcom
94dfc056-2e15-4362-9e9d-11798904a44c,baru dicoba semoga bisa membantu,5,2025-12-13 01:49:04,tiketcom
1bf0efbd-9e08-4031-bbd5-93a7f5535d82,Pengajuan refund terlalu ribet,1,2025-12-12 22:54:49,tiketcom
a4b72746-c810-42ef-aaa0-bcd349dc70f4,lemot,4,2025-12-12 17:05:12,tiketcom
cc26608a-ad1c-4a40-968d-b077f00e1f8e,sangat sangat jelek jangan pernah pakai aplikasi ini lagi yeman teman,1,2025-12-12 14:26:39,tiketcom
fc73e1c2-1c8a-4ba6-85cb-8651b45306b4,bagus responnya,5,2025-12-12 10:32:23,tiketcom
935afd96-1b56-42c8-bc94-23d3464f7750,Mudah digunakan dan banyak promo menarik,5,2025-12-12 09:57:51,tiketcom
21d5ad1c-bb2c-48e0-835e-217dd91e105c,"mantaap, admin responsif",4,2025-12-11 09:25:15,tiketcom
2a895351-7363-46cd-a54b-0d812c418ee0,"kesel banget gua,susah banget buat loginnya ribet harus ke web ga langsung dari aplikasinya",1,2025-12-11 09:11:41,tiketcom
59a744ec-36b5-4d1b-8e1d-2df510347884,Alhamdulillah membantu,5,2025-12-11 07:53:16,tiketcom
aeca5e10-5a88-40c2-89e6-1a0ac9134e04,keren pokoknya,5,2025-12-11 07:18:52,tiketcom
17789058-07ce-4809-b83e-ef5c05f34134,"ga jelas udh ngasih lokasi keberangkatan malah ga muncul lokasinya, kocak",1,2025-12-10 14:25:37,tiketcom
e6978092-6af3-4796-b404-75ffcfde412c,sangat baik,5,2025-12-10 10:09:46,tiketcom
defc8f13-59bc-4ea3-841b-aad55c0bcb03,selalu ok,5,2025-12-10 08:27:53,tiketcom
dedd966e-5e00-4a36-9b71-9d885b47bf12,oke lahhh pokoke,4,2025-12-09 23:32:30,tiketcom
ab6172a2-b1cc-47f8-a41c-7264728e4da4,"edit ulasan, akhir2 ini ko sering error ya, pesen tiket pesawat travel ga bisa, pesen travel udah bayar taunya gagal, ko jadi kacau si aplikasinya",1,2025-12-09 21:45:13,tiketcom
672661dc-8da0-498a-8fc6-04cbcf129b56,mantep,5,2025-12-09 21:40:41,tiketcom
5d61fe63-46eb-40ae-bea9-2b7de94768e8,hrs ttp amanah untuk rakyat,5,2025-12-09 19:03:56,tiketcom
97f42800-fe83-451d-a717-aba8d46e368d,good,5,2025-12-09 17:15:18,tiketcom
3d76f79c-e0d9-4c8e-b4f6-f7060903262a,"parah udah boking dibatalin sepihak,uang udah masuk hilang,terus kalau udah hilang mau komplain kemana ,ga bisa apa2 kita 'penipu'",1,2025-12-09 14:51:25,tiketcom
1128193a-c02c-4f07-a86a-6568b82dd6b3,boleh ngk harga tiket turun Dikit,5,2025-12-09 13:50:30,tiketcom
7d928aba-3311-42e2-8532-e41f47d5b2b4,mantap,5,2025-12-08 18:05:17,tiketcom
71d27f65-1647-4be6-8418-c18733bc454f,mantap sekali,5,2025-12-08 17:40:42,tiketcom
f33ab15c-2bf9-4f8a-8117-73e4e86d24ad,mantap,5,2025-12-07 17:44:24,tiketcom
cf5416e8-372e-4c8a-bad0-7bee563dc1d8,suka,5,2025-12-07 17:14:02,tiketcom
547ccb52-c10c-4206-b0ee-83c62b997e88,Harga hotel gk jelas aku booxing hotel 409.000 rb pas sya udah booxing tiba² harga nya jdi 250 trus kamar yang di kasih tidak sesuai sma yang sya pesan di aplikasi,1,2025-12-07 16:39:10,tiketcom
7ab05416-5273-4e90-b1dc-375c5ec7b567,sdh 2x ini pakai tiket. com dan sangat kecewa,1,2025-12-07 13:51:10,tiketcom
6ecf3d7f-4fcd-424e-b87f-1d39d54f9f70,kecewa. tapi tanggung jawab. hebat,5,2025-12-07 11:26:05,tiketcom
fe4c1cfd-c40c-4352-8035-8aa274d1943b,apk yg sngt bermanfaat tuk fasilitasi kegiatan sy di luar kota,5,2025-12-07 10:24:26,tiketcom
9a843944-0966-41f4-8bde-e43dc42661bd,sering berubah jadwal sendiri,1,2025-12-07 07:45:11,tiketcom
07e661b5-b829-4223-aae5-8f2c9da3abbc,mantap,5,2025-12-07 00:04:26,tiketcom
24b3259d-4a03-4769-a4d1-74a4a01f41e2,sangat membantu,5,2025-12-06 22:03:33,tiketcom
9e89a01a-fd0b-4c6c-ac3c-505f09841d93,TERMURAH DI BANDING APLIKASI LAIN KARNA DISKONNYA BESAR DAN BANYAK.. MUDAH DI GUNAKAN DAN BANYAK PILIHAN PEMBAYARAN DAN PRODUKNYA 👍,5,2025-12-06 20:51:16,tiketcom
e309c6a2-472f-4629-a226-c4b961a5fd15,kalau kau mau bintang full lagi hapus iklan mu di setiap video yg ku tonton,1,2025-12-06 20:08:51,tiketcom
7e5e4481-47b5-438d-8253-7819ee6b4507,mudah dan simple cara pakek nya,5,2025-12-06 07:11:27,tiketcom
678e94ea-9447-4a67-973c-cd1e9e008f9f,"pemesanan mudah, refund cepat. tp setelah d update jadi loading dan sering eror nyaa",3,2025-12-05 15:53:24,tiketcom
83b28c9e-e55c-4148-b75c-f04123ae2308,Bagus,5,2025-12-05 11:34:48,tiketcom
c51d2152-69f8-43ac-82f0-e391a230f62d,nice,5,2025-12-05 11:03:27,tiketcom
28c680f1-5628-4f31-bfde-7ddfb305cc3f,good,5,2025-12-04 20:32:51,tiketcom
8c075243-34e8-4539-8eca-95bd5ff7ef5b,tiket mahal,1,2025-12-04 13:27:55,tiketcom
957c6593-f222-4032-8f87-cac62831a41f,bagus,5,2025-12-04 07:00:19,tiketcom
a9d77c2f-7666-42fb-afec-134031ae56d5,Pelayanan custemer service yang sangat cepat dan responsive. Saya sangat mengapresiasi hal tersebut ☺️💯,5,2025-12-03 23:24:20,tiketcom
31f8cda7-74b6-4d86-9ba5-9ab70a0f67a1,mudah aplikasi nya,5,2025-12-03 23:15:08,tiketcom
18389a02-36dc-4b74-af9f-f1468b00dcec,"sudah buat laporan berkali"" tetep dana tidak balik, suruh nunggu terus.... apk penipuan!!!",1,2025-12-03 22:12:30,tiketcom
47656b0b-7c3a-473b-bd9f-c8590855d807,good price,5,2025-12-03 21:36:57,tiketcom
046883d1-4028-4f6e-9726-dc966810dbd3,terlalu sering/banyak muncul pemberitahuan promosi dari aplikasi.,1,2025-12-03 17:21:29,tiketcom
1ec1010f-5d81-40d6-b17b-73f49fb7a29e,mantep tiketcom,5,2025-12-03 17:05:13,tiketcom
0d26e4de-6ba2-4846-8c5d-f05b4fb94661,cepat & efisien,5,2025-12-02 23:47:41,tiketcom
d6338764-f0a1-445b-837f-5160f30513d1,"Terpercaya, bisa di andalkan",5,2025-12-02 14:41:25,tiketcom
2949d06e-6018-4d68-81b5-2efc2aec257c,mantap sangat membantu,5,2025-12-02 11:26:33,tiketcom
73d62b5d-289f-40f5-993a-d209396ee34e,Sanga baik,5,2025-12-02 11:00:14,tiketcom
d4069e67-3edd-4b6b-b706-c1a6e4ab9b90,Tidak ada fasilitas booking multicity,4,2025-12-02 10:18:15,tiketcom
39e2dd40-7f24-4653-941d-08b2ab45c720,"hati2 dengan aplikasi ini, ketika kita gagal cekin hotel, prosedur refund sangat susah, dan rekomendasi hotel juga tidak sesuai.",1,2025-12-02 09:15:08,tiketcom
ca2c4eee-51ee-4b0e-b566-982cef03b3d0,blm lengkap blm ada tiket bioskop,4,2025-12-02 07:24:11,tiketcom
ea8d20aa-d7dc-423f-a8e7-4d112a2603c3,moi,5,2025-12-01 12:15:32,tiketcom
b5171975-5be5-41f4-a490-55c7a1455d36,Ok,5,2025-12-01 09:39:25,tiketcom
f90cb310-ea08-4bd3-816e-2d6645b03ecb,"lagi buru buru malah pesenan bus saya dibatalin karna kesalahan sistem, refund lama, sayang yang lagi buru buru malah dibikin susah gajelas",1,2025-12-01 02:42:15,tiketcom
ce83b6e5-151d-49cc-a21e-4f140628f304,fleksibilitas sangat ok,5,2025-12-01 00:14:25,tiketcom
31db0100-2416-46f8-a698-751edd70f770,sangat membantu,5,2025-11-30 17:39:05,tiketcom
e54d673e-714c-4c7a-815e-8c638e518755,bagus,5,2025-11-30 17:04:26,tiketcom
ce7a2224-aa27-4e41-9796-b52b45bb0389,"baru coba, belum tau bagus apa tdk",5,2025-11-30 10:01:49,tiketcom
dfcceb12-2019-4140-a044-c04172027d5a,"pesen tgl 29,masuk tgl 30.padahal udah makesure banget.check buat tgl 29. sampe hotel penuh tanpa,lalu ga bisa refund. tgl otomatis di over buat besoknya. merasa kejebak",2,2025-11-30 09:40:30,tiketcom
7c94f337-6aec-4d9b-b8d4-b5f5ef99ffe2,"biasanya beli tiket peswat lewat aplikasi ini, tapi bulan ini beberapa kali coba pesan tidak bisa karena diminta masukan tanggal lahir tapi feature pilih tahun tidak berfungsi, akhirnya beralih deh cari alternatif ke aplikasi lain",1,2025-11-30 08:11:26,tiketcom
1a135b70-774f-46a6-bfb0-250fd34ccad9,"sudah pesan jauh2 hari, saat mau check-in baru tau klo pesanannya di cancel. al hasil pesan on the spot yang harganya lebih mahal. kondisi malam baru sampai cape, malah ribet",1,2025-11-30 08:10:54,tiketcom
a155ca6d-7aac-4dfd-84cc-264708bf94ef,tidak bisa refund ataupun reshedule tanggal.,1,2025-11-30 06:25:37,tiketcom
12684ff2-9a33-4c9a-b5a0-f709cd65c92b,ok,5,2025-11-30 02:43:54,tiketcom
25eddc04-a55a-4e84-b586-b4060736cccc,akurat dan murah,5,2025-11-29 21:18:53,tiketcom
8c9c4a3b-bafc-487c-bbbb-60f0561bfd39,aplikasi udh bagus mudah di pakai... banyakin lagi min promo2 nya khususnya tiket kereta api/hotelnya,5,2025-11-29 18:05:52,tiketcom
36e612cd-4c61-4ac0-bf3f-4a59f7bcd1d1,by mantap,5,2025-11-29 10:22:10,tiketcom
ea7cc482-4a70-428f-a734-c1b452a9bb59,"hapus aja permintaan khusus cek in awal waktu, nggak berfungsi dan berguna juga",1,2025-11-29 09:32:24,tiketcom
ae3fe7a1-60b3-46e5-a9fd-6bdf65d13213,PENIPUUU LANGSUNG DI REFUNDD,1,2025-11-28 19:58:35,tiketcom
855aca65-b4fd-4617-af5f-bcb5a59961bb,sangat berguna sekali,5,2025-11-28 16:07:42,tiketcom
7bda16b3-cc36-4bd9-809b-69b69e845192,tidak yakin tiket di jaman sekarang mana dapat murah PP malasya bayar sejta,1,2025-11-27 18:29:09,tiketcom
c9bf6a05-5010-4c70-9107-1fbf17c56f10,keren sangat membantu,5,2025-11-26 20:54:19,tiketcom
e39bdc3d-2818-449c-8751-423430bf5253,ternyata aplikasi ini menyediakan hotel juga,5,2025-11-26 15:28:57,tiketcom
b4a2198a-8612-4bba-8bee-00fe30b496b5,keren!,5,2025-11-25 22:51:23,tiketcom
6c3104cb-1638-4939-9ffd-fe51992db737,sangat rekomendasi nih akun👍,5,2025-11-25 15:15:03,tiketcom
8d9382a8-b614-419e-89e7-f151ff9ebadf,baik aplikasinya,4,2025-11-25 03:13:53,tiketcom
fecfaf66-c6cc-432d-85a3-3d3033144bcf,sangatemuaskan,5,2025-11-24 21:49:07,tiketcom
90f20c6e-af71-4c7b-bd29-db214fbfbd5d,good,5,2025-11-24 20:29:15,tiketcom
bd42877b-042f-4e39-9ddc-17ff79b72c0a,"tidak dapat dipercaya, biar bintang yang berbicara",1,2025-11-24 14:07:16,tiketcom
80783256-416d-47f5-a799-cef63097abeb,kalou bisa di aplikasi tiket com bisa nyimpen keuangan deposit untuk membayar ongkos nyicil selain payliter karena banyak pekerja kuli rantau yang membutuhkan cicilan ongkos nanti Saya naikin kalau sudah ada bintang 5 nya,2,2025-11-24 12:50:03,tiketcom
a7ba73c8-8809-4afc-99d9-9f3ee6e66af3,biaya layanan terlalu mahal,1,2025-11-24 07:59:02,tiketcom
27eaa717-939c-4b7c-94d9-802a08d8746d,easy to pay,5,2025-11-23 15:45:33,tiketcom
8e3bb8e0-9b44-46ae-9ec7-d92a91deb4f7,nice good,5,2025-11-23 13:52:21,tiketcom
d703ed6f-23fb-4b76-8adf-bc7a943a79af,oke,5,2025-11-23 07:08:36,tiketcom
d370d3da-1630-442e-a28b-541e1f68754a,mudah dan cepat klu bisa biaya pemesanan jgn terlalu mahal,5,2025-11-22 16:01:10,tiketcom
429b61ec-2519-4907-b3e4-a6b7f5362239,memudahkan dan bermanfaat,5,2025-11-22 13:23:12,tiketcom
35c7c854-1e0f-4434-96ba-81045d53668f,bagus,5,2025-11-22 11:23:53,tiketcom
be0e274f-0f58-48d1-83df-b92468b3bf2a,susah login,1,2025-11-22 06:22:57,tiketcom
0845e897-b8b5-4c18-ae99-47902631b6f2,Pengajuan refund lama bet udah seminggu lebih belum juga terkonfirmasi.. beda sama lapak sebelah temen ku 5 hari aja udah balik duitnya..,2,2025-11-22 05:42:41,tiketcom
c47df58d-f51d-4e3e-b549-b5a9d7aaf170,"user friendly, mudah, praktis, efisien",5,2025-11-21 16:33:03,tiketcom
9f1ae667-612e-4570-8033-ada89d13ab29,ok,4,2025-11-21 16:01:02,tiketcom
efb950f2-1fd3-4a0f-99ac-5db9a6c0b0fe,Promonya Sering Nge-PRANK🤪,3,2025-11-21 13:55:27,tiketcom
69baecaf-e1a2-4afc-850e-1483f706eb31,bisa gak sih cara loginnya gak usah di persusah ribet bngt dah,1,2025-11-21 10:43:31,tiketcom
a9498e24-fdc2-4383-952b-70d6c770875a,"susah log in, loading terus akhirnya ga bisa masuk ke menu log in akun",1,2025-11-20 16:59:03,tiketcom
acfb0931-870b-413c-a208-1dae33f165a3,"promonya menjebak, kalau bisa bayar cash aj tidak usah pakai paylater telat 1 hari sudah dibayar denda dan tagihan ga taunya tenorny ditambh 1 bulan dari 3 bulan menjadi 4 bulan. cuman dapat potonga ga smpai 100rb malah bayar full tenor berikutnya.",1,2025-11-20 14:59:24,tiketcom
e5433c5c-ce5e-416b-af8f-4eea9cc2332e,aplikasi nya gampang dan lumayan murah harga,5,2025-11-20 08:36:34,tiketcom
b7eff247-7e50-4916-9f77-48899230c289,"tidak bisa login, nge freeze. padahal internet lancar.",3,2025-11-20 00:08:39,tiketcom
69474757-b091-425f-a8fc-e7d514e08e70,"tidak memberi kan informasi yg jelas terkait harga tiket, syaa beli tiket pp dari palu ke gto tpi pas di invoice di tulis total doang, pas minta detail harga tiketnya (harga tiket brgkt brpa, pulang brpa) malah dikaish estimasi harga skrang yg jauh beda APLIKASI ANEH TIDAK REKOMEN sudah hub cs juga tidak ad solusi",1,2025-11-19 19:46:16,tiketcom
9359310d-b98b-4ba5-a447-7c6b475513ba,"sudah tidak bisa di percaya lagi menggunakan aplikasi ini, awal bagus memudahkan ketika darurat, sekarang malah di tangguhkan PLnya.",1,2025-11-19 18:58:50,tiketcom
a249bcb8-c923-42ac-9992-2ad21f8447e8,pengembalian dananya ribet.,1,2025-11-19 16:47:20,tiketcom
ce37d116-c0fa-4c49-8f6e-c665039ffdca,sangat memudahkan dan respon cepat....mantap,5,2025-11-19 11:25:49,tiketcom
0191f8a1-7ab3-4024-947e-01bd6a3251cb,"ribet pakainya, mau buat akun baru aja susahh, ribett yammpun",1,2025-11-19 10:03:04,tiketcom
8500917e-36a9-423f-a5d5-693ff22e1e9f,nice,5,2025-11-19 09:24:41,tiketcom
1a90be54-35f3-4928-b576-2c8abf240f26,Mantep,5,2025-11-19 08:24:30,tiketcom
114ba64b-8080-4ca3-a80f-03afb9e905c6,Goodd,4,2025-11-18 06:24:01,tiketcom
d5f5982b-f9a2-40e3-8abc-0083b7295bcc,kk ok,5,2025-11-18 02:26:35,tiketcom
db696933-9883-4082-8e96-6776493c0bce,aplikasi sampah mau reschedule aja ga bisa di persulit,1,2025-11-17 14:11:04,tiketcom
db17ed46-6ae9-402a-a5e0-d8189543b437,ok,5,2025-11-17 12:34:57,tiketcom
c4d6e45a-f915-4956-aa8e-8e0208d5b7e6,mantap sangat membantu,5,2025-11-17 12:24:07,tiketcom
50b152b4-d082-4853-a0e2-e4eab602f1af,thank mme permudahkan perjalanan me,5,2025-11-17 05:31:09,tiketcom
96ee693c-017a-441b-9d2b-bdaefb77e96b,mantap banget,5,2025-11-17 04:39:02,tiketcom
0ee9cd57-5ba2-4222-a168-87929d86f6df,bagus,5,2025-11-17 03:47:32,tiketcom
d6975ed7-5ad9-4a4d-8765-842b81a34317,keren,5,2025-11-16 18:05:57,tiketcom
c8f90822-265e-4169-95d2-2394b8aa046e,"pemesanan tiket 3 jam sebelum keberangkatan, masih tersisa satu kursi kosong, saat sudah melalukan pembayaran dan saldo saya terpotong 233.000, pembayaran tidak terkonfirmasi. saat saya minta bantuan ke call center dikonfirmasi bahwa uang tidak masuk ke rekening mereka, dan hanya memberi permohonan maaf yang tidak jelas, costommer diminta menunggu 3 hari kerja. tolong diperbaiki manajemennya dan kecepat tanggapan terhadap problem2 luar biasa seperti itu.",1,2025-11-16 14:18:16,tiketcom
fd537f27-af79-4c17-b180-843cf5a93ae9,sangat membantu dalam pembelian tiket,5,2025-11-16 11:22:14,tiketcom
8a6dfd7c-1d9f-4864-a299-f3482c9ce69e,sangat baik.,5,2025-11-15 21:52:41,tiketcom
28eefa9c-96af-413d-bf62-e563f3453151,baik digunakan,5,2025-11-15 19:44:07,tiketcom
978e1d87-458a-4c75-8cfd-c70f88ff4d0c,jelek aku gak bisa beli tiket,1,2025-11-15 14:47:06,tiketcom
2a9e58c6-6d32-4766-887d-3c210603888a,Good Apk 👍🏽👏🏽,5,2025-11-15 01:53:34,tiketcom
d2e40224-a9a0-49de-9fbe-03bf3c58e986,"sekarang setiap buka aplikasi harus ada verifikasi robot atau manusia ya? jadi ribet, kadang suka stuck, loadingnya lama banget. jadi susah mau beli tiket",1,2025-11-14 19:59:49,tiketcom
4c610d29-d3b8-41e5-b351-6ae5e8bab095,ok,5,2025-11-14 07:44:18,tiketcom
e7ba63d5-4aef-40e1-b7ec-8b8ce1726337,"cukup puas sama aplikasinya.. cepat klu ada refund, bnyk promo jg.. smga kita bisa jd agen jg utk tiket pesawat biar dpt hrg murce. udh langganan bgt disini.",5,2025-11-14 07:37:57,tiketcom
45fc070d-7ccd-4c16-a689-4751e58cd1eb,sangat membantu,5,2025-11-12 20:20:12,tiketcom
23a8c9ae-c47f-4fac-8bfc-06caf04be682,Mantp gampang dan banyak diskon,5,2025-11-12 17:30:17,tiketcom
56a00f83-8783-42bf-9f4e-b971e9e3b5b7,mempermudah cari jenis tiket,5,2025-11-12 14:08:37,tiketcom
8c3eaa2c-1f49-42fe-83f1-dc758a0d3a5a,Banyakin promonya kakak,5,2025-11-12 10:00:04,tiketcom
e2221e8a-ff83-46a1-a198-c3d60c52f9dd,mantap....mumet dan mudah,5,2025-11-11 13:12:26,tiketcom
7d9df27b-c7b9-427d-a0de-a9a9075cc11f,memudahkan pesan tiket,5,2025-11-10 23:43:57,tiketcom
c2c64c1e-1128-444d-96e1-0b27a61a19ea,mantap,5,2025-11-10 22:50:53,tiketcom
0c623dc1-e975-461c-b0cc-a7c4dd8f755b,selalu bayar,5,2025-11-10 15:16:13,tiketcom
15676cf0-4fe0-4313-bdd7-c2d0f0f60d0a,"saya sudah uninstall aplikasi ini, sebab harga jauh lebih murah di traveloka, padahal saya pengguna biasa, saya kecewa",1,2025-11-10 01:11:55,tiketcom
fced2434-622a-41ce-ba86-a606996c5642,beli tiket travel malah di bayar ga di proses uang juga nyangkut,1,2025-11-09 18:32:56,tiketcom
5731fdfa-18c1-4be2-829f-af49f04cddbd,mantap,5,2025-11-09 12:32:11,tiketcom
8a2536e0-d633-4200-b251-91fa2a54e326,mammmmamiiaaa.. joseee bingittzz,5,2025-11-09 10:24:44,tiketcom
b93d7a14-380a-4e16-aa73-9831b3c1ef86,ribet harus log in blibli pulak,1,2025-11-08 12:05:50,tiketcom
7c9a8fde-217c-4707-a044-f79b43e2db31,dmn dpt cetakan tiketnya,5,2025-11-08 08:50:02,tiketcom
5f2a2ff3-b0ba-4289-8fb0-c9dca98bad43,ribet utk refund ke bank coba buat sama cepatnya dgn kalian refuns ke ticket point,1,2025-11-08 02:50:18,tiketcom
56501073-e0b4-4a6b-92e3-89d753b5bb27,keren apk ya murah meriah dan bagus mantap betul pokoknya bosku,5,2025-11-07 22:11:23,tiketcom
c275e7c7-cbea-4d1f-ae3b-66304ab4347b,Sangat memudahkan untuk pembelian tiket hotel maupun pesawat dan kereta secara online... semoga ditingkatkan terus promo2 nya,5,2025-11-07 17:34:40,tiketcom
a74b53bb-0d35-4ef6-b175-c0dbb1f41df4,"pesan hotel disini sudah langganan, pelayanan top bgt, anak2 setiap diajak kehotel selalu minta emersia , ga mau yg lain, krna katanya disini makanan nya enak bgt, puas renang nya, kasur nya gede ga sempit",5,2025-11-07 17:13:08,tiketcom
2f0c103d-c7c2-40c0-b133-653c0099a9f0,susah login,1,2025-11-07 10:49:29,tiketcom
2f9a4154-51c3-492b-8ab4-5781df3fbd22,error terus,2,2025-11-06 20:11:30,tiketcom
b57443ff-7364-4b29-a316-980759dc1b7f,memberi kemudahan untuk membeli sesuatu,5,2025-11-06 19:47:01,tiketcom
20ddafbf-d76d-40d5-9ebc-6bab21d256cd,mudah digunakan,5,2025-11-06 12:35:40,tiketcom
06f49d9e-14a3-45b1-8e14-5ea509834b30,good service,5,2025-11-06 11:33:15,tiketcom
aa67476f-9c1b-4fbf-b0a3-b80c3da83f9b,tiket. com sangat membantu dan memperseruuu liburankuuu,5,2025-11-06 05:34:46,tiketcom
f1363cf8-373c-4938-a0de-714335201dd4,mau cek hotel untuk tgl 07,5,2025-11-06 03:40:49,tiketcom
8534c912-a656-46b7-8b88-bce6fb69d9e2,mempermudah bisnis namun harus slalu waspada penggunaannya,5,2025-11-05 23:21:06,tiketcom
7d6fb953-fe81-4ceb-b3d0-5d594a93e0c7,tiket bajingannn,1,2025-11-04 20:04:07,tiketcom
2567d2a1-fd2b-4fad-8fd6-bcfe0c0eaa02,bagus,5,2025-11-04 14:22:14,tiketcom
1621bd98-c8f9-43c8-8c0b-932faa76d12d,bad banget serius udh bayar 200k buat ke trans studio bandung malah ga ngasoh id,1,2025-11-04 12:15:32,tiketcom
a2988d04-81a2-4474-9f1c-7b1ce82e1413,ok,5,2025-11-04 10:40:26,tiketcom
2d0e6488-a056-410e-a767-76ff680920e5,sering jadi andalan mudik,5,2025-11-04 00:20:49,tiketcom
e60c7de7-cfd8-4561-b19d-30d8bedfa39c,bagus...sering saya gunakan.,5,2025-11-03 18:57:39,tiketcom
a26c5c7b-21b8-4d48-aa70-16240edc071e,"pas Dateng ke hotel datanya ngga masuk ,pas d cek id nya ngga ada,dan akhirnya nyari lagi hotel,dan mirisnya uang ngga bsa d refund,padahal blum cekin SMA sekali, konfirmasi ke cs nya keterangan nya sudah cekin tanpa kendala",1,2025-11-02 12:42:18,tiketcom
732d6a5f-5f56-4c7a-b8a2-b41560d67f3a,TOP,5,2025-11-02 06:40:10,tiketcom
00b310ea-eca0-4816-ad6c-cee9720d06a8,bagus,5,2025-11-01 23:18:55,tiketcom
dfaf5a12-fa4c-45cd-9395-e8770e8f8981,"pesan tiket pesawat sesuai dengan kebutuhan, mantap terimakasih",5,2025-11-01 19:57:59,tiketcom
93642db7-9f8e-4be2-b52c-fc901d860721,Aplikasi bagus,5,2025-11-01 16:09:27,tiketcom
7daa32cf-4cb5-4034-8b73-572e5503728b,banyak promo vocer ny,5,2025-11-01 09:38:22,tiketcom
c116a4ae-48e5-4d48-b5b3-f1f1522e8ce8,"pesan hotel lewat aplikasi ini kamar superior king, ternyata sampai di hotel pesanan nya berubah jadi superior twin, sedangkan harga superior king lebih mahal dari superior twin, ternyata aplikasi ini pesan lagi ke agoda, komplain lewat chat ternyata yang jawab mesin, gak ada solusi malah diarahkan refund, ribet urusannya, sy pesan 3 kamar, selisih harga 100k perkamar, kecewa 😒",1,2025-10-31 17:21:04,tiketcom
2faa1ea2-26c6-4713-a6a5-42b0128e692a,payah,1,2025-10-31 14:24:39,tiketcom
486722cb-0d52-4c1b-b5b7-84201189ac48,"sangat membantu dan sangat terbantu, Terima kasih",5,2025-10-31 09:00:45,tiketcom
c34a7491-1a83-4a73-a18c-94aa2d934ed7,"awal lancar dan sgt membantu tp x ini pesan tiket ada pesan ""terlalu dekat dg pelabuhan"" agak jauh msih ttep g bisa??? gmn maksudnya nich... biar bintang yg bicara dah",1,2025-10-30 17:39:17,tiketcom
ee2e42c5-a5ae-4a7d-bfe0-f29fff0112b9,sangat membantu,5,2025-10-30 13:16:53,tiketcom
18907fcc-b909-41f6-8d3f-04158f43420f,konyol pesen hotel 3hari sebelum dan ada vocer hotel nya sampe lokasi vocer tidak terkonformasi mana lokasi di New York yg beda 12jam sampe disana jam 3 siang waktu usa disini jam 3 subuh komunikasi cm bs pk aplikasi yg dijawab otomatis info 15 menit bisa ada solusi dan yang tidak diharapkan terjadi uang di refund 100% tanpa ada solusi cari hotel terdekat yg lain nya 3jam kami disana dan baru dapat hotel lain karena sudah lelah 22jam tempuh penerbangan dapet nya super kecewa dari tiket. com,1,2025-10-30 09:24:51,tiketcom
75567376-237e-4c3d-8462-7eaa6b736f70,good job boy,5,2025-10-30 08:50:28,tiketcom
b35162a2-9f54-4dde-bc18-83cc08b3488e,ak gk ada download tiket. com tapi di suruh bayar payleter di tiket. com maksudnya gmna,3,2025-10-30 08:15:41,tiketcom
cf33dff8-9aea-452b-9639-1f2577531c3e,"rekomended untuk pesan di detik. com lebih mudah, cepat, dan banyak diskonnya",5,2025-10-30 07:30:07,tiketcom
1e22c689-4c60-473d-bc20-d0db211d6d28,mantap membantu,5,2025-10-29 22:03:38,tiketcom
8c4a0531-f8f0-4c95-adce-b47359003862,terimakasih banyak,5,2025-10-29 20:15:43,tiketcom
5dd51283-88cf-422f-a442-cca5f4fc2675,Bagus banget,5,2025-10-29 19:58:38,tiketcom
a8df51c7-8ede-40c8-bd1a-1f52cd4ada38,good aplikasi,5,2025-10-29 14:10:08,tiketcom
55571e7a-d763-4683-92f7-444e3141c6c7,good APK,5,2025-10-28 19:26:18,tiketcom
ea0a9847-1e7a-487f-9385-719d4045bd03,"nice banget, mempermudah pemesanan tiket. thankyou",5,2025-10-28 12:18:25,tiketcom
5ec4fe85-c9e9-4305-bae2-7d2b7b321509,"mantap sih, semenjak tahu aplikasi ini jadi boxing tiket kereta udah ga di Alfamart lagi, lebih enak disini ga ribet, diskon nya juga banyak, kalo di Alfamart mahall bgt",5,2025-10-28 07:49:44,tiketcom
c5e7807c-f4c7-41f7-9560-8b2266f9ce8a,tiket. com paling murah dari pada yang lain selisih x lumayan,4,2025-10-27 16:34:37,tiketcom
8b332a03-a534-4e2a-a534-c94ef4bce6f9,mantap,5,2025-10-27 09:51:00,tiketcom
74ff2aa5-c792-4e0f-a554-159d015f4c2c,..pagi ini pesan tiket dlm hitungan 7menit pembayaran VA malah refound ke saldo Bliblipay !!! pengembalian 1-3 hari kerja ke rek saya ..yakin !!! dh pasti HILANG ITU UANG SAYA !!! SISTEM BOBROK DAN MERUGIKAN . saya ingat kan UNINSTAL APK INI !!!,1,2025-10-26 08:10:30,tiketcom
04fac61b-23d3-4d59-8c74-70b3438082fe,"pelayanan cs buruk sekali, ga membantu. malah di refund. kan brengsek. ga bakal pake lagi ni app.",1,2025-10-26 00:49:08,tiketcom
25d89c90-b9bc-4299-aea4-5227e38c7ca3,Aplikasi yang tidak dapat dipercaya. Jaminan harga termurah juga omong kosong. Terima kasih karena telah merugikan saya. Bangke.. !!!,1,2025-10-25 22:03:07,tiketcom
8ae15148-63f7-4749-9524-e98ce91ed8e3,mantap,5,2025-10-25 19:44:49,tiketcom
5286a05d-c18b-4d30-a34c-a796c32b9d73,cukup puas,5,2025-10-24 09:36:30,tiketcom
a8ca2955-6d36-47cc-b195-f71bc411106a,nice,5,2025-10-23 18:35:30,tiketcom
d54f9729-d3e5-4de1-93ef-aa317dc2abd2,mantap,5,2025-10-23 15:36:37,tiketcom
d6f5060c-0017-46ce-96a7-e1144b6e4a82,sangat membantu,5,2025-10-23 12:56:34,tiketcom
b1b02de2-80af-49c3-ae6c-cf97914f3e38,Terima kasih selalu kasih bonus,5,2025-10-23 11:56:47,tiketcom
77bf7cc5-87af-46a2-95e9-3d41b596842f,pesan tiket Ferry tidak bisa sudah seminggu,3,2025-10-22 23:38:53,tiketcom
69600a57-4890-479f-973d-b3df27dbb2b0,lumayan. lebih mahal tp ada voucher diskon. jd sama aja dg apk lain. tp pembayaran lbh mudah..,4,2025-10-22 17:49:25,tiketcom
664b1421-c359-4f44-ac26-c2d7e7a2c214,nagus,5,2025-10-22 10:15:56,tiketcom
86e32790-8384-438f-abfd-fa76f76981c2,paylater bermasalah,3,2025-10-21 21:42:37,tiketcom
692ed624-725f-463c-8929-f25092450ad6,good👍,5,2025-10-21 18:46:52,tiketcom
73bd4f22-62cb-4458-9e1c-0a4a407763c5,bagus,5,2025-10-21 13:50:53,tiketcom
757e04bd-94e0-42f8-90f6-ce795b7bb0a2,mohon maaf KA saya udah pean tiket kereta terus udah bayar tapi ko ga ada data pembayaran selesai ya?mohon tanggapannya,1,2025-10-20 15:01:50,tiketcom
14f4a117-a7f0-4067-9b45-ccf96e177b0a,mudah dan banyak discount,5,2025-10-20 04:32:17,tiketcom
df684d6b-6f81-4315-be05-720288c525c1,"beli tiket bus, dari bungurasih - kudus. Pemberangkatan pukul 14:00 tp sampai pukul 16:00 bus belum berangkat juga. tiket tidak bisa di refund, pihak bus tidak jelas. kecewa sih",1,2025-10-19 15:51:10,tiketcom
f96a46c9-b560-483d-a5af-10409f1e0d3e,"saya sangat kecewa dengan apa yang saya alami , saya membeli tiket disini, perjalanan yang harus melalu proses transit lalu penerbangan pertama saya dilayed yang menyebabkan penerbangan selanjutnya saya tertingal pesawat dan tiket saya menjadi hangus karna maskapai kedua tidak menerima keterlambatan tsb lalu saya terpaksa membeli tiket baru untuk melanjutkan penerbangan parahnya asuransi menolak claim, dan maskapai hanya memberi refund sekitar 15% nan dari harga tiket , ini ga masuk akal",1,2025-10-18 19:37:37,tiketcom
e8e842a1-f72d-4d6f-b325-09d7e8ba3318,pengalaman saya menggunakan aplikasinya belom pernah ada kendala atau mengecewakan..semoga tetap konsisten,5,2025-10-18 05:54:18,tiketcom
63e7a00d-6095-466a-aac3-6e7d905c8ac3,good,5,2025-10-18 05:07:03,tiketcom
dd915e08-896c-4c0a-9e14-994daae23885,pelayanan sangt cepat dan tepat bagus,5,2025-10-17 21:28:21,tiketcom
feee6525-601d-40fb-8e3e-074c75176a39,"satu bintang dulu iya, klik bantuan error terus",1,2025-10-17 19:18:52,tiketcom
4330ad25-939e-43dc-a29b-9b076a183fc4,refund dana dari suatu transaksi gak ada kejelasan hati-hati,1,2025-10-17 12:32:42,tiketcom
718ccfd8-9576-46cc-aa84-ba87dd9f66fc,praktis dan memudahkan,5,2025-10-17 11:30:46,tiketcom
9d829f49-d1f4-4663-b20a-88b959bac615,pilihan utk traveling,5,2025-10-17 07:12:00,tiketcom
3e81dfa7-e181-43b3-a2a4-5eb9ab37c07d,mantap,5,2025-10-16 04:42:02,tiketcom
98019f8a-62f5-4f3c-9f0f-d1b4084099c1,untuk tiket kapal Ferry kok GK bisa² yah.. kenapa ini,5,2025-10-15 20:47:35,tiketcom
b4f0cca6-5e8d-48e7-aa2e-cadc35a22695,good lah pokoknya,5,2025-10-15 17:08:17,tiketcom
1eea022e-97d0-412d-bc95-318c698c1250,simple..sat set sat set tiket terbit,5,2025-10-15 16:08:33,tiketcom
0fb7b999-ce45-4131-9178-c9fe58df6b95,keren..suka bnyk diskon,5,2025-10-14 13:56:45,tiketcom
682cb78c-b952-43c3-b0e9-9c90a322c599,👍bagus,5,2025-10-14 12:53:31,tiketcom
6ea4966a-9e96-40d6-9a93-cec74a408df3,bagus . ada spylater nya,5,2025-10-14 10:05:23,tiketcom
7d7a0b15-64b8-4bb6-9ce1-66074d87b0bc,ga bisa refund hotel selalu di tolak dan ga bisa reschedule pembodohan,1,2025-10-14 08:58:24,tiketcom
519fb4b5-0ebf-4e4b-b091-4c151dfe5f0d,aplikasi bagus untuk memudahkan mendapatkan tiket online,5,2025-10-14 03:55:10,tiketcom
b954f7eb-7cd8-4661-8343-68ed814c538e,mantap,5,2025-10-14 01:59:51,tiketcom
67172f52-df33-444b-9f80-99cc87c80cfb,bermanfaat dan user friendly,5,2025-10-14 00:48:39,tiketcom
04bf342e-8007-45e3-84a4-6e2970c9e932,yang dijual dan yang diterima berbeda.. sangat buruk,1,2025-10-13 18:53:06,tiketcom
c4bbd6c4-912f-446c-85a7-f10066cedf55,"Aplikasinya lumayan membantu,tapi iklannya terlalu banyak/spam iklan.Jadi,iklannya dikontrol agar tidak ngespam orang lain.Sekian dari keluhan saya.Terimakasih.",3,2025-10-13 07:11:20,tiketcom
a4c47e95-73eb-4cc7-a142-086db754e5e9,sangat mudah daptar aplikasi ini mudah di mengerti semoga bermanfaat saat saya mau liburan nanti,5,2025-10-13 05:54:27,tiketcom
d96ce695-eea3-4170-a77b-bd6aab76c1ce,"setelah d perbarui jadi ribet skrg KLO mau cari tiket atau Hotel . entah muccul apa d click bolak balik Mulu , tolong perbaiki itu aplikasi nya .",1,2025-10-13 05:07:38,tiketcom
8ceab60a-d139-4beb-82ee-2003755bade9,first pake apk ini kapok!! mesen tiket kereta udah di tf karna URGENT malah di CANCEL SEPIHAK dan nunggu REFUND DIHARI KERJA gak smua orang bisa nunggu di hari kerja berikutnya! BAD SERVICE,1,2025-10-12 08:19:06,tiketcom
272851e2-fbe0-4dfd-ac1e-ea27bece75d7,"aplikasi paling sampah, dalam keadaan urgent bisa bisanya tiket ga terbitkan, sedangkan uang sudah di potong.",1,2025-10-11 23:14:03,tiketcom
59c21059-dc79-4df5-b05a-a9d85db7ff16,Harus lebih sering kasih promo,5,2025-10-11 20:18:33,tiketcom
9d1b1bf5-63e3-4b24-9313-ee1ce5d92e55,koplok,1,2025-10-11 19:10:01,tiketcom
55354dea-9940-4059-8d02-ce6de89c7642,fasilitas kamar tolong diperhatikan sesuai jumlah tamu.,2,2025-10-11 17:52:48,tiketcom
37d8d35a-7763-4d85-92d9-b895c9b30064,ok,5,2025-10-10 19:33:07,tiketcom
02e49fff-759a-4eb5-b54b-4a2344202866,bagus,5,2025-10-10 16:05:51,tiketcom
1761d307-a8fb-4757-b964-d9d65c2ab572,good performance,5,2025-10-10 07:11:42,tiketcom
c226b5df-8630-402a-a299-3270d80a4a66,"Ada BUG yg terjadi pada metode pembayaran menggunakan e-wallet (OVO) karena keterangan di aplikasi ""saat ini metode pembayaran tersebut TIDAK TERSEDIA"".... Mohon Agar kiranya bisa cepat diperbaiki",4,2025-10-09 17:09:06,tiketcom
8b9dac8d-2aab-47d6-9f82-0aeb85368731,gut,5,2025-10-09 04:19:04,tiketcom
16af4334-a661-4d0f-bef2-23f337a4905d,"diskon nya kurang, terlalu bnyak syarat kagak jelas",3,2025-10-08 19:03:18,tiketcom
2a70da3c-f2a1-4a09-82a6-cf207bc87ebe,good apps,5,2025-10-08 08:55:24,tiketcom
30263285-6bbc-4b47-b850-07c7f4f48dc2,bagus,5,2025-10-08 06:37:18,tiketcom
0b4dceaf-2a31-4079-828e-35bb732c4354,good,5,2025-10-08 04:24:57,tiketcom
5f8966bb-8f80-4fce-96b4-aa16a79b0044,bgus,5,2025-10-07 22:49:37,tiketcom
b808c16b-dce1-4fef-a750-5c03fa864a29,"utk hari ini tgl 7 Oktober jam 19.18 saya Wisnu Handiyanto menghapus aplikasi tiket com,karena sudah Tdk memakainya lagi dlu pernah pengajuan paylater tapi ditolak jadi jika ada tagihan atas nama saya saya TDK akan membayar dan akan melaporkan ke pihak yg berwajib 🙏 trmksh",3,2025-10-07 19:19:15,tiketcom
b65e0b1b-4b97-4e19-9d94-ded8f3baacce,"mantaps, tingkat terus bonusnya saya sukaaaaaa",5,2025-10-07 18:45:34,tiketcom
79efbc2c-9c3c-4a17-90b8-6422743bdb71,good,5,2025-10-07 09:49:24,tiketcom
cf4d4dc5-12fb-43bb-9b36-b753f166f99b,mantapp betul,5,2025-10-06 20:30:33,tiketcom
ee3703f3-130a-408c-976b-507350b6823b,mohon di tingkatkan pelayanan nya,3,2025-10-06 08:18:51,tiketcom
320b8990-27c8-42c0-8c2b-eb8d5979a44c,Bagus ini aplikasinya,5,2025-10-06 06:30:34,tiketcom
4365c014-5c06-457a-a9b6-b71200def86c,bagus dan efisien,5,2025-10-05 22:36:07,tiketcom
2caad3c5-f63d-4221-acdf-182919878d95,Selama ini aman dan oke-oke aja aplikasinya. Terima kasih,5,2025-10-05 18:44:47,tiketcom
b8208711-d9e3-40a3-9877-f7012cc5ab93,mantap,5,2025-10-05 13:22:04,tiketcom
4bbe33b0-ecd5-45d9-9fdf-cc2bb2bd45cc,error terus,3,2025-10-04 06:09:51,tiketcom
eb58b075-9ebc-41c8-83da-ef11325fe678,"aplikasi gajelas, udah pesen tiket gara2 dapet harga promo tapi tiba2 pas di tempat disuru bayar lagi. gimana si? diperbaiki dong bikin customer kecewa",1,2025-10-03 22:05:43,tiketcom
4e0e365c-00c8-450b-a83f-30a17c2437dd,membantu dalam hal pembelian tiket pesawat yang mudah digunakan,5,2025-10-03 21:39:02,tiketcom
d2275fdd-4853-46ed-9c2f-4357b633e65b,sangat membantu,5,2025-10-03 09:43:31,tiketcom
3d1031be-d3cf-4a42-866c-5cdb95ae8502,susah buat refund,1,2025-10-02 20:25:58,tiketcom
8b93ed69-3209-4ddd-a0ec-9dae2763e84f,good aplikasi..,5,2025-10-02 16:49:40,tiketcom
6b90137f-e441-4f48-8fb0-f5c70d95cace,Min Kenapa Jurusan Terminal Banjarnegara Tidak Ada ? Naik Bis Dari Terminal Pulogebang Jurusan Terminal Banjarnegara Jawa Tengah Kenapa Tidak Ada,3,2025-10-02 15:52:04,tiketcom
2813c594-a5b1-47cd-af61-a73219092fd4,"Tidak bisa ngapa-ngapain, tidak punya akses katanya.",1,2025-10-02 10:43:53,tiketcom
21a745f7-9510-446c-bd39-aa27946f5f5b,iklannya tidak sesuai kenyataan saya mau refund tiket kereta api ngk bisa,1,2025-10-02 10:26:48,tiketcom
88eba999-cb2a-40e8-8e86-b3b8d8d8c75d,ok,5,2025-10-02 05:11:33,tiketcom
b3cd8392-e5d9-4095-97e5-812d7b169bb9,gooood pelayanan dan humanis ..... sangat recomendet,5,2025-10-01 14:41:05,tiketcom
1688ee24-602a-4a46-bf53-a67db2f0d43e,tiket / kamar yang sudah sold out tidak perlu ditunjukkan lagi😭,1,2025-10-01 14:39:53,tiketcom
8205de96-cc5b-4bee-a59d-d997c4ece856,good,5,2025-10-01 10:16:02,tiketcom
546101aa-8afb-4f44-abc1-150d6fe6e681,proses refund lama . kesalahan dr pihak maskapai. sampai saya kena denda dr pihak indodana.,1,2025-09-30 14:18:35,tiketcom
292607a4-f8cf-49df-8051-dab5d12c2608,"email yang kalian balas hanya template tidak memberikan jawaban, saya mau penyelesaian bukan hanya jawaban template, saya mau di proses saat ini juga. sesuai info pada aplikasi kalian bahwa prosesnya hanya 2 jam. jangan hanya gimmick di aplikasi dan notifikasi email informasikan refund sudah berhasil nyatanya nol",1,2025-09-30 10:12:13,tiketcom
1434f3c5-bf7e-4741-8b57-5e3889726328,sangat senang menggunakan aplikasi ininuser friendly,5,2025-09-30 01:51:04,tiketcom
4c283e15-86ac-48ca-9eb4-796d6572a560,ok,5,2025-09-29 23:23:02,tiketcom
f692d596-3768-43d7-aae7-0b9b54880901,"HARGA PALING MURAAAH, PELAYAANANTERBAIK. MAKASIH PAYLATER NYA",5,2025-09-29 21:10:36,tiketcom
8712e60e-20ec-402a-b958-6832abb1b53b,terbaik,5,2025-09-29 11:25:06,tiketcom
582ea271-4755-4568-a30f-89c2055ab7dd,cepet prosesnya,5,2025-09-29 11:15:17,tiketcom
406e1310-c039-4b76-94f9-bf025a35592e,ok,5,2025-09-29 08:00:22,tiketcom
fae32d44-b994-4ec5-85b7-3638d49f1667,good mantap,5,2025-09-28 12:35:02,tiketcom
eb02f2e9-599e-495f-be80-874d0467d7f9,Kemudahannya sangat bermanfaat,5,2025-09-27 16:25:59,tiketcom
18c0efc0-b182-4202-825a-6acbf6739c61,terimakasih,5,2025-09-27 09:47:16,tiketcom
34bcae0d-069a-4d14-96a4-14b9e865aba7,bagus sekali banyak diskon,5,2025-09-27 09:44:21,tiketcom
43e20cd4-6f4c-4ddd-8dc6-b667c9f6585a,tidak bisa login,2,2025-09-27 08:01:31,tiketcom
b35088d4-72ed-42a2-bd9c-c926ec86443e,menjengkelkan sudah 2 kali pemesanan bermasalah,1,2025-09-26 21:39:37,tiketcom
f432bb33-d879-4b81-b75c-b6db66f96715,oc,5,2025-09-26 18:20:59,tiketcom
420b7576-c90c-49e3-9dec-a74593f54b76,jadi mudah,5,2025-09-26 14:41:23,tiketcom
b8968aeb-c374-41e1-a41e-4f89f95bf86d,tidak ada info yang akurat soal perubahan jadwal dari maskapai di bandara !!! bikin kesal buruk sekali tim cs tidak ada tanggung jawab pasti. pesan untuk jam 6 di undur sampai jam 12 siang tanpa informasi pasti !!! alasan latihan militer,1,2025-09-26 05:51:38,tiketcom
c85c0f68-68d6-4279-802d-eab5be02d894,tidak bisa refund..plikaai lansung nolak uang 1.865.000 blaa GK kembali,1,2025-09-25 11:01:22,tiketcom
13d845e3-1d2c-4f87-9d05-aea36601e269,"play later di beku kan, 🥲😂",5,2025-09-24 19:34:17,tiketcom
c84bc635-21f8-4e07-98d8-ea2b42a29b45,bagusss aplikasi nyaa mempermudah juga buat pemesanan tiket 👏🏻👏🏻👏🏻,5,2025-09-24 13:59:34,tiketcom
d6e2859d-8a31-4d6a-89d0-42154890e39e,sangat membantu🥰🥰,5,2025-09-24 09:57:23,tiketcom
faaab260-8829-4189-86e1-223d749fabe5,Bagus,5,2025-09-24 07:49:39,tiketcom
4ae18100-f8d9-4796-9fec-444f538f3c5b,Cepat dan lebih murah,5,2025-09-24 07:12:12,tiketcom
babd14d0-2a9b-4deb-b5b5-d8dbc9243544,mantap,5,2025-09-23 22:11:17,tiketcom
88e48ffa-e733-4696-91bb-082883b9e934,👍,5,2025-09-23 21:50:39,tiketcom
8ecb2841-6715-41d9-aa95-5b5b5227370a,ship. paling murah diantara semua kompetitor.,5,2025-09-23 20:00:25,tiketcom
97920d7e-45db-488f-b843-e0d6da40ed91,"aplikasi mudah digunakan, dan bantu banget untuk reservasi segala sesuatu. semoga updatenya jadi makin lancar yaa",4,2025-09-23 15:48:14,tiketcom
31f7085c-a832-44db-9ede-abebe8a22439,"tadi pagi dikasih paylater, siang ditangguhkan. aplikasi gak jelas, kalah sama traveloka...👎",1,2025-09-23 14:00:48,tiketcom
a51cc6fb-244b-42e7-bce7-946d436a8824,"ga bisa masukin akun, sdh coba chat dngn cust service tapi gk dpt solusi samasekali",1,2025-09-23 13:27:28,tiketcom
bef0a1b0-557d-4204-a226-9ad1d4498ba0,mau login aja ribetnya minta ampun.,1,2025-09-23 07:48:19,tiketcom
743828de-1537-46e4-86df-c573d0695cce,aplikasi booking hotel terbaik,5,2025-09-22 20:25:08,tiketcom
39d6e11d-5678-44c5-96fa-d76ecb3f494e,saya suka ini daripada Trvlka . kalo ini e boarding passnya langsung tersedia kalo sblah susah dapet,5,2025-09-22 20:23:55,tiketcom
a727fc94-8008-4bfc-8bde-91893f9467e8,sangat memudahkan,5,2025-09-22 17:49:00,tiketcom
870a51ab-b9ec-416a-9f34-18f1e647882a,"di perhatikan kembali utk info kelengkapan fasilitas setiap hotel or rumah yang di sewakan di kolom pertama sebelum pilih kamar tertulis sarapan gratis tapi kenyataannya saat pilih kamar tidak tersedia sarapan, jangan mengecohkan pelanggan dan membodohi pelanggan kalau memang ada ya di sediakan, bukannya kena jebakan saat pilih kamar ternyata ga tersedia sarapan, juga sudah di filter tetap aja saat pilih kamar ternyata tidak ada sarapan buang waktu dan lama syukurnya saya teliti sebelum bayar",1,2025-09-22 17:47:12,tiketcom
48617130-df8e-4799-b895-66491528f575,aplikasi murah daripada yg lain hehe.. puas,5,2025-09-21 17:38:47,tiketcom
7210ab9a-b7a3-4332-9885-6ea2a152b454,ok banget,5,2025-09-21 17:12:43,tiketcom
a7c9042d-9374-4787-a222-1e053054012d,Seriusan nih sampe hari ini pembelian tiket kereta masih error? udah hampir sebulanan lohh ini,1,2025-09-20 22:53:32,tiketcom
a157cd6b-f2b5-4cc3-a4e7-4aba57eeae78,mudah beli tiket dan dapat poin,5,2025-09-20 20:15:12,tiketcom
259f05ff-23f0-4d4d-a22b-3603d2e9fecf,"Good Job, tim CS Tiket. com, kendala terjadi rechedule hotel. Proses penanganan cepat dan pengembalian dana bisa diproses malam ini Juga.",5,2025-09-20 20:05:14,tiketcom
48094fd3-c4cf-481a-b0c3-8c693014f236,males bgt gak bisa refund...di app ini,1,2025-09-20 18:58:45,tiketcom
b23c09f1-d9fd-455c-a1cb-f8976f2b51f2,"Aplikasinya sangat membantu beda sama yang sebelah harus ada minimal pembayaran pokonya lebih fleksibel,, kerenn 👍",5,2025-09-20 18:50:09,tiketcom
bd02f482-fd76-4bfb-95b0-021c2eae93ea,"mantap, sangat membantu",5,2025-09-20 07:06:27,tiketcom
88936a5f-c4d6-4057-a50f-e69ac81a970b,"murah, cepat, transaksi nyaman",5,2025-09-20 05:57:40,tiketcom
5171d0ce-bd8d-4fc5-b7b6-3e10c0b69335,UI nya kacau.. Bikin sering salah pesan..(tp curiga lihat ulasan lain banyak yg merasa tertipu.. Jg 2 sy jg tertipu) Sudahlah.. Nnt liburan sy selesai langsung uninstall,1,2025-09-20 00:23:56,tiketcom
0d9e6d46-aed5-4a24-bf48-5f9831907431,mantap,5,2025-09-18 16:48:21,tiketcom
cd2df985-3e08-4c31-8df1-8708947f27b7,sangat buruk,1,2025-09-18 16:14:50,tiketcom
a8e069a0-5e52-4324-8612-97f511a0290f,"pembayaran melalui virtual account gagal, padahal statusnya sudah terkirim dari Bank, diajukan komplain tapi sampai 3 hari belum ada kejelasan",1,2025-09-18 15:44:23,tiketcom
2016be42-5717-47c9-b94f-edcd07d3797d,sangat membantu sekali,5,2025-09-18 10:56:45,tiketcom
3cfe9402-bbe0-460a-a30b-32bf805b40d0,Harga memang termurah,5,2025-09-17 20:06:18,tiketcom
ebed162a-4ebd-457d-ab98-e7387f92a0ca,kenapa sekarang susah login,1,2025-09-17 19:52:05,tiketcom
fff31beb-7db9-4d32-a30b-40ed25e0d980,bagus,4,2025-09-17 19:36:47,tiketcom
3e65293d-6b82-432e-aaff-690b94388eb2,banyak penipuan,1,2025-09-17 15:30:57,tiketcom
e28c93b7-ebcb-4514-a915-ec9f9d449ff8,Sangat berguna dan memudahkan saat mencari hotel yang bagus,5,2025-09-16 17:50:08,tiketcom
6eb73be9-5f9c-49ec-b4d4-ad1e5844d176,"sumpah dibikin emosi sama ni aplikasi. org mau daftar dibilang no hpnya udah terdaftar, mau login malah teruss dialihkan otomatis k pendaftaran. lagi butuh banget, tapi kok nguras emosi",1,2025-09-16 17:05:20,tiketcom
8925fbe1-fc15-46d9-b810-bf0d2f04f351,"Katanya ada klaim JHT (Jaminan Harga Termurah) nyatanya di klaim dengan disertai bukti SS, URL, dll tetep ditolak percuma ada klaim JHT padahal selisih harganya 30.000 an.... Tidak melampirkan? Tolong dicek ulang sudah ada 3 foto yang saya lampirkan dari OTA lainnya",1,2025-09-16 12:00:22,tiketcom
65741ec8-f7e3-43c6-bf6b-c7a0146363b4,sangat baik,5,2025-09-15 22:47:04,tiketcom
fd0f29b3-1940-49fe-963e-556673f0bda3,tidak bisa membantu ketika booking karena kesalahan user interface tifak bisa reschedule atau refund,1,2025-09-15 22:32:10,tiketcom
9947c2b0-1cbb-432e-a398-b62d60b3ac7c,keren,5,2025-09-15 10:12:44,tiketcom
1f998ebf-6fbf-431d-bcd0-98931dd4f0d9,Tidak bisa Login dengan Akun yang sudah terdaftar sebelumnya. selalu kembali untuk daftar ulang atau log-In tapi tidak sukses masuk😭,2,2025-09-14 23:57:04,tiketcom
5c516bc3-5fef-451d-a38f-2831730c4572,salah pilih tanggall langsung bisa di rubahh. walaupun keterangannya tidak bisaa,5,2025-09-14 16:28:16,tiketcom
a5443bd7-b89a-4b04-9489-21f2bd562b97,"bagus,sangat mudah pesan2 hotel pesawat dan lain nya",5,2025-09-14 07:00:42,tiketcom
a14404b0-76db-4a50-9672-1d3150ef0a90,cukup baik,3,2025-09-13 22:13:08,tiketcom
63f15850-22c4-4e39-b243-b7555aad18ed,"tolong dong kalo kamar uda full,kasih pernyataan ""SUDAH FULL"" saya uda jauh jauh lo ini,dan uda bayar juga full tapi pas ke lobby ternyata kamar nya Uda full,trus ini gimana??? saya mau marah juga ke siapa???",1,2025-09-13 21:43:05,tiketcom
91426bf5-7a9e-4a75-ba2d-f40b51bdd55d,"aplikasinya sangat sangat membantu sekali, tapi saya minta tolong buka tangguhan saya, karena saya sudah membayar tagihan, walaupun telat😁",5,2025-09-13 16:42:34,tiketcom
9cc783c5-d7a4-4b67-9c0c-3633848927fa,Customere Care gabisa diklik cuma pajangan saja,1,2025-09-12 16:53:20,tiketcom
9a13ec94-4e95-4f24-ac5b-0b1e7b445a0c,pilihan untuk tiket pesawat dan Hotel,5,2025-09-12 16:45:30,tiketcom
f5fecdb5-03b2-435f-8ca0-bc1d9ddecaa2,very usefull aplication,5,2025-09-12 16:45:27,tiketcom
3cc65eab-5eb7-4c9e-8fd1-18facb3e86b5,mantap..ayo dicoba banyak cashback nya...,5,2025-09-12 14:59:27,tiketcom
ee86b86b-895b-40d8-a2f9-351c4d0bad18,mantap,4,2025-09-12 03:24:32,tiketcom
b655bc7e-556f-428a-b5c8-62e31a81128b,Good aplication for traveling,5,2025-09-11 17:54:29,tiketcom
8ee7d1a9-728c-419b-98cb-605f2331be3c,"Aplikasi ini tidak update terkait maskapai untuk pembelian tiket pesawat, selalu waspada atau cek aplikasi lain . di aplikasi ini tersedia di website resmi tidak ada jadwal . lebih prefer aplikasi ini kalau pesan hotel masih sesuai dengan ketersediaan",3,2025-09-11 15:27:49,tiketcom
666f2dda-1f4b-4449-93d4-2e551a83a81a,Keren.,5,2025-09-11 06:08:39,tiketcom
14fddce6-ee49-41fe-8be0-6542373a98ad,"UI&UX nya bagus, jadi berasa seamless (buat pesen pesawat) ya",5,2025-09-10 15:16:20,tiketcom
8a3f86d5-ad15-400c-b475-6e482d5b4ac3,good aplication system,5,2025-09-10 15:09:59,tiketcom
758c86d0-e95e-4e1b-9d83-407734d6eb31,"suksessss dengan usahanya, mudah banget menggunakan aplikasi tetap aman dan amanah",5,2025-09-10 10:30:42,tiketcom
6a7e38cc-e633-42ae-8f45-9c1555152bc0,"selalu membantu, mudah di gunakan dan selalu banyak diskon",5,2025-09-10 09:28:41,tiketcom
4b69ae6b-99f0-4f8d-a71b-17141e6670d0,"gmn sih gw mau log in ga bisa2 sinyal stabil pake wifi, tolong dng perbaiki",2,2025-09-10 06:51:05,tiketcom
4506e2ad-bbf9-45d7-89d8-62ceb0923ea3,bagus acc 1 juta 🫡,5,2025-09-10 01:32:58,tiketcom
f7b918ce-1ad2-409b-8636-d03a902279ea,emg dongok dongok selama ini masuk ke aplikasi ngk ada problem sejak kerjasama sama blibli malah ngk bisa masuk ngagua terus abis itu masuknya lewat web lagi 🤣🤣🤣 dasar kuno ini bukan kemajuan tapi ketertinggalan dahlah gue ganti aplikasi trveloka aja kalau gini mah rugiin,1,2025-09-09 19:05:10,tiketcom
0f23faae-1de3-434b-b555-c8d06415782e,"Penerbangan dan hotel lengkap, walau harga masih kemahalan!",5,2025-09-09 08:56:09,tiketcom
6465c35f-3af3-4189-a4cf-c67826c53975,terima sangat mudah membantu pemesanan tiket apa aja,5,2025-09-09 08:39:45,tiketcom
4f3973e1-1a93-4b0c-a421-c5bd64b327e7,SANGAT PARAH CS TIKETCOM. 2 MINGGU LAPORAN TIDAK ADA PENYELESAIAN MASALAH,1,2025-09-08 08:20:56,tiketcom
c8f35b73-c180-4dfb-a10a-4ad7567c867e,login susah,1,2025-09-08 05:53:28,tiketcom
a78f9051-c3c6-4d1e-b012-213fa8d67c5d,"gmn ini mau masuk akun aja lola bngt, sinyal bagus tpi tpi buat login akun muter mulu di web nya",1,2025-09-07 16:28:44,tiketcom
be481d75-42de-4519-8f50-08a50b50d3a5,mantap nih,5,2025-09-07 08:41:50,tiketcom
38d3cb74-e0f1-4a5c-a71e-d8230200580a,ok,5,2025-09-06 22:21:02,tiketcom
c286e78f-3749-4788-841d-46285e03424f,"kecewa berat, sudah sampai hotel tidak bisa check-in, saat d cek pemesannan tidak masuk di pihak hotel, jd harus cari hotel lain di malam hari, untuk uang memang d refund, tp ini bukan soal uang.",1,2025-09-06 22:16:58,tiketcom
b1e7862b-cb9b-4318-9b6c-1ec1ffe14f2d,"Aplikasi jebakan neh, hati2",1,2025-09-06 17:57:36,tiketcom
e87d74fb-8275-438f-98b4-46ccbcf9b36c,bagus banget,5,2025-09-06 12:16:58,tiketcom
bd4a8424-cd34-491c-aa76-514d0113648e,mantap,5,2025-09-06 11:20:08,tiketcom
a5902427-020c-445a-afd0-94a82dedfb51,hati2 jangan pakai payleternya selain bunga gede dikenakan denda 10% kalau telat 1 hari doang. lebih para dari rentenir. kapok uninstal uda,1,2025-09-06 09:11:33,tiketcom
0d77a4cb-7e69-436f-800f-3dac532ae48a,Ok,5,2025-09-06 01:34:58,tiketcom
a124d10c-59de-400b-8ab8-62d1329cc7d5,mantap,5,2025-09-05 20:56:14,tiketcom
59d2422d-1758-4abe-8fea-3a415873af80,Good,5,2025-09-04 20:08:26,tiketcom
75a5c261-6cb7-4749-9717-9b27c60c4453,nice app easier to use,5,2025-09-04 20:05:55,tiketcom
be989d25-91c0-4fc7-97d5-6c8b44e75129,sangat membantu sekali dalam pelayanan timet ataupun hotel diseluruh indonesia,5,2025-09-04 11:09:29,tiketcom
43e9c00a-4772-4beb-9e89-30738810a99e,Terbaik dari pemesanan sampai refund.,5,2025-09-04 00:23:56,tiketcom
b3c103dd-2055-403f-83b5-55ff0bd17dc0,nice,5,2025-09-03 22:13:07,tiketcom
805eb3a9-0086-49a1-901f-4eaafd354e08,ribet mau beli tiket dan booking hotel,1,2025-09-03 21:25:33,tiketcom
97df6c65-6c29-4cb6-bd73-ceb5c6f062fa,"hati2 jebakan ""FLIGHT DISRUPTION"" ( asuransi keterlambatan atau pembatalan ) walau kita tolak,tp tetap aplikasi ini memasukkan ke biaya tiket, & saat kita komplain dgn menghubungi nomor CS minta uang di kembalikan terkesan sengaja di lama2kan, beda dengan TRAVELOKA yg segera mengembalikan TANPA MENGULUR - ULUR WAKTU berharap kita bosen menunggu dan memutuskan panggilan dan saya yakin byk yg komplain & sebenarnya CS udah tau jawaban nya : TIDAK BISA REFUND... ini strategi marketing JEBAKAN..!!!",1,2025-09-03 15:02:42,tiketcom
246e43d6-c88d-46de-9d9a-ebfda78f8281,saya puas dengan pelayanannya,5,2025-09-03 14:30:12,tiketcom
76e53abf-0117-47b1-8025-0256446c03b9,"saya mau login ulang pake email,tapi malah mentok d layar hitam 3 jam d tungguin tidak ada perubahan,mana tiket udah di beli mau ganti tanggal karna salah tanggal tadi nya malah gak bisa buat d ganti",1,2025-09-03 12:04:08,tiketcom
de003d82-9959-412b-818b-d505affc3f6a,okelah,5,2025-09-03 07:10:06,tiketcom
d830add7-92db-42d7-9624-9bbed0905941,maaf saya lebih suka sebelah limit dapat 32jt. disini ditolak terus. punya cc tiket. com tersa percuma,1,2025-09-02 21:10:06,tiketcom
13713540-792f-4e59-ac46-fd7676854da5,bagus sekali,5,2025-09-02 17:57:48,tiketcom
513e6118-3444-4e31-90dc-e7984fc6fc2a,Dapat diskon dari harga normal.. 😍😍,5,2025-09-02 17:46:07,tiketcom
2dad7358-98fa-4974-b234-1531595e1d8a,jelek,1,2025-09-02 15:08:37,tiketcom
0da23340-ca77-43ed-a7d0-3afe0215b597,"mantaap, Banyak Promo & order nya juga simpel, praktis",5,2025-09-02 14:25:22,tiketcom
f58d6d46-73e2-4e0b-8bcf-4f573f84c6be,sudah bagus hanya info harga disetiap tanggal kdg tak muncul & promo cpt habis,4,2025-09-02 13:05:31,tiketcom
a7b74221-654e-4415-8a59-3d0b54a842f8,"tquuu,,,sangat membantu 🙏",5,2025-09-02 13:00:17,tiketcom
070448ef-04c3-4c38-9584-67b81a6030a2,"pelayanan agent cs sangat minus, pelayanan agent sangat buruk,",1,2025-09-02 11:44:53,tiketcom
6fe8b90d-e9bc-4ba4-8a75-4e65c8c18d05,"amit2 pesen hotel di app ini. pihak hotel sdh appover refund, tp pihak aplikasi berbelit2 dan mempersulit. amit2 jangan sampai pesen di aplikasi ini lagi. pesen di sebelah refund ga ruwet. sy refund krn kondisi saat ini tidak kondusif banyak demo anarkis dimana2",1,2025-09-01 22:00:11,tiketcom
4055b4a0-fdc4-4fbb-b4bc-c942bf69c9b9,"ini aplikasi mau pesen tiket kereta aja susah, udah nyoba dari jam 1 pagi sampe jam 8 ngak bisa, ngak di perbaiki kahh masalahnya???",5,2025-09-01 18:56:11,tiketcom
3b36bc0a-cfd5-4ee2-9c44-8c8f76293c1f,memberi informasi yang tepat,5,2025-09-01 14:58:19,tiketcom
7cebc333-2b2b-41e1-8e10-d417a84caa2d,"gak jelas...saya gak pengajuan refund kok tau dibatalkan,dan pemgembalian dana harus nunggu 14 hari,padahal saya bayar cuma dikasih waktu 15 menit..",1,2025-09-01 14:36:07,tiketcom
3305dcaf-c9ec-4b74-ba8d-06df2af7b6e7,sangat ekonomis dan mudah,5,2025-09-01 06:50:32,tiketcom
b6141897-78e8-4ad7-b2b3-384a929bf6f3,tolong dong perbaiki yakali sistem bermasalah terus kasian atuh sama yg buru2 pesen tiket ngga bisa terus terkendala sama sistem coba lagi 😭,1,2025-09-01 05:58:01,tiketcom
77708b3f-9d93-44dc-b5ab-6b8a1100d3e2,Good,5,2025-08-31 21:45:28,tiketcom
84eb2e00-7a4a-4902-8273-836644869307,love it,5,2025-08-31 21:29:03,tiketcom
209af424-cb71-4424-95a2-28944f19d987,Oke,5,2025-08-31 17:52:32,tiketcom
905be85a-6390-423d-8cf3-3c81013f4cfe,membantu sekali,5,2025-08-31 17:29:57,tiketcom
1002f89e-99cf-49b8-bd56-03dde5abd9bc,keren pokok'e,5,2025-08-31 12:04:14,tiketcom
25b1f861-9ee5-410f-ac6d-13110212514d,ngk jelas nyesal gua nge order. Rugii guaa,1,2025-08-31 10:12:31,tiketcom
1b282aa7-9f92-49cd-9583-c05a79f9e933,oke,5,2025-08-31 08:05:20,tiketcom
d4c880fb-70a5-4242-8c1e-883d2e1d62c6,mantap dqn membantu,5,2025-08-30 19:14:54,tiketcom
f38d1e06-80b6-4314-958e-fb7b4a1c4761,bagus,4,2025-08-30 07:29:53,tiketcom
cb3134c9-d02a-439e-9011-bd612d8463f1,"Semangat, semakin baik 👍👌🙏🙏🙏",5,2025-08-29 23:35:04,tiketcom
69e08fa9-aa30-4ab1-aba6-6c47977c4698,bintang 5 customer carenya cepat dan sangat membantu,5,2025-08-29 21:08:11,tiketcom
35f8e2ee-9339-40e4-b0c6-417e2f705721,"murah di awal pas diproses naik,pas dapat yang bagus gak bisa di bayar.",1,2025-08-29 20:01:12,tiketcom
e1a23123-ecf5-4475-a137-2b415601878d,"aplikasi penipu ini, dah pesen hotel jauh2 hari, pas mau chechin ternyata nama qt g ada pesan,mana uangnya g bisa di refund...zonk bgt kan...bayangkan aja qt dr jauh dah seharian dijalan nyampe pengen istirahat malah zonk...",1,2025-08-28 18:38:32,tiketcom
da6603d7-b4b8-4f7d-a390-8384d4dcbcd2,Parah banget nih aplikasi,5,2025-08-28 05:28:27,tiketcom
07b8d50b-4424-4e96-a305-87fa0fa25ef8,bagus bangat,5,2025-08-27 17:14:49,tiketcom
4da66cd7-5ef7-4221-bae6-f468fa78f095,bagus,5,2025-08-27 15:10:34,tiketcom
34e33611-130c-4683-9276-ff4349f188c2,murah mudah dan terpecaya,5,2025-08-27 02:08:03,tiketcom
7f8b2764-8b5d-48f7-aa1d-37a98a1f0a49,"masuk Mulu di iklan, bikin risih",1,2025-08-27 01:08:14,tiketcom
2d1f21ce-c765-4926-9ce9-eeda946f6456,goodd,5,2025-08-26 19:47:00,tiketcom
0d665abd-19d4-433b-ad14-b7aaba6291c4,chack in bermasalah di pesawat dan pesan mobil ada denda meskipun ada delay dari pesawat tidak ada keberpihakan kepada pelanggan,1,2025-08-26 15:29:28,tiketcom
c3bb726a-8cf4-4dc3-9306-d5775bf682a7,baru kali ini pesan tiket pesawat bermasalah di boarding pass beli 2 nama hanya 1 yang keluar ditambah mobil jemputan dari bandara pake ada denda sangat tidak rekomendasi,1,2025-08-26 14:05:05,tiketcom
9b70144d-94e8-410d-97a0-d05200551baf,siip,5,2025-08-25 20:39:17,tiketcom
6a5e793c-e25d-484e-b3bf-c7357926b49c,"buruk. masa order sekarang wajib proteksi asuransi apa gitu.. gak ad pilihan cancel/batal.. maksa.. beuuhhh bintang 1.. dibales CS katanya bisa di klik ""batalkan"" sebelum dilanjutkan. padahal gak ada pilihan dibatalkan. dicoba dulu bung baru direspon keluhan customer.",1,2025-08-25 07:58:14,tiketcom
029cc127-b7f5-4753-a5e4-24a562fe4670,mantap,4,2025-08-25 06:37:01,tiketcom
1a0962cc-b866-4604-8721-b5e7efaa150a,good,5,2025-08-25 04:11:49,tiketcom
a106083e-6c75-469e-931e-acac58ca2cda,banyak promonya,5,2025-08-24 19:52:37,tiketcom
031e53fa-d5f1-4b44-a317-60aef654b738,"mantap, dengan pelayanan terbaik. salah cek in, bisa mudah di rubah dengan gratis dan harga tidak berubah.. sesuai.. dan tolong di tambah diskonya ya, apalagi khusu pengguna abadi, pengen juga dong vocer di ulang tahun para pengguna. semoga saran dari costumer bisa menambah rating yerbaik menjadi pengelola layanan hotel ter the best di indonesia. nilai ini saya buat demi kian tanpa paksaan dan sungguh berdasarkan pelangalaman terakhir menginap di hotel pondok bambu. trimakasih",5,2025-08-24 16:56:55,tiketcom
667b906c-1454-4cc5-91ab-f2d82afe02ce,membantu,5,2025-08-24 14:55:26,tiketcom
fa8dbf5f-bc84-4069-b8b0-c2c12de8946e,Hati Hati ketika order di Apps ini. Pilihan Kamar ini tidak sesuai dengan realita di Hotel. Hotel anggap pilihan kamar dari Apps adalah request. Lain kali Kalau tidak ada Jangan Tampilkan di pilihan Kamar Jadi merasa ketipu.,2,2025-08-24 10:34:01,tiketcom
de4652bb-52fe-46d5-99b4-6a310b39583b,"login nya ribet susah gagal terus, in-app browser nya bapuk gajelas login via google stuck white screen ga terjadi apa-apa hanya loading. gajelass baru mau login aja udah ga beres, liat komen yg lain juga ini aplikasi ga beres. mending pake aplikasi lain.",1,2025-08-23 23:16:36,tiketcom
dbd0349e-ac8d-417c-9e83-f7c69d42b9dc,"Susah bgt mau login ulang, bikin akun baru juga server error terus, mana urgen lg hadeh payah..",1,2025-08-23 19:53:13,tiketcom
685d0260-9b34-41ff-b045-114175156687,sangat membantu.,5,2025-08-23 13:05:55,tiketcom
41162962-203d-457c-a4e0-6d3df552d5dd,ok gut.,5,2025-08-23 09:24:15,tiketcom
704e3ce7-eb34-4a80-a368-2a3a0ae2e7b1,"udah dibayar , malah di batalin sendiri maa sistem",1,2025-08-22 07:56:36,tiketcom
4828e956-23be-423c-bc9e-6508df770986,memudahkan untuk pemesanan online dan the best,5,2025-08-22 07:44:00,tiketcom
779827ac-ffec-4bd0-b806-20749106f7b7,"penggunaan mudah dan sangat membantu, trm ksh",5,2025-08-22 07:30:52,tiketcom
dc835879-0564-4501-bdb9-93fe7da55d0f,mantap,5,2025-08-22 06:05:16,tiketcom
73892996-fd03-4943-b95b-18f430772f87,yoii,5,2025-08-22 04:50:26,tiketcom
e7e24791-caae-42a8-b2ef-6e168ca49350,sangat membantu,5,2025-08-22 02:23:00,tiketcom
3f51d9f6-f32d-491f-ade3-e54a8b8ada0a,"tiket sering kerefund, salah sistem tapi pelanggan yang dirugikan, refund ke blibli bukan ke bank langsung pemilik, promo yang dipakai hangus. Ada baiknya dipikirkan kompensasi saat salah sistem, promo pelanggan tetap dikembalikan gak cuma dana yang keluar aja. Cari cari tiket dll itu butuh waktu, refund dana ke banknya juga butuh waktu. Kamu yang salah sistem, kita yang rugi waktu.",1,2025-08-21 22:54:55,tiketcom
8096a459-1211-4679-9478-deceb67817ad,Semoga kedepannya dapat menambahkan fitur pemesanan kereta bandara dan kereta lokal.,5,2025-08-21 18:23:26,tiketcom
1fff5130-62da-4a55-a4d3-b60629a6d803,sangat membantu dan mudah,5,2025-08-21 16:20:58,tiketcom
969f647d-3f10-4115-9b7f-f72fadaaa659,OK!,5,2025-08-21 09:27:36,tiketcom
ce6d4d39-2f1c-4ad1-a7ff-4a2d51cd99a8,puas pakai aplikasi ini,5,2025-08-19 17:32:17,tiketcom
0ef6feba-6d4f-464d-8635-c068102ce779,pencarian tiket bus akurasi rendah sekali......tidak ditemukan tiket yang lebih sering muncul....,2,2025-08-19 17:30:49,tiketcom
2293a76c-e827-4781-a374-c7c7830ef57d,susah untuk login,1,2025-08-19 06:45:39,tiketcom
f707ac8c-b2c3-40a8-91ad-52ae65964f08,bohong ah promonya skemmm,1,2025-08-18 22:41:26,tiketcom
42a0dda5-ddd2-4958-abf5-ec2c26256414,keren.. harga bersahabat,5,2025-08-18 17:03:32,tiketcom
98a29e5c-0e3e-4567-99ad-45182b508982,"aplikasi sampah...hapus aja aplikasinya saya mengajukan refund di tolak,tapi mau cek in pihak hotel sudah membatalkan lebih bagus traveloka",1,2025-08-18 11:04:41,tiketcom
36aa40e5-b44f-4eac-8a06-3e62542efc89,rekomendasi buat semua,4,2025-08-18 06:20:20,tiketcom
134f1ed8-c58f-40be-a61e-614f49311c80,sangat membantu,5,2025-08-17 19:02:11,tiketcom
e7a40a78-b30a-4411-99e9-71bd5e981d42,"nomer saya sudah terdaftar, di akun lain, saya login pake nomer telpon, suruh melengkapi data, udh di isi dan di lengkapi, malah balik lagi ke awal suruh login atau daftar, kan kgk jelas ni aplikasi",1,2025-08-17 18:51:41,tiketcom
9aa77660-e1b2-4ff6-974f-15b67d11c3a6,mantab,5,2025-08-17 18:43:58,tiketcom
a20aff10-4f81-4476-a21c-c5ace15bace7,best,5,2025-08-17 18:35:57,tiketcom
f795bace-e06f-47e4-9d76-ff4a17cc0aa3,update kamar tdk akurat,3,2025-08-17 17:52:14,tiketcom
c8233855-9641-4e42-97d8-d77f68aba171,❤️,5,2025-08-17 08:40:58,tiketcom
4eae6ce1-16a4-4a18-b657-c1938eeee96c,tiket. com ok,5,2025-08-17 01:24:59,tiketcom
6fc6c170-03ba-4d7c-9934-2ac5d882d0a4,"mau login kok lama banget loading nya ,pas selesai loading tiba-tiba balik halaman utama suruh login ulang dan ini berulang kali,, tolong tim it fix kalo gini terus ,pengguna setia pada kabur ke apk sebelah",2,2025-08-17 00:13:38,tiketcom
f5f6bb14-f54d-420f-83ea-ba4edbfb276d,ok,5,2025-08-16 22:38:08,tiketcom
980c3919-b431-4080-b259-a5c8ebc46ba2,good,5,2025-08-16 20:25:19,tiketcom
4e43bc86-22a0-4dc5-b4f4-3f573f114b54,emejing✨,5,2025-08-16 16:59:48,tiketcom
4ac08ee7-048a-4a90-9769-0b4c0c1be6e2,bagus,5,2025-08-16 14:48:39,tiketcom
ee3a39f8-756c-4913-8147-1c3061088acb,murah,5,2025-08-16 13:27:22,tiketcom
53208c00-b3d5-46c5-b9b0-061819807772,sangat membantu dalam perjalanan,5,2025-08-16 13:10:39,tiketcom
26b46365-fc87-405b-933a-e574880065f4,kesalahan dari aplikasi tapi harus customer yang rugi,1,2025-08-16 00:33:08,tiketcom
92257838-a3c8-4ba7-b7de-11e23726bd48,bintang 🌟🌟🌟🌟🌟,5,2025-08-15 20:08:33,tiketcom
b15ea256-ef5b-4091-b45f-446d5b07a7a3,mudah dan murah,5,2025-08-15 19:15:38,tiketcom
40c67b9a-6e58-400f-9d0e-3d1721b15a37,selalu mempermudah. terbang kemanapun dengan harga terendah dan terstabil dibanding aplikasi lain.,5,2025-08-15 18:45:23,tiketcom
07cc0980-fbe0-4452-bc18-1465b928f231,keeren,5,2025-08-14 20:43:27,tiketcom
d0b3536d-6aba-4f12-822f-d63dd364e5a5,"buruk sekali apk mu banyak loading lama sekali sampai susah sekali untuk masuk, padahal apk nya d buka d hp baru, perbaiki kamu punya aplikasi ini",1,2025-08-14 07:22:13,tiketcom
65b3ab0d-a8b8-420e-8f2a-e8e13c1d7aa6,harga jauh lebih murah dibanding aplikasi lain ♥️♥️,5,2025-08-14 00:07:06,tiketcom
106e30f0-0fca-45a4-be0b-86e1940c8a79,berguna banget dan mempermudah dalam pencarian penginapan,5,2025-08-13 13:46:29,tiketcom
855266c8-5dd5-419d-b395-99697724d7ff,puas,5,2025-08-13 08:41:59,tiketcom
ca55885e-7159-4c0b-b77a-7259f2d1154b,okee,5,2025-08-13 04:58:27,tiketcom
d011e389-0876-4e04-bf66-76cb141de368,bagus,5,2025-08-12 20:25:38,tiketcom
39f14099-d3e2-4052-9326-54f20aec283f,Sangat membantu,5,2025-08-12 09:55:13,tiketcom
eda6c475-b313-4b72-be9d-67367bc0b864,bagus,5,2025-08-11 08:17:35,tiketcom
36442f3e-65e7-401e-b213-79c2a2873e3d,aplikasinya nipu harganya itu semuanya belum termasuk pajak dan lain-lain sehingga ketika klik checkout harganya naik 20 sampai 30%,1,2025-08-10 18:36:50,tiketcom
d63e6481-b195-4c13-9ebf-c029b193b0c6,so far so good apalagi byk benefit diskon dan cashbacknya,5,2025-08-10 16:49:47,tiketcom
68268621-5686-477e-b993-1586638e683a,"aplikasinya gbsa ada tanggungjawab nya,",1,2025-08-10 15:10:53,tiketcom
4e19dbaf-ac33-4b0a-9236-2f24d084d639,"jangan coba2 pesan di rugikan habis apalagi kalu yg bundling dgn tiktok kacau proses refund bisa 14 hari,",1,2025-08-10 13:30:01,tiketcom
672dd80a-9383-45d5-a6d3-0097928a76fb,Lanjutkan.....,5,2025-08-10 09:24:46,tiketcom
77f85388-e6dc-4c57-ae50-503be52f5bb9,menu pusat bantuan dan bantuan langsung tidak dpt diklik. pdhal menu lain gak masalah/bisa diklik. apa sengaja tidak diaktifkan. pdhl sy mau komplain pembayaran berhasil pdhal muncul pesan kamar full. tgl 6 agt 2025 a.n titik titik di homestay embun pagi dieng,1,2025-08-08 22:10:54,tiketcom
989d6323-0c85-4f1e-b5f8-38dec76237b2,"sangat membantu, harga murah",5,2025-08-08 13:58:47,tiketcom
3401ef85-3062-438c-96ac-64bc8db7c08a,josjis,5,2025-08-08 13:06:17,tiketcom
14203efe-a56d-458d-992b-5f3f828568e8,lancar saat check in,5,2025-08-08 09:39:29,tiketcom
9cbc9d7b-8908-412e-ab0e-451c71bf08f6,aplikasi yang sangat membantu,5,2025-08-08 06:01:57,tiketcom
800a2d35-26b3-4d28-a5ec-3660b123a43b,sangat membantu,2,2025-08-07 20:09:33,tiketcom
fa6fcfe4-de44-4e6d-97f4-768507e247d6,kok ngebug mlu ini ya ga bisa ngisi email pas mau booking pesawat,4,2025-08-07 09:28:20,tiketcom
4f473f54-befc-4612-be04-37a82c302188,👍👍👍,5,2025-08-06 21:08:52,tiketcom
2f46d886-c5be-42e2-9df3-0c25254c0bf6,ok bgt,5,2025-08-06 19:32:07,tiketcom
bf412901-f1bf-4e0b-bccd-4be773cf858f,Rekomended,5,2025-08-06 15:30:37,tiketcom
6b3b25a6-1fc2-49bc-be10-72f097ce73fa,"Tolong alamat keberangkatan serta tujuan lebih jelas lagi, saya kebingungan mencari alamat keberangkatannya.",2,2025-08-06 15:30:08,tiketcom
ec10f877-53bf-4c28-9fd8-546c9a9fc439,"tolong diperbaiki lagi system dan aplikasinya, karena saya memesan kamar untuk menginap, tetapi pilihan kamar yang sudah dipesan berbeda, untungya dari pihak penginapan ada kebijakan dan bisa di upgrade terima kasih",3,2025-08-06 13:06:02,tiketcom
fe359598-e7b5-4da1-9f24-c31c0071c762,ok mantappp,5,2025-08-06 09:08:47,tiketcom
7210d540-fddf-498b-b8e4-aa66acadfc1e,pas dan mantap,5,2025-08-06 07:41:12,tiketcom
3296be8c-631e-4e0c-8846-6d584c70a5a3,mantab,5,2025-08-05 09:57:53,tiketcom
8420092a-28be-4628-8771-65cf1d9a1220,nyari tiket kereta api gak bisa gak jelas banget masa bengong aj. gak canggih gak bisa di buka nyari tiket keretA api👎👎👎,1,2025-08-05 06:47:52,tiketcom
26d9899f-f866-4f41-9b56-6ac29b248b62,"daftar aja gagal mulu, di ulang2 terus",3,2025-08-04 15:49:37,tiketcom
5def6818-2500-4ea5-bf5d-8987f58b4f09,"Aplikasi sangat bertanggung jawab, pencairan refund ga sampe 5 menit",5,2025-08-04 15:34:50,tiketcom
8ac34250-030e-4dd1-ab21-f2504f1a242b,"mudah2an cari tiket pesawat,kereta dan bus",3,2025-08-03 22:16:16,tiketcom
e8990050-14bb-452d-8263-1b92fd968a5d,TERBAIK,5,2025-08-03 21:52:09,tiketcom
41047b9c-0eea-4c3c-aeaf-5308b8b2ee38,sangat kecewa.. pesen tiket bus Handoyo berangkat jam 20:30 tapi jam 19:00 berangkat gak ada konfirmasi juga,1,2025-08-03 21:01:04,tiketcom
f0419d69-6c27-4356-b657-210c1a1efff3,"saya ada pesanan mau di reschedule gak bisa atau refund karna gak bisa masuk app, sudah dari google dari aplikasi tidak bisa masuk pdhl sudah bayar dan bener bener tidak bisa bantu apa apa ini aplikasi sudah dri awal nulis tanggal 2 trnyata dikasihnya tanggal 7 ter otomatis , buat orang-0rang yang buru buru seperti saya sangat terjebak dan tidak bisa ada bantuan apapun dri aplikasinya, ke pihak hotelnya jg gak bisa komen apa apa wah bener bener ini, sudah bayar full gak dpt apa apa kecewa !!",3,2025-08-03 20:11:12,tiketcom
73735e9b-76ff-43a0-b7c4-4d1106d7518c,"jangan pernah pake aplikasi ini. saya pesan hotel untuk 1 malam, pas chek in ternyata hnya 2 jam nginap. saya lapor tgl 2/8/25 no. 18214644 krn tdk ada keterangan apapun terkait itu pd saat pesan. dari CS bilangnya ada di keterangan ""Room Description"", saya kirim bukti screenrecord video & capture untuk simulasi pemesan dan sdh jelas tdk ada ket 2 jam di ""Room Description"". setelah bbrpa saat, saya dihubungi cs lg dan mereka blg sdh ada keteranganny. dan sim salabim, ketrngn sdh ada. wkwkwk",1,2025-08-03 14:10:27,tiketcom
f7db9ec8-52ef-4ccd-a171-887b40484118,bagus,5,2025-08-03 09:50:13,tiketcom
8486bd8e-3373-43a0-9675-a5cbe3812373,Good app,5,2025-08-02 21:03:43,tiketcom
1efeeea4-f625-4919-8b33-1f69701b9eeb,Luar biasa,5,2025-08-02 18:52:24,tiketcom
fbebe558-4bf7-4bd2-8086-24315b3c75a9,"sampah, cancel by system secara tiba tiba. refund ke bliblipay secara sepihak dan ketika ingin tarik uang ke bank kena charge admin??!! bukan masalah 2.500 lebih seperti tidak menghargai user, kebijakan aneh solusi yang di tawarkan nyeleneh. tutup aja",1,2025-08-02 16:38:31,tiketcom
0630d37f-a259-417f-984f-8f71968df66f,"Kecewa pesan hotel tapi ga ada hotelnya dan dibiarkan ada di aplikasih tiketcom. Sudah di komplain ke CS tp malah bekerja sama dengan pemberi sewa hotel palsu, modusnya dengan memberikan nomor palsu agar komplainan bisa di selesaikan pada aplikasi padahal ga ada staff yg dateng. Pengalaman buruk dengan tiketcom harap lebih hati hati menentukan hotel melalui tiketcom.",1,2025-08-02 15:37:16,tiketcom
44201b05-b6bd-4ef8-a6a4-7b6ec8de5c82,"Tolong diperbaiki sistem tata cara penyelesaiaan order nya terutama terkait tiket pesawat, bagaimana bisa pesawat belum berangkat sudah dianggap order selesai, terutama tiket Li*n yg langganan delay, sungguh merugikan customer",4,2025-08-02 13:58:25,tiketcom
7b732efe-1119-4d00-87d6-5f2d4ae48938,Kalau sudah tidak kerjasama dengan hotel tersebut kenapa masih dijual kamarnya.akhir kita sebagai costumer rugi waktu dan uang.,1,2025-08-02 13:46:34,tiketcom
dfb36bfb-cade-4c9f-a951-44f617bcd585,apaan gabisa login. Sudah download apk trus login akunnya diarahkan ke web malah ga masuk²,1,2025-08-02 12:51:33,tiketcom
aa1d99fd-f9dc-4af5-bc62-f3cd96afd9b1,sangat membantu dan memudahkan customer dalam menentukan transportasi perjalanan,5,2025-08-02 08:31:37,tiketcom
31bfc4c9-bc52-4eaa-ac96-eb96439929c1,oke,4,2025-08-01 13:32:53,tiketcom
4e3611d2-d1f7-4d09-b4c5-f6e1f155f04f,banyak pilihan transfortasi,4,2025-08-01 07:09:28,tiketcom
71390922-c903-467f-a150-738055ab9745,"sering terjadi masalah saat pembokingan hotel, pesawat.",1,2025-08-01 03:24:33,tiketcom
8759c905-57b0-490b-890f-1d2bd62cefe6,"gw reset penilainnya asli hari ini keqi berat dgn integrasi datanya asli PARAH !!! booking utk minggu depan tp dihari yg sama 2 kali booking gw direjek hotel krn data room avalaibility nya integrity nya BUSUK, sistem depelover ama sistem refundnya KOPLAK, yg bikin keqi refund ke walet blibli mau re-book duit gw kurang mau topup hrs via blu, hrs install blu dulu, akhirnya rebook gw bayar by livin eeh direjek lagi numpuk lah di walet blibli, kurang PEKOK gmana lagi nih SOP ?",1,2025-07-31 20:54:04,tiketcom
9b885d01-2ee5-46d3-910a-32290141bf3d,"padahal saya tidak merefund sama sekali tapi tiba-tiba ada notif memproses refund, pas saya tanyakan sama CS jawabannya malah disuruh reschedule sedangkan proses refund aja baru selesai 1hari kerja uang dari mana saya harus reschedule sedangkan reschedule otomatis harus bayar langsung dulu? semoga lebih baik lagi kedepannya jangan bikin customer kecewa.",1,2025-07-31 13:10:24,tiketcom
e67ea328-c691-4ad0-984a-651303aef4bf,harganya bersaing,5,2025-07-31 10:30:18,tiketcom
2ba7057c-6200-46b7-94d0-a7e5dcf2b632,Penipu,1,2025-07-31 04:31:04,tiketcom
a674a881-fb0e-46ca-8c54-db05e6a6fa30,"tgl 30 juli pesan hotel. proses etiket belum terbit, dana sdh transfer. sdh malam tidak bisa check in, aplikasi bilang 2 jam tidak sampai, sdh 3 jam nunggu, sdh telpon CS juga suruh nunggu. kapan sampai nunggu, ini dah malam woyy",1,2025-07-30 19:53:42,tiketcom
3360de42-5461-4670-a37a-167f100db1d7,sangat tidak rekomen...mau reschedule berbelit belit..akhirnya hangus juga uang pembayaran,1,2025-07-30 19:37:17,tiketcom
20537d03-12c1-4cd6-8983-f47827f292c6,good,5,2025-07-30 15:58:56,tiketcom
2278bade-c6aa-4f86-842f-1492053d14dc,"Saya sarankan jangan pake APK ini. Kalian pasti akan di persulit dan juga refund nya pake bliblipay, agak ribet. saya nunggu E-tiketnya setelah bayar 4 jam ngga ada E-tiketnya setelah refund malah di arahakan ke bliblipay padahal saya bayar via BRI ngakak emang. Jadi solusinya jgn pake Tiket. com saya kapok",1,2025-07-30 13:58:17,tiketcom
71eab6ae-e541-430d-885c-2b00b73cc0be,"e tiket tidak muncul, customer service cuek,padahal pembayaran udah berhasil",1,2025-07-30 12:18:46,tiketcom
32540fad-c404-4a1a-96bf-cd9fa735ca53,Memudahkan kita saat bepergian,5,2025-07-30 10:10:41,tiketcom
dc46d1af-185c-4487-a68f-6a4a400438a6,pas mau login/daftar selalu error. ada tulisan sedikit ada gangguan. wifi sama data lancar padahal. udh dicobain dri kemarin-kemarin sampe hari ini tetep gabisa.,1,2025-07-30 09:10:40,tiketcom
8a0f0370-655a-46b8-a475-b132d38fa170,penjualan suda tidak murah. kita mau beli tiket selalu selalu ada menu +++ kita kagak ambil. harga langsung berubah..kagak mau julan tiket mmhh,1,2025-07-29 18:33:25,tiketcom
2df762b5-8897-41ab-92cb-59a82a26830a,semua urusan jadi lancar tidak lemot,5,2025-07-29 08:40:01,tiketcom
5f0db9db-1a4c-4143-9c7c-8911bef70c95,customer carenya gercep,5,2025-07-28 21:20:48,tiketcom
1c7ce4d9-9ebc-4c7c-a74a-900197088857,"aplikasi berkedok penipuan, saya sudah bayar lwt VA bank permata saldo sudah terpotong transaksi berhasil tapi di aplikasi tiket. com nya pemesanan masih ada waktu 10 menit juga tapi transaksi malah ga di proses smpe waktunya habis padahal saya sudah tf masuk dan berhasil, ngecat cs nya malah bilangnya blm msk ga terima dananya jelas jelas sudah berhasil, saya punya bukti tf nya loh, saya sudah hubungi pihak bank kata banknya transaksi sudah berhasil masuk ke rekening tujuan, emng dasar nipu!",1,2025-07-28 19:51:36,tiketcom
6870c09c-d851-41e5-bb98-e11dca0fe2d3,"penanganan masalah terkesan lambat, diminta menunggu terkait etiket tidak terbit",2,2025-07-28 14:26:41,tiketcom
6ac25969-765b-4089-8f9e-6c80427900d3,tak ada kata yg tepat untuk menggambarkan kecuali kata MATANG,5,2025-07-27 15:24:42,tiketcom
0e222434-afb6-4db1-865d-cc5926993972,"klo gak bisa bikin aplikasi yg bertanggungjawab jangan bikin mau untung tp, gak mau rugi nanti ketika di unjuk rasa kantornya bingung yg amanah ketika bekerjasama dengan orng",1,2025-07-27 14:21:09,tiketcom
8f155d7c-60bc-4122-b46f-d21911f2fb82,bermalam menyenangkan,5,2025-07-27 14:17:31,tiketcom
c598ded9-0be8-42b8-b2a6-85a307bca808,alhmdulillah the Best,5,2025-07-27 12:39:33,tiketcom
d28ac248-5f53-4e8a-8a6b-90b8e4327164,bagus,5,2025-07-27 06:33:53,tiketcom
45db7c21-3e4e-4307-906d-f82ce784129d,tingkatkan selalu pelayanan terbaik nya,5,2025-07-27 04:31:44,tiketcom
410fefb0-539c-43a3-a104-68f8414e5c6e,aplikasi ampas,1,2025-07-26 18:44:37,tiketcom
0fc3be19-2e2e-4422-8f5c-6530a0709a4f,gak bisa di refund,1,2025-07-26 16:22:09,tiketcom
e0f4e662-318d-4b04-aa06-c11d6b56fa80,pesan tiket hotel dah smpe hotel d cancel sepihak. Tapi pihak tiket udah minta maaf dan memberikan cash back diskon. trims walopun kecewa d cancel dadakan,5,2025-07-26 12:01:14,tiketcom
970bc29c-f68a-45a8-9752-036d63c011ec,"uang ga kembali, order id ga valid. hadeh",1,2025-07-25 19:25:28,tiketcom
6c638145-3bb3-45db-afb0-66a9ad24cc22,"saya kehilangan uang sebesar 2.720.000 di aplikasi ini, dan mereka pun tidak mau bertanggung jawab",1,2025-07-25 14:50:16,tiketcom
b5da4db9-aaf9-44e6-8cab-728009ffbd7d,"kenapa di saya jelek banget apk nya?? berkali "" daftar gak bisa",2,2025-07-25 14:38:38,tiketcom
0e6b458e-f618-4480-9583-608182c4b0b5,saya ingin cari hotel dengan inap 6 malam serta dapat diskon tetapi kenapa total harga nya permalam? harusnya totalnya semua 6 malam agar lebih cepat mudah dicari. tambahkan total keseluruhan dari penginapan 6 malam bukan 1 malam saja,3,2025-07-25 14:21:39,tiketcom
2172916f-5b7e-4445-a888-bc7013c634a0,sangat membantu,5,2025-07-25 08:12:51,tiketcom
60d1b09f-fffa-452b-a4df-84ca6fbc3f25,"saya baru saja ketipu lewat aplikasi ini, profil hotel lengkap, namun tidak ada bangunannya, saya ketipu 2 jt lebih, harap hati² bagi yang lain, lebih baik cek langsung ke tempat bila memungkinkan.",1,2025-07-24 23:02:09,tiketcom
132a5c12-afe6-4c32-a0fc-6f24e71868e4,mantap,5,2025-07-24 11:06:26,tiketcom
b2d2f45a-fe75-4b51-9784-a76efab5613a,ok,5,2025-07-24 08:06:39,tiketcom
65b5ccc9-727c-4c67-8ed7-a7319a9f7862,Keren nih aplikasi liburannya. Banyak diskon dan mudah digunakan. Banyak fitur yang membantu juga.,5,2025-07-24 06:29:45,tiketcom
8ae1e905-9c46-4ec1-bb08-0e801920236f,sangat mudah dijangkau dan cepat tanggap. terimakasih.,4,2025-07-24 05:34:45,tiketcom
7977a2cf-2663-41eb-b79d-f983859e2397,"sudah melakukan pembayaran tiket kereta api, tpi tiket tidak terbit apk nya agak agak",1,2025-07-23 23:13:37,tiketcom
66f35009-48de-4ccb-9105-532521cbb00f,mantap,5,2025-07-23 12:28:28,tiketcom
0fcfc896-efef-4069-9cf4-5e9c1fb23bf4,"Tolong dong, saya tdk pernah pesan tiket di aplikasi tiket. com bahkan aplikasinya sudah saya UNINSTALL!!! Ini kenapa saya di telp terus, ditagih katanya punya tagihan yg. sdh jatuh tempo dr tiket. com!!!! ANEEEHHHHH!!!!!! GANGGU BANGET DEH, PLEASE!!!!!!!",1,2025-07-23 09:07:29,tiketcom
c5fff090-5afe-485d-82bc-75c3e48cf50d,Sangat helpful on the right time!,5,2025-07-22 15:57:44,tiketcom
15ad1a97-54b5-4c00-ba63-25a83512adcc,"liat dulu perkembangannya, banyak diskon atau promo gak",3,2025-07-22 11:37:57,tiketcom
f14f5812-bebb-4abf-a7f9-0239ca4d6db7,"bagusssss bangettt, banyak sekali manfaat dan fasilitas yg diberikan tiket. com",5,2025-07-21 15:18:01,tiketcom
40e6bd01-9e0b-478e-86b4-ca76d895f75b,"nggak mau lagi deh pakai aplikasi ini,sulit bgt pengajuan reschedule udh sulit ehhh malah ngak di setujui,pahala pengajuan masih jauh hari sebelum hari pemesanan.",1,2025-07-21 14:37:24,tiketcom
01d59c63-ce23-4a98-bbe5-7225594c6c6a,sangat berguna dan bagus,5,2025-07-21 11:06:12,tiketcom
7dbcb10c-330a-44ce-8034-137a1f8d4069,Mantap,5,2025-07-21 09:39:58,tiketcom
1306badd-ce9c-40fd-9f0b-a64c04c7b496,top,5,2025-07-21 05:12:32,tiketcom
2a4b3228-fd9b-4647-b1e9-0c87ebc6c4f6,mantap,5,2025-07-20 20:30:53,tiketcom
74663e49-bcd8-4c8a-b5e1-73413ed49ae8,"pesan hotel, tiket pesawat dll disini aja langganannya, cpt satset dan mudah bgt",5,2025-07-20 15:55:10,tiketcom
a081e898-69dd-498e-93aa-02db49470e2c,sangat membantu,5,2025-07-20 13:44:24,tiketcom
b4c10e01-fd0e-4abd-b728-b826a0bc7911,"ini apk nya lagi bermasalah kah? aku mau log in gak bisa2 sampe berhari2, sekali nya bisa masukin kode otp malah ttep gak bisa masuk padahal sebelum lancar2 ajh, saya udh pake apk ini dari 4th lancar2 ajh, tapi pas di uninstal dan di instal ulang malah gak bisa log in",3,2025-07-20 07:26:53,tiketcom
4a0e23b6-f644-4dee-8b82-2a0e0e20af94,Nih aplikasi apa? Sudah ngeleg baru beberapa hari dipakai malah ngeleg banget padahal jaringan lancar lancar aja buka aplikasi lain lancar aja ini aplikasi ngeleg banget udah kek zaman batu,1,2025-07-20 07:12:23,tiketcom
817900eb-a7f6-436d-acc0-fff090a845f7,bagus sangat membantu,5,2025-07-19 20:28:10,tiketcom
010a8e6e-b0f8-463f-82dc-c7e4441811a1,pelayanan baik dan jelas...jadi beli tiket lebih gampang,5,2025-07-19 17:08:03,tiketcom
b38c56a0-f484-42b1-93ce-d24b7343eaaf,ok bagus,5,2025-07-19 10:47:13,tiketcom
5dd13185-7345-4c09-b38e-34a132f97a1f,ko sy gak bisa log in ya lama banget,4,2025-07-19 07:56:34,tiketcom
42ad446d-2c96-4f5f-8b96-70c0c6e6eedf,"pelayanan nya jelek banget, banyak scam di aplikasi, udah bayar tapi malah kena tipu shiballl, not recommend!!!!",1,2025-07-18 23:10:46,tiketcom
74cb50cc-897f-480a-8472-821da04ee70c,"sekarang apk nya jelek ga bisa cek harga pesawat,udh brapa kali ngecek tapi sama aja bulak balik masuk aplikasi,aneh bgt .pdhal awal2 pesen pesawat gampang,skrg apk nya jd aneh",1,2025-07-18 21:15:26,tiketcom
88d681ff-27ea-4865-8d2b-59015bf33690,"gak bisa refund , saldo sudah kepotong , aneh aplikasinya , aplikasi gak jelas ini",1,2025-07-18 20:40:24,tiketcom
99431947-88dc-42a7-9c79-12646931fb42,"Burik, tidak bertanggung jawab penipuan",1,2025-07-18 13:27:36,tiketcom
4bd935b7-514c-4939-a4da-fd741d33cfa1,paling murah 👍,5,2025-07-18 10:21:59,tiketcom
592fc72e-79ca-4193-a43e-60d7c31ad509,"Tidak bisa chek in melalui aplikasi ini, tidak sprti traveloka, yg bisa lansung chek in dari aplikasi nya .",1,2025-07-18 07:19:16,tiketcom
1ee9b7ef-ad8e-4a8f-bd98-627d860e136d,lbh suka app ini dr pada traveloka dah gitu ja titik,5,2025-07-17 20:35:39,tiketcom
51550327-591b-405c-9655-52f9c8cf25d9,bagus. saya suka responnya.,5,2025-07-17 17:41:24,tiketcom
25878422-3bfb-4a37-af66-32c9b421af05,aplikasi lemah tak berguna,1,2025-07-17 16:47:47,tiketcom
4bc47654-68da-4d45-9610-047a078b0c86,setelah di update kok malah jadi lambat ya?,5,2025-07-17 15:36:05,tiketcom
c4f4cd75-910d-42f9-8b84-5028ca836384,"tolong update berikutnya , aplikasi bisa rotasi.",4,2025-07-17 13:53:52,tiketcom
a19a11aa-ba65-4344-b8d2-7480573480fd,"Hari ini saya benar2 kecewa dengan Tiket dot com. Saya memesan kamar hotel utk 2 orang tamu, kemudian melakukan pembayaran. Setelah berhasil, ternyata pihak Tiket secara sepihak membuat refund dan saya diminta mengisi data refund di blibli. Akhirnya saya harus menunggu 3 hari utk uang saya kembali. Sementara saya butuh kamar, dan customer care tidak bisa berbuat apapun. Benar2 tidak bertanggung jawab....jangan gunakan aplikasi ini kalau anda tidak mau terlantar di luar kota!!!",1,2025-07-16 11:44:14,tiketcom
17d4baa7-aac7-434d-a940-2f49ba616f9d,harga kompetitif dan apply mudah,5,2025-07-16 10:56:00,tiketcom
7eedf248-9448-4054-9180-b8cec9eb8b86,Sangat membantuu,5,2025-07-16 09:55:24,tiketcom
3644e60d-515b-4c2c-b836-fe48c0b3d075,memuaskan.,5,2025-07-16 08:04:32,tiketcom
8f032856-286f-41b3-b462-9964fa726013,"ngga bisa login, loadingnya lama",1,2025-07-16 07:49:07,tiketcom
86c0d4a6-5fbd-48a5-b5b8-47a6e2abf8bb,Tiketdotkomkeren,5,2025-07-16 07:10:16,tiketcom
00de4219-775b-405c-bc55-879f46024d5a,sangat buruk apk macam apa ini,1,2025-07-16 03:04:55,tiketcom
7168dcfd-550f-48e7-a3a0-871bc6443373,okee tiket,5,2025-07-15 21:16:41,tiketcom
8be32123-0dfe-47e7-98af-615c1aa3f4bd,"Sudah beli tiket sesuai maskapai dan jam yang diinginkan, tetapi di reschedule h-1. sudah membeli paket tambahan untuk asuransi keterlambatan tetapi ditolak dengan alasan sepihak.",1,2025-07-15 20:26:53,tiketcom
78db7b72-9295-408f-998f-009a5391db39,"aplikasi yg sangat membantu , banyak Promo juga. recomended dah pokoknya. mantab",5,2025-07-15 18:21:17,tiketcom
095ea7f4-fdbf-4ad3-95d5-8b4b44d98bb0,"terlalu bertele tele untuk refund,nomor CS juga tidak bisa di hubungi.padahal di batalkan maskapai,tapi proses refund tidak bisa",1,2025-07-15 10:44:38,tiketcom
7bd00be1-0108-4700-83fb-5ec8a0edd47e,lebih semangat lagi buat promo2 penerbangan ya,5,2025-07-15 08:39:05,tiketcom
04cd3521-f403-41b4-a22c-341aa997db45,aman,3,2025-07-15 05:55:57,tiketcom
3cdb68e3-ee20-451b-8bbb-46ae5aface56,harga lebih murah dibanding dengan yang lain,5,2025-07-14 23:05:32,tiketcom
4578c415-5a24-4e2d-bd49-19b7c6438be7,susah log in,5,2025-07-13 21:00:51,tiketcom
cfc3f423-7e88-4567-9656-20ee7b99b566,sangat membantu dalam melakukan perjalan dengan harga yg terjangkau,5,2025-07-13 00:34:08,tiketcom
483c9bbc-814f-436f-bdc2-6b60625b8463,aplikasi bagus,5,2025-07-12 22:28:03,tiketcom
93b35e6c-e891-4f42-bce1-74c347aa12e3,The best,5,2025-07-12 20:26:39,tiketcom
dffedebe-3596-4079-b6e9-e6b3ca58865d,"kesan pertama menggunakan aplikasi ini sangat kecewa,saya booking hotel dengan harga 400 san lebih,di keterangan fasilitasnya ada balkon view pantai,tapi pas sudah di tempat ternyata kamar yg saya booking penuh,lalu saya konfirmasi ke resepsionist katanya itu kesalahan aplikasi nya, jadi saya kebagian di tempat yg biasa harga 200san sementara saya bayar 400san lebih, rugi banget nyesel download aplikasi ini😤",1,2025-07-12 13:23:37,tiketcom
3315a40d-3bc6-4d69-8e14-cfe543df46a0,baik,5,2025-07-12 09:03:15,tiketcom
8dd94a1c-5a5b-43ec-9e30-105e55ddc7df,good,5,2025-07-11 22:08:28,tiketcom
857b689a-00c0-4ac9-adaf-57febdf4dabd,harga selalu murah,5,2025-07-11 15:05:45,tiketcom
29f0e9fc-8ae5-4033-8768-09805f218552,sangat bagus ditambah fasilitas paylater yg sangat membantu,5,2025-07-11 15:01:24,tiketcom
89e207f2-863e-465c-a8ea-38b1dfb9f58a,Harga murah. Tampilan gampang dimengerti. Proses cepat,5,2025-07-11 10:05:02,tiketcom
51ae799b-0f8c-4c8c-b33d-6282d820464c,gak bisa refund kocak tiket angus,1,2025-07-11 03:08:14,tiketcom
5f4cef51-fc87-4631-b706-ceab1c65830c,"ini saya mau daftar baru karena Email yg lama lupa password, tapi tetep pake nomor lama ga bisa ya? masa harus pake nomor baru. Nomor cuma itu doang.. aneh ah login ga cukup pake nomor HP doang",1,2025-07-10 21:12:30,tiketcom
1b3e7f99-db72-49dd-9887-0ffb467f149e,mengecewakan TDK bisa Refan tiket Jatim Park 2.. karena salah tgl,1,2025-07-10 10:47:00,tiketcom
63608516-f3af-4f8a-9a30-98e7a1813752,mengecewakan.. pelayanan rumit,1,2025-07-10 10:43:13,tiketcom
f4aa5d8a-5a97-4f60-9d34-07dfd24f9f87,memudahkan perjalanan dan liburan. hanya diskon yg perlu ditingkatkan.,4,2025-07-10 10:38:15,tiketcom
28651e27-b74f-4a87-8268-7266ffc6410f,.keren,5,2025-07-10 07:28:37,tiketcom
e5bd641c-56cd-48f3-82e5-4309f9509cda,"all good, comfy",5,2025-07-10 07:11:52,tiketcom
5f00c4c0-60c9-4835-9687-00233a2cdb45,proses refund berbelit-belit padahal kesalahan ada diaplikasi,1,2025-07-10 05:12:36,tiketcom
2dbfe094-2fa3-4bda-8b89-17a26a50ed87,ngak tau kemaren nya☝ter simpan di perangkat terhubung 'kedatangan nya dadak🕋an sih,5,2025-07-10 02:12:54,tiketcom
40d41f09-480a-4558-b9e3-0a9ca6b4452e,aplikasi cakep banget ini....🤩,5,2025-07-09 21:51:49,tiketcom
52b7fdb9-9d77-47c3-89a7-f35e96883948,kecewa. tidak bisa refund/reschedule padahal awalnya saya masukan tgl yang saya mau booking dan ready tapi ketika sudah bayar via transfer ko bisa berubah tgl nya. dan refund dan reschedule malah ga bisa. aneh terus harus bagaimana apa hangus uang yang transfer..,1,2025-07-09 15:57:34,tiketcom
8d4fb61e-f648-49ce-9c23-993ec23f4b39,best pokoknya,5,2025-07-09 12:11:22,tiketcom
d1febeb4-c660-4931-9efd-367ead6962bd,saya kenapa gk bisa daftar daftar. ya karena ngelag padahal wifinya dh bagus bgt,3,2025-07-09 10:36:48,tiketcom
6e09dcb7-ddea-4b21-a922-981256b51c03,"1 tiket minta refund lamanya minta ampun, tiket lain pembayaran udah berhasil tapi gak masuk ke sistem mereka gak ada solusi sama sekali, padahal gue udh kirim bukti pembayaran lengkap! semuanya berhasil! tapi gak ada solusi, gue cuman disuruh nunggu mulu",1,2025-07-09 07:45:55,tiketcom
ab0e13fa-51b3-486c-b034-eee554b32526,login loading mulu,1,2025-07-08 23:06:27,tiketcom
fcebbb83-1449-4307-9468-6f93df816bd7,"transaksi pembelian tiket pada tanggal 8 juli 2025,sudah melakukan pembayaran tetapi tiket tidak diterbitkan!kami melakukan komplain di pihak aplikasi dan bank!dari pihak bank sudah mengeluarkan surat email bahwa transaksi berhasil dan saldo sudah terpotong!tetapi di pihak aplikasi menyatakan tidak menerima pembayaran.",1,2025-07-08 16:29:21,tiketcom
3bd2543c-126c-45df-a32f-3f2d4727947a,cukup menolong,5,2025-07-08 14:33:31,tiketcom
e732f494-0f1c-4229-82b6-e5aba3230455,"gimana sih dr tadi pagi ngga bs login,, udah lama ga ada hasil lagi",3,2025-07-08 14:28:50,tiketcom
15555645-e6e0-420a-b550-1bfbb08c9529,puas,5,2025-07-08 13:40:36,tiketcom
95bc92c8-1884-4fbc-accc-838708414dd6,good,5,2025-07-08 13:19:17,tiketcom
33226d37-0589-42af-958c-15f921788a48,sangat membantu,5,2025-07-08 06:48:03,tiketcom
4507c3e7-2ad1-4daf-ab56-d4cc338a0f1e,good,5,2025-07-08 06:27:39,tiketcom
3b843cef-67f3-4096-9688-5601b459b271,"log in susah bgt padahal sebelumnya gampang, semenjak ketaut sama Blibli",1,2025-07-08 01:46:32,tiketcom
8391a8ff-bb95-4a3b-9f75-7c13fb423e9b,gampang,5,2025-07-07 23:02:04,tiketcom
60974aca-a1de-45de-9ce9-ca0cb8ff2b10,sangat membantu,5,2025-07-07 22:38:00,tiketcom
e2078da9-9c1c-4548-bfce-84bed60ab79d,okeokee,5,2025-07-07 21:43:54,tiketcom
6de381e8-e63e-4071-b803-59b2a3e287b2,bagus,5,2025-07-07 15:59:02,tiketcom
cd11d75b-2fd0-4234-be85-ff2060842f84,harga pajak + tambahan lainnya ga ngotak😂 no no no,3,2025-07-07 07:12:55,tiketcom
cfe8e43a-3b50-4154-8d99-e1ad3e7ac522,"tgl 06/07/25 melakukan pembelian tiket wisata 3 orang untuk hari itu. PEMBAYARAN BERHASIL dan saldo sudah terpotong tapi tiket wisata BELUM DITERIMA. setelah menghubungi CS dan menunggu hingga 2 jam masih tidak ada pemberitahuan atau perubahan apapun, terpaksa beli tiket offline dengan harga lebih mahal. tgl 07/07/25 tiket wisata untuk kemarin baru diterima pagi ini. TIKET HANGUS dan SALDO TIDAK DIKEMBALIKAN. SANGAT KECEWA.",1,2025-07-07 06:42:34,tiketcom
aa8b4c74-7e84-4fbd-b8c1-c53f665dad4e,harga tiket murah,5,2025-07-07 06:33:42,tiketcom
31aa21b0-a842-4579-81b1-7aadd43e5608,susah sekali buat login.. pdhl udah dfte mau login lola bgd.. tolong berbaiki sistemnya,2,2025-07-06 21:14:59,tiketcom
9c8dad8d-fd5d-4793-9edf-914b04360293,mudah dan cepat,5,2025-07-06 17:27:14,tiketcom
d365bbb4-e2a8-41bf-846e-067d115855f2,get discount and good deal with this app,5,2025-07-06 15:30:00,tiketcom
21a4b548-ee02-4d6b-af55-73beb7153ffc,"mulai kecewa sama aplikasi ini , sungguh bobrok untuk pelayanan dan kesigapan nya .",1,2025-07-06 15:17:16,tiketcom
04db12fb-bc71-4671-b769-9c838f26491b,membantu bgt gaesss...,5,2025-07-06 15:09:20,tiketcom
9f7a3530-8f81-4a40-b6f5-d35c6fabb4be,aplikasi apik & aman,5,2025-07-06 12:29:37,tiketcom
a37e9688-12ed-4c8e-b8be-6899e9e978f9,pelayanan Terbaik,5,2025-07-06 03:51:31,tiketcom
868a2b68-cd0e-432f-8b1d-4fe646f38f94,"Mudah, murah, dan banyak bonus😀",5,2025-07-05 22:16:31,tiketcom
cd57b968-84d9-4e2f-9668-92ce2052587f,bagus,5,2025-07-05 19:21:44,tiketcom
9ad2330c-00e1-4a97-aa85-70c279e618e9,aplikasi ngawur ... pesan hotel ibis tiba2 direfun uang tidak kembali,1,2025-07-05 17:38:10,tiketcom
a8b381e1-985e-41e4-9e98-8e7789bdcb00,mantabbbb,5,2025-07-05 14:27:10,tiketcom
4c4ada4d-7fc9-474e-844c-f88491f32d57,good,5,2025-07-05 11:19:55,tiketcom
679aa369-6bb0-4758-881a-55badfa8fbb2,susah log in ataupun daftar,1,2025-07-05 09:50:26,tiketcom
a39f373b-6de7-4e3d-b1d7-072979ddbb35,"sangat mengecewakan, pesan hotel tapi voucher tidak segera terbit. dan katanya harus menunggu tidak lebih dari 2 jam. edan.... ini udah jam 10 malam. kata CS nya suruh nunggu. tidak bakal pakai aplikasi ini lagi. Kapooookkkk. update hari ini, laporan masuk jam 21.45. refund jam 01.15 malam...",1,2025-07-05 09:33:26,tiketcom
7a152c62-4bc5-43a3-8ddf-f128e9dd3aa4,the best,5,2025-07-05 08:28:49,tiketcom
4e483bed-09dd-4cae-b7b3-75fca1f828ce,aneh wilayah saya dikupang terbacanya sampai di jawa... padahal pake aplikasi lain terbaca dikupang .. maua pesan ga bisa karna terbaca wilayah dijawa,1,2025-07-05 07:55:48,tiketcom
df44099a-ab05-498e-ad92-248af97a3bde,terpercaya,5,2025-07-04 22:02:08,tiketcom
9f1d3996-eaaf-4369-b7ec-a2352ba039af,ok,5,2025-07-04 19:35:14,tiketcom
d699bc20-3a6f-4974-975a-236970bdec8f,gk bisa daftar dana sih,5,2025-07-04 18:52:54,tiketcom
a6d0bbbb-cbc0-4086-a990-b2b3e916acd4,cukup memuaskan,5,2025-07-04 17:34:52,tiketcom
6bf014fe-cdce-4f47-b6a1-6519d51656f9,ini aplikasi curang. saya pesen hotel jelas udh saya tandain bebas asap rokok kok pas direceipt gak muncul. ga lagi2 deh pake app ini. blacklist.,1,2025-07-04 14:20:35,tiketcom
9287e8a2-0b13-4127-9181-879c94701073,susah kali mau daftar,3,2025-07-04 12:30:26,tiketcom
bb31ca27-30cc-462b-ac93-a1dbb2b60de9,"sumpah nakutin banget padahal baru pertama daftar tapi nomer hp udh di pake orng lain, dan pas login ternyata e-mail nya juga email orng lain. mana ada paylater takut banget data2 aku gimana",4,2025-07-04 08:19:47,tiketcom
f23123bb-6037-4e23-827b-865f570ad80b,iklan mu lo kondisikan malah mben 1 menit iklan blok,2,2025-07-03 22:50:42,tiketcom
e6d60c13-7365-46f3-b67f-25d3ad35f192,sangat baik,5,2025-07-03 21:49:17,tiketcom
d03a6a27-6401-4d75-a404-07cf7cc43d15,"pengajuan refund ribet banget, masak saya yg pesan tapi saya sendiri gak bisa refund, katanya bisa refund 100%, eh taunya ribet banget harus refund ke stasiun lah, saya kan beli online masak gak bisa refund online, aneh deh peraturan nya, bikin susah penumpang.",1,2025-07-03 17:55:36,tiketcom
3cc69ea5-29c8-4a4a-9aed-1b6d1040ea63,"susah bngt di pake, lemot suka muter muter padahal jaringan bagus",1,2025-07-03 17:27:38,tiketcom
3c1b1c54-7302-4d32-b78b-9d106ab14f8f,keren,5,2025-07-03 13:52:14,tiketcom
7900ed1f-a15e-4601-9ed0-1c1ac9fd5992,sangat buruk saya beli tiket malah g keluar tikety.pengaduan ke customer care sudah 2 kali disuruh nggu lama bikin org kesel.g bisa refund dll.tolong diperbaiki sekali,1,2025-07-03 10:27:15,tiketcom
64367aea-33d3-44a3-92d1-1958e3cd5a93,real time..,5,2025-07-03 09:59:57,tiketcom
bb3af274-43a4-40de-a222-9ebd63a44b5c,Proses refund dibuat terlalu rumit,1,2025-07-03 09:16:47,tiketcom
f84910cf-d11b-4b0d-898e-c62319620ada,"tiket saya ga jelas, ketika mau rubah sechedule, padahal saya SDH d depan hotel, dan sudah malam, sampai saat ini masih dilakukan pengecekan, sampe kapan..!! KLO refund saja duit kami..!!!",1,2025-07-03 07:53:20,tiketcom
7b98468a-3929-47d8-89aa-5ea4986ae0dd,cepat mudah dan ada discon juga lagi,5,2025-07-03 06:28:50,tiketcom
5753a24c-2f4b-4f6f-8d85-e192251ab327,"LAYANAN APA INI, LAMA LAMA APLIKASINYA!!!!",1,2025-07-03 02:48:47,tiketcom
f7302984-19b3-4db4-9c65-768da9ee8ae2,Baik,5,2025-07-02 14:53:09,tiketcom
d76de75f-f5d0-4b1e-b016-44b485d906bf,"sudah log in pake nomor telepon dan long in lagi via email,waddooohhh ribet amat mau log in aja,ngak recommended untuk yang lagi butuh cepat traveling 😓 sorry aku uninstal bye bye",1,2025-07-02 13:32:08,tiketcom
e91b6075-982c-4dc0-8437-41a4f85d57e0,mantap,5,2025-07-02 10:06:01,tiketcom
e99c396c-2f4f-46f9-9f15-3945e5293102,good,5,2025-07-02 07:46:19,tiketcom
7a715051-40d1-4534-a1ec-09aeaa3a4e69,lebih murah dan lebih cepat dapat info harga tiket utk bulan2 berikutnya,5,2025-07-02 07:07:03,tiketcom
0bc0acef-178c-4c1d-b060-a27e3e33e002,"saya kecewa, waktu tanggal 30 Juni 2025 saya pesen hotel, dan sudah di bayar melalui VA BCA, tapi gagal pesanan tidak berhasil sementara uang sudah masuk. menunggu refound yang katanya 1x24 jam yang akan di kembalikan tapi di cek ga ada. cek ke aplikasi lagi, takutnya harus melengkapi detail refound. di klik selalu ga bisa disuruh kembali ke beranda. jadi harus bagaimana supaya uang saya bisa kembali lagi. terima kasih",1,2025-07-02 00:22:22,tiketcom
96e6368d-0048-4617-97a6-f032186beed3,baru kali ini saya kecewa sama tim tiket com jadwal bis sama yang tim po bis ofline di daerah dan di perkotaan sangat gak ada tanggung jawab sama sekali!!!!!,1,2025-07-01 20:56:09,tiketcom
f34da0f1-1f20-450f-83c8-709ccee99e59,"Sat-set, mudah",5,2025-07-01 14:21:13,tiketcom
cbe609e1-8175-4fef-8121-dab5557f92ae,"payah, udah berhasil pembayaran pake qris malah di refund tiketnya!",1,2025-07-01 14:03:16,tiketcom
51d87328-7dcb-451b-b6f6-8eed8495c2e4,membantu sekali,5,2025-07-01 13:18:54,tiketcom
2a0e4d81-a076-405b-9798-836ed8b41c65,"bagus, byk promonya",5,2025-07-01 08:50:47,tiketcom
0aeed380-c882-4f00-a953-1016707bcc4c,"pelayanannya bagus banget, aplikasinya memudahkan sekali bagi pemula untuk memesan tiket secara online. Terima kasih",5,2025-07-01 00:48:34,tiketcom
0f1ec79d-5fef-4b9d-bf06-7476892d88fe,"woy, kalo mau promosi atau iklan boleh aja. Tapi jangan di handphone coeeggg. gua lagi ada urusan tiba-tiba keluar iklan gede banget. TOLONG LEBIH DI PERHATIKAN LAGI.",1,2025-06-30 20:25:52,tiketcom
bca4ac81-5640-4ec2-9ca8-c7daaddab69a,bagus siihh..membantu jga krn ada paylatter tuk beli tiket..cm sayang nya aq kelupaan bayar telat sehari tpi ditangguhkannya lama banget...jdi males pake lgi,5,2025-06-30 19:28:47,tiketcom
1268ef50-b856-4d64-ac77-29b32c32cf0e,pembayaran sudah berhasil tapi tiketnya tidak terbit ga jelas,1,2025-06-30 18:11:44,tiketcom
556b93e8-f1d1-40e9-b873-cf3e7505542f,kwkw gara² batalin pesanan langsung di blokir dong kocakk,1,2025-06-30 14:24:00,tiketcom
174157ed-6016-4689-883b-b4b39e8ef02a,"Karena salah tanggal uang gak bisa refund, Uninstall sudah males pakai",1,2025-06-30 11:22:48,tiketcom
67c0c55e-40d0-41f8-9c1e-deac0a2d98e6,"kecewa berat, ini hrs komplen kmana ya? pesan apt Anderson dipakuon mall Sby jauh2 hari tgl27-29Juni25, mau cek in bilang full dioper ke Orchard sy bil keberatan karna Orchard sblomnya sy cek ditravello lbh murah&dpat referensi Anderson eh malah ksih Orchard, dari awal Tanglin Orchard lbh murah gak mau",2,2025-06-30 11:12:20,tiketcom
c1fe85c0-7f4d-4b7e-ba1b-205ce1d7f981,aplikasi perbaikan trus susah,1,2025-06-30 10:19:44,tiketcom
0ad790a3-7274-4de1-936f-a453bfae039a,keren abisss,5,2025-06-30 10:14:05,tiketcom
89b63ab6-0d19-44d2-8b0e-4b828bc4b577,beli tiket pesawat selalu disini.,5,2025-06-30 06:33:12,tiketcom
5703ee8d-f44d-450a-96b5-90dfe8ae7581,mengganggu privasi iklan aplikasi ini. perlu tindak lanjut,1,2025-06-29 19:37:39,tiketcom
fa59861a-541c-4b03-a751-0fe8d6b7d902,"terbaik sepengalaman saya, jika cancel proses refund mudah dan sangat cepat",5,2025-06-29 19:19:09,tiketcom
c8887fe3-3cb7-4502-a98c-91160b513835,tolong banyakin lagi diskonnya 😁,5,2025-06-29 17:56:13,tiketcom
061e816f-4e80-47f3-8d80-57593b038f7f,Terimakasih atas responsif mengenai pelayanan dalam pengembalian dana saya.,5,2025-06-29 12:43:19,tiketcom
f147d563-a88a-4263-a632-1e446a89cde8,"Refund sudah menunggu sebulan tidak ada updatenya, setelah kita tanya dulu baru diproses dan diminta menunggu lagi 2 bulan lagi, tolong diperbaiki keluhan seperti ini secepatnya jika ingin menjadi yang terbaik dan costumer tidak lari ke sebelah thank",1,2025-06-29 09:46:47,tiketcom
ea42b8b6-e100-4841-ba11-c33e75cc8738,terimakasih untuk etiket padahal kesalahan di saya... alhamdulillah dari etiket mau membantu saya untuk resekejul ulang salah ketik tanggal saya,5,2025-06-28 21:18:26,tiketcom
d5043c76-665d-4185-8faa-07ee51269a82,"aplikasi ngga jelas, jual kupon Hariha tapi pas dtg dentalnya penuh+ngga ada solusi pengembalian dana atau reschedule padahal kesalahan dari pihak mreka. ngga ngasi solusi...rugi 550 gue, sial banget",1,2025-06-28 20:36:18,tiketcom
3de2cbdc-7fbe-455a-b4c7-5bea3cae40c7,good,5,2025-06-28 19:08:37,tiketcom
fca48672-fa75-4623-917e-03237b2fabcc,Ok,5,2025-06-28 17:57:24,tiketcom
f8330fb3-87fd-49b3-ba25-8ec6b1988c71,Ok....bangetttttttt,5,2025-06-28 15:35:10,tiketcom
bc7c55a1-6066-4d8d-adfd-0985f70bb6f6,spammmmm iklan,1,2025-06-28 12:04:47,tiketcom
83a10901-deff-4119-bad4-6f44795555a8,"banyak hotel tidak bekerjasama dengan aplikasi ini. ketika di aplikasi tersedia, namun ketika melakukan chek in tidak ada kerjasama. ketika minta di refund dana, justifikasi karena pelanggan datang / chek in diatas jam 23. padahal diatas jam 00 saja bisa. aplikasi ini sangat buruk, dan bisa mengandung unsur penipuan. serta tidak bisa memuaskan konsumen. lebih baik menggunakan aplikasi traveloka, yg lebih terjamin dan mantap",1,2025-06-28 08:45:06,tiketcom
fbb52239-0d05-49b0-8071-3f59499e3511,Good Referensi,4,2025-06-27 12:44:59,tiketcom
f9bc9849-6879-40e7-af53-a71d6df2c04b,"aplikasinya kerenn, banyak promo dan mudah digunakan. admin ig nya juga responsif bgtt🔥",5,2025-06-27 06:11:44,tiketcom
a1bce47b-6a70-4592-a08b-f9afeedab385,susah mau login,4,2025-06-27 00:59:46,tiketcom
5bc6adf2-e8e2-43b6-9cb7-934671b11eaf,"Untk pembelian tiket kapal penyeberangan feri Merak-Bakauheni lewat aplikasi ini paling mahal biaya adminnya krn ada kenaikan sejak tgl 25 juni. Saya beli tiket kapal feri Merak Bakauheni tgl 24 Juni kena biaya admin Rp 3,500,-.. Pas beli lagi di tgl 25 juni biaya admin naik menjadi Rp 10.000,-. untk semua jenis kendaraan roda empat. Jadinya mending beli ke aplikasi official milik asdp deh.. paling kena biaya transfer bank 1,600-2,000 perak tergantung bank nya...",2,2025-06-27 00:24:16,tiketcom
e3fe52da-f265-48c8-81c6-82bf98ca752d,mantul,5,2025-06-26 16:45:39,tiketcom
48999203-3d88-4e1a-a4eb-06616825df92,mudah dan terpercaya,5,2025-06-26 16:05:01,tiketcom
91d5b990-946f-4dac-9135-8a8b2692df3f,good,5,2025-06-26 15:22:28,tiketcom
866a23e5-fef6-4199-91a4-b3866d97ca57,berguna,5,2025-06-26 08:05:09,tiketcom
238b321e-af2e-4f0a-9cc7-902c05cda7ee,Gak amanah refund gak sesuai selisih sampe 135.000 makan hak orang lain,1,2025-06-26 05:57:36,tiketcom
b46f9c14-a256-4c0a-ac99-c581f3e2075c,point langsung masuk.mantap,5,2025-06-25 23:16:03,tiketcom
1ae0b2c2-b02d-4e66-8fdd-2878886f1e19,good good good,5,2025-06-25 19:09:31,tiketcom
a263bd3b-8bf5-4009-8b76-e59b6f335fc1,keren,5,2025-06-25 18:57:23,tiketcom
eaac9b7e-0547-49d5-b3a2-b8bd85b1fa67,"sejauh ini selalu dapat harga yg discount jadinya lebih murah dibanding dengan aplikasi yg lain,dan poinnya bermanfaat banget",5,2025-06-25 18:55:43,tiketcom
cfc877a0-623f-4fa9-bc84-6d3633c1465b,buruk,1,2025-06-25 17:49:37,tiketcom
0f95049b-1332-40fd-9de2-715dffee7195,Banyakin Promonyaa,5,2025-06-25 15:02:18,tiketcom
1d4fb8de-374d-416e-9c30-976f2878a606,refund susah di ambil,1,2025-06-25 11:59:56,tiketcom
e33aaa7b-b683-46a4-93b7-d26ce2436a36,masa nyari bus gk ada semua,3,2025-06-25 08:58:41,tiketcom
55ecdae5-4425-4bae-b2be-909b4315519b,bagus banget,5,2025-06-24 22:31:16,tiketcom
ecd3b91d-ac2e-49e5-8ca7-1d72b97afdb2,sudah berapa hari ini saya mau log in tidak bisa terus loadingnya kelamaan,1,2025-06-24 19:07:15,tiketcom
eb728019-4034-42ab-9e97-91f7049b60be,kenapa tidak bs aktivasi blibli tiket nya.. muter2 aja,1,2025-06-24 02:19:58,tiketcom
f997641b-ae5f-45da-86a6-d05b4dc887f3,"buruk, sudah bayar tapi status pembayaran tetap menunggu pembayaran padahal waktu belum berakhir... alhasil duit nyangkut entah kapan dbalikinnya lumayan 700",1,2025-06-23 22:23:32,tiketcom
076504e8-a0a7-43d6-87f3-00cfdabfdb9b,murah meriah,5,2025-06-23 15:36:48,tiketcom
54e217fe-910a-4037-9e0c-aa799eb6ca49,Apk ga jlas msak mau pesan travel jepara bandara ahmad yani semarang ga ada adanya rute yg ga jlas ☹️😣😣,1,2025-06-23 15:21:57,tiketcom
db574a39-bdfa-434e-abb7-093b93aef346,toopppp...,5,2025-06-23 12:31:25,tiketcom
4495c085-4ee5-4846-93d3-a06188861f31,Aplikasi yang memudahkan,5,2025-06-23 06:58:51,tiketcom
b76ea149-0cef-47db-92a7-fb29c05e81b2,nice,5,2025-06-22 06:05:43,tiketcom
4c975374-ae16-4d71-92f7-5cd8925171ec,jelek,1,2025-06-21 13:32:55,tiketcom
4033fddf-6f77-475c-a3d5-d026186df370,susah login sekarang muter terus..jringn stabil ..prbaiki bos,1,2025-06-21 13:27:53,tiketcom
bc252e8b-ce9e-4013-8375-753fbc04eb66,jazakallah,5,2025-06-21 13:15:13,tiketcom
2d026ddf-05f4-4222-8067-b3312cb8e936,"mau pindah trloka aja, masa limit dihapus, padahal ga pernah telat bayar dilunasin belum waktunya, tiba2 dihapus",1,2025-06-21 11:17:47,tiketcom
34d4a3b2-310d-4a46-ad91-5de345c232dc,recommended,5,2025-06-21 00:25:12,tiketcom
320f3e46-3440-4d7e-80ec-c89d4772a5c2,"aplikasinya keren mudah digunakan, dan tiketnya termurah diantara yg lain.",5,2025-06-20 21:39:03,tiketcom
86ab1902-b521-4d82-8c06-9f00b60a6610,"aplikasinya kayaknya kurang teruntegrasi dg pihak hotel,, di aplikasi masih ada dan bs di order, tp tdak masuk k sistem hotel nya,, alhasil tengah malam terlunta2 g bs cek in,, pdahal saldo udah terpotong dan transaki berhasil",1,2025-06-20 18:37:52,tiketcom
a88a0659-e11c-4ae0-ae41-980a45016b97,"Sistem error saat transaksi, mohon untuk di fixkan Pak.",1,2025-06-20 17:09:39,tiketcom
baece807-6d33-4ff4-bccf-e149556170b0,good,5,2025-06-20 16:01:31,tiketcom
b69f52a9-f554-4bd7-8798-1bb1473a9c7b,"app bodoh, gak bisa masuk, Traveloka langsung bisa masuk",1,2025-06-20 10:23:58,tiketcom
e7cc635f-db7c-4946-8388-d7c389d6cd84,mudah murah,5,2025-06-20 02:40:49,tiketcom
edb139a4-b768-43f1-9880-f3e4749684cd,mantap,5,2025-06-19 21:55:43,tiketcom
8cb4c462-e736-4abd-b5d3-1e386ddc41f8,memudahkan ambil tiket dan booking hotel dan refund,5,2025-06-19 13:39:12,tiketcom
671f005d-e581-48e8-8dc3-0b22c3a7eafd,lemot bgt,1,2025-06-19 12:51:51,tiketcom
d6be61d1-e91c-4ae9-9696-fcfa8f769401,tampilan terlalu rumit. jd sering salah booking.,2,2025-06-19 00:00:14,tiketcom
f5441a2c-c066-48e7-b9e6-ebb2df62c2aa,memudahkan dalam urusan akomodasi tingkat kan terus pelayanan ny tiket. com lebih banyak juga promo ny..,5,2025-06-18 16:45:45,tiketcom
16525b8a-c9e3-4327-af5f-df989d9fb34d,baik,5,2025-06-18 16:19:28,tiketcom
99c81df3-cbda-487f-85f6-5aae4541619a,baru pakai....semoga Nyaman & Aman. tks.,5,2025-06-18 12:52:40,tiketcom
29f79c01-4c65-4774-a8fe-fd27f09558c8,responsible,3,2025-06-18 11:02:19,tiketcom
5adba924-76e9-4508-bdd7-e315318cd947,"WA customer care nya ampas, robot yg gabisa diajak komunikasi. gaada otak manusianya. saya gatau ini cara refund tiket gagal proses",1,2025-06-18 08:10:50,tiketcom
30c1b728-bdd9-4284-bea5-a577d1d17d63,"kerennn banyak diskon murah"" enteng juga aplikasi nyaa. bintang 4 dulu yaaa, tambahin dong layanan tiketnya, DLU Fery & Pelni di masukkan juga, kapal gede"" yg untuk nyebrang Kalimantan - Jawa dsb. biar makin lengkap ini aplikasi.. mantap, penuh harap ini semoga di dengarr. 👍👍👍👍👍👍👍",4,2025-06-17 19:48:51,tiketcom
e20183f9-675a-4f75-a4a6-b4411c5cc16f,Y cukup mudah dan simple,5,2025-06-17 18:22:57,tiketcom
af4f4ea9-a24c-42b2-b9d4-729a38e2b699,lama kali masuk ke menu aja,1,2025-06-17 17:35:50,tiketcom
62e616b0-71f4-4ac8-a41a-d209911fbf66,ok kok,4,2025-06-17 10:04:47,tiketcom
b52e4231-1863-4770-bf97-89f59009f0c9,mantap pokoe mah😆,5,2025-06-17 09:36:10,tiketcom
844563f6-cec2-4b35-939a-83336bfa66ed,mudah dan cepat,5,2025-06-16 17:35:17,tiketcom
afbf3cb4-708e-4ec8-a235-7a4691139066,waw,5,2025-06-16 15:53:38,tiketcom
6a030f10-88bb-4c97-af23-7f6b9f0ea14f,"Aplikasi jadi berat bangat,",3,2025-06-16 12:25:40,tiketcom
71e272e4-ae9c-4e3b-a7cd-7b36d6957968,good,5,2025-06-15 23:58:51,tiketcom
6a379ed6-7a67-4cc2-b2fb-91bd02f065e7,mantap,5,2025-06-15 22:28:08,tiketcom
9aab7cd9-f4c8-4790-86e8-7ed38c91583a,untuk refund tiket hotel berapa lama ya? coba dipercepat prosesnya,4,2025-06-15 20:51:31,tiketcom
ead4533c-8f8e-4527-ba1c-ba7ccac1af23,mantap,5,2025-06-15 18:58:43,tiketcom
952f4d0a-8f11-435c-8a78-8cba9316d2b3,so helpfull,5,2025-06-15 13:50:26,tiketcom
a5d8fbe6-9866-4a4c-b39f-e5152997cc15,good,5,2025-06-15 08:48:38,tiketcom
1641194d-2424-4b12-924a-2f432d1d9ae8,Mudah dan banyak discount nya,5,2025-06-15 08:43:02,tiketcom
949875d7-4931-4d49-94a9-2bd6e3d38f33,banyak diskon,5,2025-06-14 20:55:08,tiketcom
2e44a76a-ea76-4304-bbf0-5efb1f9698e1,good service,5,2025-06-14 18:30:32,tiketcom
9214cfba-1368-4711-81ab-dfca256ba1fe,proses pengembalian dana refund hotel sangat lama dan selalu eror 😌,2,2025-06-14 08:11:40,tiketcom
9a0eef10-8718-4141-ae82-8456cb93cf46,booking hotel selalu dapat kamar buruk dan sering dapat connecting room,1,2025-06-14 08:01:38,tiketcom
39c4e488-b6ff-41f6-8eda-4fbc7ed97f57,bagus,5,2025-06-13 19:30:51,tiketcom
cac167d1-2271-4369-bab9-27025383b22a,Beren🤩🥰😍,5,2025-06-13 09:21:15,tiketcom
d8b86f33-d4da-4067-9ca8-ee4e68b025bc,Memuaskan,5,2025-06-13 07:36:47,tiketcom
b6a901e1-630b-49cf-be41-3f6eafc284c4,akun login tidak bisa masuk dan tiba tiba keluar sendiri.,1,2025-06-13 07:02:13,tiketcom
72c76000-b78d-4f25-89aa-54ae49b28de7,iklannya mengganggu,1,2025-06-12 09:02:57,tiketcom
fceffb4e-399f-4a36-9387-4f1a423a83f3,bagus,5,2025-06-12 06:39:38,tiketcom
d1578864-26ed-43e5-b6bb-cf0bb4c7a7b7,kasij promo dunk,5,2025-06-11 19:45:23,tiketcom
f9807c52-a352-4ab4-bd4c-02d809326279,bagus banget,5,2025-06-11 17:37:54,tiketcom
44f1968c-f601-4e26-a0eb-ef3a480e77c1,sudah dapat ticket mau bayar knp gagal trus,1,2025-06-11 15:40:57,tiketcom
8d10b922-c477-4955-ab49-0431d1a66275,Refund dipersulit,1,2025-06-10 22:10:31,tiketcom
adec3dde-41de-429c-9b7c-eed0066c6f6b,"bagus, banyak potongan promo nya... ga bosan jg make aplikasi ini... semoga semakin byk promo di kedepan hari, tetap konsisten aja ya",5,2025-06-10 19:36:35,tiketcom
14131196-0bc6-4249-91cf-f804a12e6b70,aplikasi semakin bagus semoga ditingkatkan terusss,5,2025-06-10 14:45:23,tiketcom
096c018d-bb06-4841-aac4-1ef5e1336a69,ok,5,2025-06-10 11:32:33,tiketcom
021e0cc4-e028-4610-9311-1db57a994219,hrg paling murah,5,2025-06-10 09:16:28,tiketcom
216d74b7-265e-429e-8c63-11987d85b5a0,bagus sampai saat ini,5,2025-06-09 22:08:34,tiketcom
fd53e2d9-997f-4a96-8bd0-1aa1ebce77dd,sangat membantu dan proses cepat,5,2025-06-09 20:28:58,tiketcom
c83e31c4-2c83-4bbc-96bc-31f9bbab0b13,"awal refund sih lancar, pas pengajuan reshedule lama nya susah minta ampun😡 saya sudah hub costumer service nya maaf jawaban anda saya tidak mengerti 🤔 masak iya, untuk komplian uang kita kembali atau ganti jam penerbangan atau hari lain susah nya minta ampun 😡 bonus nya selangit, pelayanannya tidak memadai😡😡😡😡 nyesel dah, download aplikasi ini😩",1,2025-06-09 18:42:59,tiketcom
6a97c292-fd71-4763-afe5-8aa84843f301,"Tolong saya beli asuransi perjalanan (pesawat) itu agar bisa diclaim jika ada tiba tiba pesawat dicancel atau delay. Pesawat saya ada dicancel mendadak oleh maskapainya tanpa info pas kami sdh tiba di airport. Saya sdh mengajukan claim, sdh tunggu stgh bulan & partner asuransi anda dg seenaknya tolak pengajuan claiman saya tanpa ada alasan yg jelas, berasa dikerjain. Susah sekali ya mau claim disini, tolong dibaca jg review yg org lain mengenai partner asuransi Anda, agar bisa jadi pertimbangan",1,2025-06-09 16:11:57,tiketcom
9bfa1d99-9c42-4cbd-aa9a-9cabe49daf97,menyesal pake paylater telat sehari krn lupa ngecek pembayaran kena denda 83000 melebihi rentenir,1,2025-06-09 09:05:07,tiketcom
0d31b5cd-43a0-41a4-aebd-607d657b33ad,"maaf langsung sy uninstall aplikasi ini, lebih percaya Trav****.. jgn percaya cs ruwet",1,2025-06-08 22:58:55,tiketcom
c9212ebf-dda0-424f-ad88-9d30f7a77475,Mantap,5,2025-06-08 21:08:14,tiketcom
f52d407c-f3f1-4229-9b6b-8af2a452e539,nice keren,5,2025-06-08 18:29:15,tiketcom
f022761c-ffb0-45e5-90cb-9f4ec73b5d3c,aplikasi aneh!,1,2025-06-08 17:28:19,tiketcom
b2064be5-2359-43d5-adab-c55d3bd0751d,ok,5,2025-06-08 12:43:44,tiketcom
91184306-7acd-4a5f-b0e0-8c9f0c96dcc5,"waduh, baru mau pesan untuk liburan, liat komentar sama di tiktok banyak yg bilang mengecewakan, perbaiki dulu ngab sistem lu, nggak bagus bisnis lu",1,2025-06-08 11:34:56,tiketcom
235f7646-2744-4735-878e-5e11b943d246,applikasi ga guna,1,2025-06-08 09:37:47,tiketcom
04a098ff-6186-4a96-98c3-e5be77a2f69e,ok,5,2025-06-08 08:57:20,tiketcom
39e0b81a-45d4-47f8-88cb-6f082a42ca54,sangat membantu.. dan lebih mudah untuk input,5,2025-06-08 08:32:19,tiketcom
1fe17277-a6a3-46d0-9c75-c68ad68809ac,Membantu,5,2025-06-08 07:11:02,tiketcom
0ea94eeb-7d01-4d60-8fcc-15fe3b4b21f5,Selama ini selalu gunakan aplikasi ini untuk urusan selama perjalanan,5,2025-06-08 00:19:39,tiketcom
fadf9799-41e6-4740-b7e8-5cb5240c159c,"aplikasi bangke.. e ticket ga diterbitkan, padahal gua lagi butuh banget",1,2025-06-07 17:55:18,tiketcom
028de65e-466d-436e-ab33-754f1aa7d382,percuma buat apl macam ini kalau ga bisa bantu castamer nya.,1,2025-06-07 17:40:03,tiketcom
bcd0b21a-0739-4b2b-9be8-3abc8d1672e5,"sangat sangat buruk😡aplikasi sangat buruk saya melakukan pembayaran 6 orang di wisata alhasil barcode tidak di kirim via email atau apapun pembayaran suksek tapi tidak di kasih barcode gimana saya bisa masuk sangat"" kecewa🥵 jangan di hapus postingan supaya yang lain tidak kena",1,2025-06-07 10:09:59,tiketcom
c104932a-55e0-4fd7-a81c-1b6ca88874ca,semakin keren karena banyak promo dan banyak dapat poin. jangan berhenti selalu kasih promo ya..,5,2025-06-07 10:08:40,tiketcom
b2e16e21-2b6f-493a-b342-4891f8a8ec58,Kecewa banget udah pesen hotel lewat aplikasi tiket udh bayar eh sampe sana kata pihak hotelnya g kerja sma dengan aplikasi tiket. Terus hub pihak tiketnya ga bisa di kembali kan. Ya allah enak bgt ya nipu orang. Kecewa banget gakmau gw pake aplikasi ini. Kecewa bgt.,1,2025-06-06 23:20:39,tiketcom
10d97428-ba80-49fd-ab55-8dacfede4208,baii,5,2025-06-06 15:54:43,tiketcom
be24e6f0-2aab-4170-83e4-f5c59bd4d920,"Maaf, sebelumnya saya berikan bintang 5, tapi sekarang bintang 1, terlalu kecewa, keluhan ditanggapi sangat lama, padahal itu hak kita karena e-ticket tidak terbit dan uang sudah didebet, mau minta hak kita saja lama, digantung terus. Kapok pake aplikasi sampah 😌",1,2025-06-06 14:33:43,tiketcom
8a20e9c1-d778-4b0a-9d50-66cd9d1091a9,👍👍👍👍👍,5,2025-06-05 09:56:00,tiketcom
3052bfea-7920-4bcb-b992-f0c7917ebe00,lebih murah dari pada apk lain,5,2025-06-04 21:20:41,tiketcom
e1620cc4-e096-4d37-be2f-323c6ec42234,mantaap,5,2025-06-04 19:25:14,tiketcom
bfbff2ae-1df7-484a-a450-62a6b6b97307,Iklan anda mengganggu saya nonton youtube,1,2025-06-04 15:16:11,tiketcom
7b3fd4f0-9afb-4083-afed-39bd404bb10b,the aps and web get error cant continuet to payment u should repair yourbug. no recommended for book flight to who in urgent timing,2,2025-06-04 08:30:31,tiketcom
170c4d53-4e69-4df8-90c2-792b4399d6ad,ok,5,2025-06-04 01:53:56,tiketcom
66eb6ec1-5774-4d67-975a-e33b7aea781e,bisa pilih kursi disini,5,2025-06-03 17:03:05,tiketcom
f8242854-e1d6-4cd2-a6ea-215592c455b9,BEST!,5,2025-06-03 16:08:40,tiketcom
7c988c12-f29e-4f52-8944-c5ab8901a862,Ok & Sip srta Tks 👍👌👍👌👍👌👍👌👍👌,5,2025-06-03 09:24:45,tiketcom
4579d9d5-d424-4924-a3cb-041a78d779ab,"baru sebulan pake, karena harga tiket pesawat, kereta dan hotel selalu dapat lebih murah dikit",5,2025-06-03 09:02:38,tiketcom
815954ac-5078-4104-9a23-e4e91a48681f,tolong perbaiki lagi sistemnya,1,2025-06-03 06:13:24,tiketcom
564b6241-8f24-4296-beb1-25ff66e9df21,"Untuk pesan tiket pesawat dikasih diskon tanpa embel2 padahal pembelian pertama. dan Proses pemesan hingga pembayaran mudah dan setelah pesan langsung di kirimkan ke WA. mantap sekali, semoga kedepannya bisa tetap mempertahankan kinerja yang baik dari aplikasi ini. Good Job.",5,2025-06-03 01:45:57,tiketcom
cc3948ce-00bb-4cde-b497-a105c649e507,tiket KAI habis terjual sampai 3 Minggu full gak ada otak gak jelas t,1,2025-06-02 19:24:53,tiketcom
3e027c48-52d9-4460-9953-546ca6b1a8eb,Aplikasi luar biasa,5,2025-06-02 19:09:48,tiketcom
2667fa2c-9f8d-42da-9e1f-0f1bf7f41f01,puas,5,2025-06-02 15:40:26,tiketcom
c2d4b096-e670-4ae3-a1f0-443547af1948,"Hapus dulu fitur autoceklis pembelian addon perlindungan, ga sebanding yang didapat tapi serasa dijebak apalagi kalo lagi buru2. minimal defaultnya unceklis",1,2025-06-02 01:17:17,tiketcom
5f5bbd34-c960-4bc4-92f5-491899d7ec4e,Very Good.....,5,2025-06-01 22:33:12,tiketcom
56b89457-bb61-4f26-9c31-e227ac8c324a,good,5,2025-06-01 13:10:25,tiketcom
db96e053-6614-4f67-8f7c-3419f2ba1faa,good,5,2025-06-01 11:14:20,tiketcom
35c2b49a-e292-46fb-baaf-46b014632732,"aplikasi ya aneh bet dah, tgl y gk langsung nyesuain ke tgl yg di se diakan di hp / jaringan, + promo utk pengguna baru tu banyak banget syaratnya.kenapa saya kasi bintang 5? y supaya kalian lihat pendapat saya. mending pake traveloka aja si saran saya 🙏",5,2025-06-01 06:25:07,tiketcom
73ceb2d5-b98f-4df0-883d-9d5252cc7359,harga oke,5,2025-05-31 22:21:01,tiketcom
7a9f41f0-5df8-4491-bf41-65b47208514e,"semakin kesini tambah ga jelas, saya sering pesan padahal...tiba2 hotel refund, ditaruh ke bliblipay 2x berturut turut...ni aplikasi gila, kalau mau cairin lama ga bisa buka...sengaja minta nyimpenin ke bliblipay ni maksudnya apa ya? ga rekomended skrg",1,2025-05-31 19:28:30,tiketcom
d4205374-e656-459e-aa2d-a7e34a015feb,the best,5,2025-05-31 18:54:14,tiketcom
0d2fe355-7757-4a78-8964-d4ea0268f655,Ok,4,2025-05-31 18:25:32,tiketcom
7f589856-8c46-42f5-912a-97eff104cb76,aku mau pergi umroh ajah KK bisa nga,5,2025-05-31 14:52:19,tiketcom
d2406147-c428-448a-9948-68a189883030,"jelek, gak rekomend udah banyak korbannya di sosmed",1,2025-05-31 05:06:38,tiketcom
47c96134-cf10-4c2f-b42f-c28fa7608ea4,buruk,1,2025-05-30 23:04:25,tiketcom
23a83715-4345-4a99-bf10-31e6c7301f59,"bagus, mudah juga cara pemesannya dan banyak promo",5,2025-05-30 14:04:39,tiketcom
51eb8c7e-4f2d-4fc3-8dfd-74c86ed4220a,loading daftar nya lama banget,2,2025-05-30 13:54:54,tiketcom
91d585d4-9960-439c-b33b-5533ba69b7ac,harga di hotel dengan harga di aplikasi bisa beda jauh,1,2025-05-30 13:49:33,tiketcom
94e3d4fc-41db-454f-a456-b89a8f58c979,Good job..sangat membantu disaat kita butuh,5,2025-05-30 10:01:15,tiketcom
6ca17093-519c-4734-a920-db4959f4e43c,Sangat membantu dalam menentukan perjalanan keluarga,5,2025-05-30 09:44:43,tiketcom
2faff86e-4760-49e0-a0cb-71e64114a51e,mantaaappp cepat dan murah,5,2025-05-30 07:00:13,tiketcom
9319b8f5-a5bb-4d89-8a1e-4dfb93b7db2b,"Pesan dan booking mudah, aman dan cepat, dibanding apk lain",5,2025-05-29 22:20:06,tiketcom
97a73993-3955-448c-b7dd-27641f165739,sangat cepat dalam mengatasi reschedulle maupun refund,5,2025-05-29 20:38:49,tiketcom
0cc8480a-de6c-4856-9c27-1efe05c925ad,keren,5,2025-05-29 19:43:44,tiketcom
a726b942-b8ce-4b27-9c67-cbf00b452104,mantappp,5,2025-05-29 18:49:24,tiketcom
6624007e-03e2-4a7d-b46c-0584a7c34aff,paling murah dibanding yg lain,5,2025-05-29 16:40:24,tiketcom
a0de8936-f58f-4211-911f-eb7cbfed5a2b,Aplikasi pembelian tiket termurah. Customer service dgn respon yg baik.,5,2025-05-29 13:33:04,tiketcom
5430bb0e-972d-4507-9f41-d6823eeb7697,mantapp,4,2025-05-29 10:54:54,tiketcom
786b8d0e-a61e-4211-b8f5-fc5f54c11073,aplikasi msh dfahami,5,2025-05-29 06:00:00,tiketcom
16ae909b-428d-44ee-9d6a-304dc41a28bf,good,5,2025-05-29 05:40:07,tiketcom
392b1feb-eee1-43eb-81c2-fa802e418257,Siiiip,5,2025-05-28 23:31:39,tiketcom
08e1479b-b419-44a2-b604-43a5b0588909,Aplikasi scam. user ga minta refund tp direfund. aneh bgt. payah.,3,2025-05-28 20:00:33,tiketcom
e82958af-65be-44f7-ad42-1d6c2b3d75b4,Bagus,5,2025-05-28 17:45:38,tiketcom
d41251a2-5feb-4bdd-bfa6-328e33967fbb,"jangan mau pakai aplikasi ini karena belum sesuai real time harga berubah selalu, ""JANGAN SAMPAI KECEWA SEPERTI SAYAA""",1,2025-05-28 17:12:00,tiketcom
b7576319-e9f3-40c3-9f98-7226e26dacd2,ok,5,2025-05-28 14:25:53,tiketcom
35cf3732-b89a-488c-be07-460b3e05297c,good,4,2025-05-28 10:17:04,tiketcom
ac61fa7c-c804-42ec-93ad-be3f30db75ec,"udah scrol jauh"" kebawah malah balik keawal lg. jelek bngt kualitas apknya",1,2025-05-28 08:25:54,tiketcom
7fefff66-6f47-417e-a4e0-b8f0c17a52df,aplikasi pesan tiket pesawat terbaik,5,2025-05-27 23:50:35,tiketcom
a7cf79a7-7598-46c4-ab64-9736226a0d42,mantap cs nya best pokoknya,5,2025-05-27 23:44:16,tiketcom
4a59d0b4-8612-4a87-b3e0-6e504b07ee7f,"saya sudah berapa kali beli tiket pesawat pakai aplikasi ini...aplikasi jelek..maskapai suka suka aja merubah jadwal penerbangan,tanpa ada persetujuan penumpang",1,2025-05-27 22:48:19,tiketcom
a66cc7b2-2462-48ba-8682-d76ebff00c12,sangat bagus,5,2025-05-27 21:21:45,tiketcom
bfac2ee0-91dd-4d9d-a633-5b83c22a726e,pilihan fitur membatalkan pesanan malah dihapuskan pdhl sblmnya pernah ada.,1,2025-05-27 20:07:39,tiketcom
f8977e51-97ff-4b76-b898-5b955cc92329,mantap,5,2025-05-27 12:26:44,tiketcom
14f36ab1-6e36-43f2-a752-3311f4bc525b,ok,5,2025-05-27 11:44:12,tiketcom
a7b676a0-e20a-4453-b5c2-94816a439191,good,5,2025-05-27 03:10:26,tiketcom
da385e11-4504-4597-86db-9e6cda688dfe,ok,5,2025-05-26 17:18:42,tiketcom
2965970d-4567-4496-b1b7-1d630eac283a,iklannya sangat menggangu,1,2025-05-26 12:34:44,tiketcom
2aab0161-d88b-4ea6-af58-8687b9a5f1b5,"sangat² amat mengecewakan apk yang sangat burukk,jangan sekali² menghubungi cs karena hasilnya gak sesuai harapan",1,2025-05-26 00:28:22,tiketcom
9e2c4c1d-ac61-471d-95d6-816324a6e6e9,okee.,5,2025-05-25 23:33:45,tiketcom
103c56d6-c967-45cc-b33b-f774b604e71f,jos,5,2025-05-25 18:30:41,tiketcom
85072a0b-0d9f-4503-b74a-0bd5479f2c47,gak bertanggung jawab,1,2025-05-25 12:48:46,tiketcom
622aa428-1357-459e-a64a-0a1174bd8e02,sudah bayar di aplikasi tapi tanggal di ubah-ubah tanpa konfirmasi,1,2025-05-25 10:16:44,tiketcom
c7f1cd72-e537-4a80-a185-b4b57fac56eb,pertama x mencoba bayar lewat virtual account cepat dan bagus.saran kalo bisa timer pembayaran 30 menit.biar ga ke cancel jika antri membayar,5,2025-05-25 09:18:34,tiketcom
4cf7faa2-f5bd-4fff-b4fc-8e60a5f44e84,harga best utk tiket,5,2025-05-25 08:39:40,tiketcom
da72426c-6bef-4bd5-9757-ea5022b16182,manttap,5,2025-05-25 06:08:28,tiketcom
e45396fb-7951-462a-94b6-1dc839ccc56a,baguuuusss,5,2025-05-24 15:55:16,tiketcom
6aac57b9-c784-4aee-a1bf-7d2182a17516,"belum ada fitur yg memperbolehkan pengoreksian nama pemesan, sehingga saat saya mengalami kejadian terdapat kesalahan pada system aplikasi sehingga nama pemesan tiket dengan nama di e-tiket yg saya terima berbeda.",1,2025-05-24 12:49:44,tiketcom
ee7f1864-b6aa-4066-9b1b-7ee89023f7ca,"beli tiket ancol udah setengah jam lebih e tiket belum muncul sampe batre lobet dan harus beli tiket 2x d situs resmi ancol, setelah 2 jam masuk ancole tiket baru mncul dan tidak bisa refund",1,2025-05-24 04:06:36,tiketcom
4d1be1b4-0544-435b-a7d6-0b4b0a44cb58,ok mantap,5,2025-05-23 20:46:46,tiketcom
6fb2d9e3-ce9d-48a8-8b49-8e8396137dd7,sanggat gercep dalam menangani kendala penerbangan,5,2025-05-23 13:02:39,tiketcom
43cd0e87-d968-4862-a131-3b89c7e7d630,"berfungsi, nyoba UT ke 2x",4,2025-05-23 11:36:35,tiketcom
a42b7ba0-dda2-44e2-9f18-41bfb6b834e4,"mesan tiket pesawat yg dikirimkan cuma bukti pembayaran, e-tiket nya tidak pernah dikirimkan, jangan pernah mesan tiket disini.",5,2025-05-23 01:10:02,tiketcom
0de53650-f474-46e3-8b30-4ba8b5eb0a88,Ok,5,2025-05-22 18:14:49,tiketcom
782912f6-772b-4ff1-9ed2-d45368b96e88,kok aku bandingin sama aplikasi sebelah harga lebih mahal di sini ya? malah biaya reschedule juga lebih mahal di sini? cuma kelebihannya di sini ada tertera jenis pesawatnya apa,3,2025-05-22 17:01:42,tiketcom
c65efe01-d58c-4f7d-ad53-844d947fe89a,bagus,5,2025-05-22 14:49:17,tiketcom
b7f5a668-2aa5-4b6f-8ec9-d279074f0a90,"Tidak recommend, saya pesan hotel tipe tertentu ketika datang, voucher yang keluar ke pihak hotel berbeda (downgrade). Sudah lapor CS, kompensasi tidak memuaskan juga.",1,2025-05-22 14:34:31,tiketcom
face4bd5-060d-42af-a479-44f72ed35016,sangat membantu sat set utk beli tiket..,5,2025-05-22 10:19:24,tiketcom
e84c3542-8273-4107-bc8a-ca8b307977de,"bagus,,",5,2025-05-22 09:52:24,tiketcom
b6473e97-72e7-498a-89d5-bef38fe9e5f4,sangat berguna,5,2025-05-22 08:36:36,tiketcom
be5b2474-66f3-46c3-8331-61d450994084,mantaap semuanya,5,2025-05-21 19:45:33,tiketcom
f3195842-ddee-4b12-ae82-69cee4a6f2cd,"cepat, tepat dan membantu",5,2025-05-21 14:59:42,tiketcom
6e858647-53b9-4ebe-a68c-2ace51e18364,sangat bagus,5,2025-05-21 13:55:43,tiketcom
0af6d44f-0bd3-419e-b10c-1dec19d94b9f,siiiip,4,2025-05-21 12:09:21,tiketcom
5702ae32-6345-4f68-b7cd-d5c29b01a2d1,aplikasi lancar gak lemot & user friendly. 👌,5,2025-05-21 11:34:11,tiketcom
7a1367d3-912d-4b9c-a891-6c53fa9e41bd,bagus,5,2025-05-21 10:37:01,tiketcom
28034ce2-0121-4442-ae50-a8acd97ebfd0,parah saya bayar terus ituh hutang tiket saya dan hutang di indo dana tapi aneh malah di bekukan padahal udah nyaman pakek aplikasi tiket sekarang jadi malas abis gua bayar hutang gua 1 nulan lagi unstal aja nih apk pindah ke traveloka lebih baik nyaman traveloka lebih murah,1,2025-05-21 07:24:09,tiketcom
476e5d09-0ac2-4413-b3a8-94f92f2de5e1,aplikasi ga jelas...udah pesan hotel dr q bulan yg lalu dan udah dibayar lunas tiba2 H-3 dicancel dan uang direfund gara2 ada masalah internal katanya,1,2025-05-20 20:31:42,tiketcom
9fa84d98-ac27-42b9-b7b2-894200587e2d,selalu memudahkan baik pesanan maupun Pembayarannya,5,2025-05-20 18:41:16,tiketcom
178dbde2-6e88-4d5b-ae22-9b41d6e800b8,walaupun dapat diskon 20ribu itu jg sgt membantu. mantap lah,5,2025-05-20 04:07:05,tiketcom
996c7b84-1cf3-4946-97e0-da80c9601c40,"Ketika harus begadang mengejar Tiket, namun setelah kursi terpesan, hanya bisa mengunakan pembayaran Virtual Account di 3 bank. Hanguslah.",2,2025-05-20 02:53:32,tiketcom
b1734f78-629f-413a-8655-36b368d9c90c,tiket com jelas diskon nya..trimeung geunaseh,5,2025-05-19 22:25:48,tiketcom
b56e5309-82bb-4133-be35-9d2115f119e2,bagus,5,2025-05-19 21:14:28,tiketcom
7264b11d-b83b-4ccc-8787-04857a14bef5,nice,5,2025-05-19 20:23:50,tiketcom
ce586e6a-6fcf-4127-81d1-b3b11450a862,"Pelayanan mantap dan fast response, sayang banget airport lounge gak bisa untuk connecting flight",4,2025-05-19 16:13:26,tiketcom
ee3fab42-7763-4274-8187-980707c66d48,"Sangat baik untuk rekomendasi tiket, mulai dari harga dan promonya",5,2025-05-19 14:27:46,tiketcom
2bacc269-ecbe-4179-9996-2e929850cf98,Good,5,2025-05-19 09:09:13,tiketcom
b738faf2-a28a-4fa6-bce2-0710dbc0ef3c,is the best,5,2025-05-19 08:44:11,tiketcom
9f4cc0b4-4e20-445e-a3de-88d0348989ab,"mau coba pake aplikasi ini dulu, buat nanti kalo mau berpergian jauh hehehe",4,2025-05-18 18:26:15,tiketcom
142c9b85-79c3-43ce-9c53-d20208dd222f,"jelek bngt pesen bus nya VIP dipindah ke executive, udh gitu jam perjalanan ga sama lagi, pesen di jam 2.30 jalan jam 4 belom lagi berhenti lama bngttt udh nyesel pesen tiket bus disini😐🙂‍↔️",1,2025-05-18 16:08:43,tiketcom
f87f2352-9539-4952-988f-f6c47a818288,bisa disederhanakan ttg Blibli paylater?,4,2025-05-18 07:14:42,tiketcom
add5ac0a-57a9-4c5d-85f6-539a60c17463,Sistem Keamanan Akun sangat baik,5,2025-05-18 05:44:53,tiketcom
abe95177-6235-400d-9aa3-ef88074aca27,memudahkan beli tiket,5,2025-05-17 21:23:35,tiketcom
c6fbaf0f-86a6-43d3-a4f8-fdec0d912b2f,terimakasih udh kasih banyak bonus buat pengguna baru,5,2025-05-17 18:40:53,tiketcom
820cd4ad-c677-4197-9128-28554bc6195b,"sangat memudahkan , dan bnyak bonus nya 😍😍😘",5,2025-05-17 18:38:52,tiketcom
172c7b9d-90d0-4a5b-a8c2-c76451c3c052,"tidak memberikan solusi atas masalah yang ada, merugikan customer",1,2025-05-17 17:23:10,tiketcom
3de04b08-85df-41bd-9d76-3d0773746866,membantu,5,2025-05-17 16:35:06,tiketcom
1c720849-9718-4c17-a32a-c671342ebdfa,jelek banget,1,2025-05-17 13:06:48,tiketcom
5684c69c-1a36-4d95-ad98-cfc621e55cb7,terbaik,5,2025-05-17 05:44:55,tiketcom
5c77c5ee-cb55-467e-8bae-c56b939b0d50,sangat baik,5,2025-05-16 19:04:50,tiketcom
39693ee3-f090-4363-98c3-3a046e7623b6,"Aplikasi ga jelas. Saya pengguna baru. Pas mau pesen tiket KA dan mau lanjut ke proses pemilihan kursi atau step ke-2, error terus. Bolak-balik muncul ""coba lagi, jaringan internet terganggu"". Padahal wifi dan kuota pribadi saya aman-aman aja. Aneh. Jadi saya putuskan untuk uninstall aplikasi ini daripada memperlambat kebutuhan customer.",1,2025-05-16 09:18:32,tiketcom
6cf743d6-be7e-4de8-aba7-8290e2ff2538,ok,5,2025-05-15 22:00:36,tiketcom
1018ed02-eedc-4fb6-9fb6-2967a0769c32,sangat membantu,5,2025-05-15 19:02:42,tiketcom
dec048ac-04cc-476a-9805-54079771bb38,sangat memuaskan respon cepat,5,2025-05-15 15:42:15,tiketcom
0b6f3aa1-4146-485d-8c44-934b660484b0,susah untuk bayar melaui virtual akount. tolong di perbaiki,1,2025-05-15 01:00:04,tiketcom
be7786de-2fe8-4ff5-8bc2-acb3f8c5f64a,"sejak di-update setiap x scroll liat type kamar, keluar mlulu.",1,2025-05-14 15:24:22,tiketcom
facb8894-15a3-439e-8b18-bd5733398ec9,sangat membantu untuk cari dan pesan penginapan,5,2025-05-14 05:14:47,tiketcom
406c7761-b532-4ba6-bd12-898cf04d3f54,memuaskan,5,2025-05-13 20:25:44,tiketcom
2345c116-61b7-4a2c-8cd9-49e887a5e6a2,sangat membantu dan mudah sekali klik langsung booking 👍,5,2025-05-13 17:59:34,tiketcom
766ed2d0-c13a-4eb5-a1ea-9175af25a5a3,"sudah beberapa kali sih menggunakan aplikasi ini, namun yg kali ini bagian pendataan boking terdapat bug ga bisa di isi bagian email, saya kecewa",2,2025-05-13 16:38:28,tiketcom
2366d6d8-5db9-4ed1-9904-9402d97ccedf,sangat puas menggunakan aplikasi ini,5,2025-05-13 11:53:18,tiketcom
92b0d930-09b3-49e2-a45b-225ebca59b48,Layanan baik,5,2025-05-13 11:47:15,tiketcom
2fe76d28-f481-4db8-8ce9-4235931feece,"jelek banget.....nyesal gua download...refund full gara gara vendor yang kensel,...bertele tele....",1,2025-05-13 11:39:18,tiketcom
34065b5e-ce71-489e-8254-70533cb16138,"paylater nya gak pernah approve, sudah berulang kali dicoba gagal terus, kayaknya harus ganti aplikasi sebelah",3,2025-05-12 15:47:10,tiketcom
9b2b65d7-fe5c-4907-b8c9-e0ef700dde78,knpa sih di sini mahal beli tiket,5,2025-05-12 14:32:23,tiketcom
48ed3c36-733f-46ca-b692-8f03ba0c336a,"good application, but please to serve pay at hotel available",5,2025-05-12 12:59:32,tiketcom
cf834916-422c-46ec-bfc8-bed483e34233,oke 👍,5,2025-05-11 23:18:09,tiketcom
2000697e-1422-4111-95aa-4d3c4fee18f6,good,5,2025-05-11 12:47:35,tiketcom
eee6c794-7375-4115-a006-df2af09c7951,ok,5,2025-05-11 12:29:05,tiketcom
8d5526b6-6b8c-46b0-9c9e-e59a5e7aee79,Pasti ada harga yang lebih murah daripada aplikasi lainnya.,5,2025-05-11 08:01:04,tiketcom
a072e3c1-a74e-4029-9cba-6a41bc86c031,ok,5,2025-05-10 20:17:58,tiketcom
f837b59e-2a86-4f3f-9d07-3e81b264f859,sangat membantu dan mudah dalam bertransaksi dimana dan kapanpun anda berada ketika di butuhkan segera/urgent...semoga lebih baik lagi dan ramah juga harganya...makin maju dan jaya selalu 4U,5,2025-05-10 20:05:34,tiketcom
28933a4c-d5bf-4e25-b65d-29873c2f9250,"3 kali pesen hotel tidak sesuai dengan yg ada di aplikasi. hotel pertama di Bali ternyata hotelnya sudah tidak beroperasi, hotel kedua pesen ternyata saya dicancel tp sudah pembayaran dan uang tidak dikembalikan ke rekening malah ke biblipay lalu yg skr sudah keluar e-tiket malah pihak hotel bilang sudah tidak bekerjasama karena saya pilih yg tidak bisa refund jadi hangus uang saya. sangatttt mengecewakan!!!!!",1,2025-05-10 16:34:03,tiketcom
558c49a5-8c45-4353-a373-a1a5d671a9ce,Perfect...!!!!!!,5,2025-05-10 15:47:04,tiketcom
6d477641-8c2c-4deb-920e-6cb5adbdb18c,terimakasih banyak aplikasi terbaik,5,2025-05-10 14:23:35,tiketcom
02bb56ab-b063-475a-ac12-8229394e9dda,bagus,5,2025-05-10 07:44:02,tiketcom
547dbaa8-5a79-4613-b70c-85ad1f6e965a,sip mantap sangat membantu sekali 👍,5,2025-05-09 16:03:56,tiketcom
c3b7c345-1d57-4649-a300-838ec4dfe40c,is ok,5,2025-05-09 14:07:46,tiketcom
e0f642d1-7cea-4a27-ad94-a84454c0817a,bagus,5,2025-05-09 11:32:28,tiketcom
d08ea292-8c35-46cb-bc9b-0e824259ee57,"dia yang ngasih nama sendiri eh udh di bandara nya g dibolehin naik sama pihak bandara di suruh bayar lagi , dobel kill ini tiket g rekomendasi harusnya beli tiket lebih murah ini malah tambah hancur aplikasi ini penipuan",1,2025-05-09 10:19:24,tiketcom
139b31a6-e641-41e5-a9c2-930de000d12f,"dalam aplikasi saat mau membeli tiket tidak terdapat pilihan bagasi sport, tolong di tambah agar lebih mempermudah kami dalam membeli tiket",5,2025-05-09 04:44:46,tiketcom
b7100ada-690d-4b0c-9d01-e73e6fcbdc57,good trip,5,2025-05-09 01:38:08,tiketcom
a546cfef-1adc-44e8-92c5-54b8f3f48bfe,sangat buruk,1,2025-05-08 17:31:47,tiketcom
a164d53f-183f-4b37-8888-e089b8b28a8c,"mantab pake tiket...terbantu dan harganya promoooo semuaaaa, good job",5,2025-05-08 13:57:36,tiketcom
704ce52b-45f9-4e43-9402-07d85d8f0ef1,Dibanyakin lagi promonya,5,2025-05-08 08:48:48,tiketcom
0d6f13df-b5ea-4183-a10b-b77e0c427269,tiati pake aplikasi ini lagi viral di IG,1,2025-05-08 00:49:05,tiketcom
ae10db07-339d-4256-a81b-31b407baef09,good job,5,2025-05-07 20:39:19,tiketcom
c145ab31-4ab5-4ab0-b8d5-31cf90a396b9,"ampun dh bayar tepat waktu paylater, giliran mau pesan tiket pesawat malah ga bisa di tangguhkan mna perlu urgent gmn sih payah banget.",2,2025-05-07 20:37:18,tiketcom
64c12cb3-8972-4abf-bee9-882185a68347,Aplikasi nya bagus 👍,5,2025-05-07 07:34:18,tiketcom
27667d5b-6b2b-49d4-a6c2-f339f2135a93,mudah dan cepat,5,2025-05-06 23:26:41,tiketcom
9eb80210-d4b3-43f2-be9f-ba6087c3cf8d,bagus,5,2025-05-06 18:07:00,tiketcom
0eded085-df2c-4e45-a345-000d879e5469,jooss,5,2025-05-06 15:32:57,tiketcom
18ff93b8-2179-480d-bcc0-6df0c15be2db,refund ribet parah,1,2025-05-06 14:48:43,tiketcom
556be8c0-ed9d-40ac-8a22-437079e864ec,mudah digunakan,5,2025-05-06 12:27:26,tiketcom
332dcb15-107a-44c0-9d68-07bca4d8bf99,mantap,5,2025-05-05 20:58:57,tiketcom
244524ad-3711-4c72-be6a-2dcc7a64b659,"mantaap, Respon cepat",5,2025-05-05 16:56:39,tiketcom
7be3e752-a5cb-457d-8c9f-df46bd3d382d,mantap,5,2025-05-05 16:48:11,tiketcom
f5b8b025-3d01-47c3-81d6-d7739613f7db,aplikasi yang berguna,5,2025-05-05 15:25:22,tiketcom
96fd008f-c496-4871-92f0-51e581aa0fd2,"jngn trllu berbelit"" sdh brkli tiket ku hangus dsni!!!!!",1,2025-05-05 14:02:47,tiketcom
172b4793-8c22-42ec-9efc-9b9d98e65f31,Gue edit rating nya karena kali ini tiketing untuk konser j-hope nya mantap gak byk calo seperti Suga,5,2025-05-05 13:00:12,tiketcom
bcb828eb-ad6e-4254-8c4c-e4aa8beec9b1,"bagus, lebih bagus lagi banyakin diskonya ya",5,2025-05-04 16:33:51,tiketcom
dd63603a-7c67-4a1e-8c7b-3c3ec4094e80,semakin gampang mau pergi kemanapun dan kapanpun 🥰,5,2025-05-04 12:26:21,tiketcom
cf399ad8-a5d3-4912-a032-0a0c5ad6f7c1,sangat membantu jiwa traveling anda semua,5,2025-05-04 11:40:30,tiketcom
84a5ace8-e58b-4c19-a86b-71353602cb83,baruau coba beli tiket disini udh gangguan aja!,1,2025-05-04 10:49:46,tiketcom
77f5e3fa-0302-42c9-a27a-efea783ed5e0,bagus,5,2025-05-04 08:16:26,tiketcom
839c7f69-c0a6-4bf5-b9c6-13481f47713d,like bgt,5,2025-05-03 20:31:38,tiketcom
399c2da1-a432-4ec6-99ae-6b927ccde200,aplikasi jelek gak jelas gak ganti jadwal penginapan geser tanggal,1,2025-05-03 15:33:55,tiketcom
094c1aca-d90b-46eb-8bdf-36e14f2c7bea,mengecewakan!! keluhan saya lama di tanggapi dan cepat di tutup!!,1,2025-05-03 14:45:58,tiketcom
dd8f979e-38a5-42ba-a197-1dd762b38aca,good,5,2025-05-02 18:12:02,tiketcom
4341e727-1b4c-486f-9615-820ac746d6df,Top markotop..,5,2025-05-02 15:13:10,tiketcom
97d628b0-7916-4895-a236-40c7c0af4ba7,keren,5,2025-05-02 11:54:40,tiketcom
58f8e0ae-89ba-4361-8e52-acf0791f1887,Proses refund terlalu lama!,1,2025-05-02 09:52:15,tiketcom
2294dd09-4a20-4f66-81c5-f88603945ac5,topup kai pay gamasuk2 parah.. sampe gaada masuk.. parah emang,2,2025-05-01 18:56:33,tiketcom
23fba1aa-b7f8-4f3e-a417-78447fa11600,cukup membantu aktifitas kami,5,2025-05-01 16:29:29,tiketcom
962d817e-f2a9-4c72-8ff9-916a6e864603,ok sangat membantu,5,2025-05-01 16:27:27,tiketcom
a413e9b5-8c40-4777-a2a8-1ed34e495df2,TIKETNEWFLASH gajelas sudah berkali kali coba masukin gagal dan qnehnya setiap jamnya masuk dan pas 13.00 maalh habis terus. asli nih penipuan,1,2025-05-01 13:01:28,tiketcom
ede1a746-5593-447e-b858-62f4d8cfb055,good,5,2025-05-01 09:34:56,tiketcom
2f0de350-f04d-4fc7-b6ba-762618cbe00a,cie viral,1,2025-05-01 07:03:40,tiketcom
63e902f0-8d74-49d0-bbf9-02ea92cd1910,ko pas mau pesan tiket kereta gangguan terus ya?,1,2025-05-01 06:15:18,tiketcom
2d5d1d09-107d-4d97-8f13-f31090e985ae,"mengecewakan pelayanannya, order tidak sesuai fasilitas, kompensasi tidak sesuai",1,2025-04-30 15:16:15,tiketcom
5124aa85-eafc-40db-8fc3-f2b22a9e09ef,Good service,5,2025-04-30 15:03:07,tiketcom
30ec625e-12f8-4256-b426-b2571f776b5c,memuaskan selalu,5,2025-04-30 12:00:43,tiketcom
32cc8291-4872-4f64-bd82-b457122bf14b,"kecewa sama pelayanan cs dan tampilan aplikasi yg berubah jam penerbangan, udah coba hubungin cs buat konfirmasi karena jam keberangkatan di aplikasi dan wa dari maskapai berbeda tapi tidak ada solusi cuma disuruh nunggu, setelah nunggu cs tidak bisa dihubungi kembali, h-1 penerbangan tampilan pada aplikasi baru berubah jam penerbangannya",1,2025-04-29 07:36:38,tiketcom
366681c4-d2a7-4c0b-a09f-7d727bc20998,sangat membantu dan memudahkan beli tiket,5,2025-04-29 00:09:59,tiketcom
4bf5bf11-f281-4cd7-b95f-5eda45cdcbb7,smoga makin banyak promo nya,5,2025-04-28 22:13:40,tiketcom
ec0ebf67-90f7-469f-ae38-2b5160b98928,bagus,5,2025-04-28 21:34:56,tiketcom
9a665a30-f356-48eb-9540-8aa56dfbe664,mantab sangat membantu dan mempermudah perjalanan saya👍👍👍👍,5,2025-04-28 17:37:14,tiketcom
33a4b2a5-a6f1-4304-a955-317eac92447b,harga lebih mahal mending pindah di traveloka,1,2025-04-28 16:01:06,tiketcom
c6f4c9cb-852b-48e0-aa0f-70b5a784dd47,"kalau ada bintang 10, ku kasih bintang 10.. pelayanan refund super cepat, di proses dalam 2 hari..mantap!! harga terjamin paling murah. tingkatkan dan pertahankan terus pelayanannya",5,2025-04-28 10:52:19,tiketcom
a38877a6-6f97-4380-b82e-8c31de624532,good,5,2025-04-28 09:47:12,tiketcom
ff1a4a61-4d3c-470a-9fc5-5f6efd6c69d4,mantap lah promo promonya,5,2025-04-28 06:13:26,tiketcom
ba0c12fd-1d5c-4a8f-bcee-608d866824c8,"rawan penipuan, mengerikan, tidak bisa dipertanggungjawabkan, kasihan korbannya... viral medsos... ngeri ngeri 👎👎👎 maap, aku uninstall apk nya, cari aman ajah",1,2025-04-28 05:23:29,tiketcom
d26b2947-cec9-4fbe-92c5-12bfc2315b08,wah lagi viral ni ....maaf gua hapus dan ksh bintang 1....karena lagi viral video gagal boking kamar....kalau SDH selesai masalah nya baru gua pakek lagi...maaf ya,1,2025-04-28 02:35:13,tiketcom
f2ec01f2-2d1f-4629-8ca6-ba7545b8c7bd,"apk banyak promo, gampang penggunaan nya",5,2025-04-27 16:24:37,tiketcom
cf64e093-12ef-474e-9eb0-8a7861f6908b,"saya pesan kamar deluxe utk 4 orang pelayanan baik,harga sesuai,dekat unnes sekitar 1,5 km,di deskripsi tertulis kamar mandi di dalam,tp ternyata hanya shower,kalau mau BAB harus keluar ada WC umum parkir mobil hanya muat 3 mobil,ada parkir di gedung bbrp blok dari hotel,tdk berdampingan dg hotel secara keseluruhan lumayan lah apalagi pas utbk/tes cpns dekat dg unnes",4,2025-04-27 00:02:13,tiketcom
2afb85e7-844d-4f6f-a196-fd50150ade77,disuruh masukin no hp+email tapi ga bisa2 login... padahal uda daftar dan sering beli tiket...,1,2025-04-26 20:42:57,tiketcom
88e36dc2-5a92-4340-ae2e-2f3fa7bfcf9b,Jual Asuransi Travel tapi gabisa bantu rekomendasi buat claim asuransi ke vendor. Jual tiket pesawat tapi ada reschedule disuruh telepon sendiri ke Pihak Maskapai Shame on you Tiket. Com,1,2025-04-26 15:49:56,tiketcom
beb3c16e-01aa-458e-9d8c-0c0fc2ababfb,"mudah dan cepat,, sangat membantu",5,2025-04-26 14:42:07,tiketcom
6894d5c1-8025-4c8b-aecb-086d886e7bbc,inovative dan cepat,5,2025-04-26 09:48:59,tiketcom
4dcd8697-b4c8-4e31-a99a-e50de05cb853,mantul,5,2025-04-26 09:18:47,tiketcom
823f705d-65d9-4d2b-9fcc-ab109eed6031,berfungsi dengan cemerlang,4,2025-04-26 07:48:47,tiketcom
b0a9dfba-5d02-41a8-8cbe-e00ee8eebd9d,costumer care low respon bahkan tidak respon,1,2025-04-25 16:53:14,tiketcom
8f8cc4b9-50f1-4fbb-9e7a-b9559f9859e7,"ada satu tombol kotak berketerangan ; batalkan. itu penjualan asuransi tambahan. padahal tidak ada niat untuk membeli, kalau lupa klik batalkan, maka akan terbelih tanpa sadar bagi orang yang belum mengerti.! Program tersebut tidak bijak,, seolah seperti penjualan jebakan halus. Thanks 🙏😃",1,2025-04-25 12:22:10,tiketcom
c02a019d-900c-4f7a-80a7-13201e23550f,bagus sukses terus,5,2025-04-25 09:38:19,tiketcom
f60776ad-6162-4d35-a0ad-37115540b6c9,"mantap, mudah digunakan",5,2025-04-24 17:33:22,tiketcom
8bd79b33-23ed-421b-a9d2-93c14a052154,"Maap min mau melapor, saya mendapatkan kerugian dari aplikasi atau pun program blibli tiket Reward, saya rugi 740k min. Dan malah di suruh transfer lagi 1,5 jt. Entah ini penipuan atau apa min. Mungkin bisa di tindak lanjuti",1,2025-04-24 15:54:48,tiketcom
ee6f1a45-bedc-4c29-b3ab-a2e34946d295,sangat puas,5,2025-04-24 01:25:57,tiketcom
86cb0234-6939-4945-9a24-e07375377944,Terimakasih...,5,2025-04-23 20:20:56,tiketcom
e3c6188a-5e73-4381-9fb1-80019000db37,mau refund aja harus pake pihak ketiga. ribet,1,2025-04-23 19:36:07,tiketcom
40885985-ea72-4bfe-8442-69c2cca27d25,bgus harganya,4,2025-04-23 06:08:09,tiketcom
400fc396-af02-4937-aae4-265460799147,suka sukaa,5,2025-04-22 23:11:31,tiketcom
8c1cdc16-82f2-4f13-bd3f-471f586bad03,"HALO TIKET. COM BAGAIMANA INI, KATANYA REFUND 14 HARI KALENDER, SAYA CHAT AGEN CS SELALU DI BALAS MOHON MENUNGGU AKAN KAMI CHEK KEMBALI LAH, PROSES LAH, FOLLOW UP, SEBENARNYA KALIAN MAU KASIH KEMBALI GAK???",1,2025-04-22 21:45:18,tiketcom
6c0ffcf2-7f33-44fe-b7f5-433ed10d5121,Sangat baik dan membantu dalam memenuhi kebutuhan transportasi dan staycation.,5,2025-04-22 21:16:34,tiketcom
d6acaf27-c2da-4441-9f9f-e2c66499ef05,Mantap!,5,2025-04-22 19:55:00,tiketcom
0ff2f4e2-4de1-41c3-9b2c-bddf02443e9d,sangat bagus saya sering pakai APK ini dan traveloka,5,2025-04-22 14:39:20,tiketcom
c53b6c98-a05d-4577-a731-970a91e6b38c,Good,5,2025-04-22 14:31:38,tiketcom
349fd5be-b57f-4e27-8c4b-882123fff217,"jadi mudah,praktis dan simpel",5,2025-04-22 12:02:25,tiketcom
33a1a5bc-d9cb-4540-93ce-23758b9fe419,mantap,5,2025-04-22 09:02:12,tiketcom
36803a52-7f5e-421d-bab6-a81b107e27e3,iklan terus,1,2025-04-22 08:07:16,tiketcom
fc7465c8-cf2f-42f8-ba77-8ba90fe7faa1,bagus memuaskan,5,2025-04-22 07:27:37,tiketcom
e53c90a7-b21d-4d96-8581-3568dec9884a,Sangat membantu & memudahkan perjalanan,5,2025-04-22 06:57:57,tiketcom
125f6ed2-3b41-4946-9076-9ad7158acd25,saya kasih bintang satu. karna tikit saya. gak di pesan trevel bhineka. gak ada itikad baiknya. saya sudah di beri semua bukti transfer nya. masih ajah.,1,2025-04-21 23:51:26,tiketcom
1aa2331f-71bf-4fa5-a160-b195e928ebb1,"aplikasi sampah.. salah pesen tanggal minta direfund/reschedule ga bisa.. malah tamu yg disalahin ""knp pesen salah tanggal?"".. padahal aplikasi berkembang berkat tamu yang pesen..",1,2025-04-21 19:18:18,tiketcom
b4b4069e-a080-4bae-8970-3e38c51d3731,"saya booking hotel d pagaralam tetapi tdk bs cek in,tetapi setelah sya email cs langsung merespon dengan baik n dana saya d refund..terimakasih",5,2025-04-21 15:45:33,tiketcom
d4d3e5fa-ae28-43da-b68e-5a3a96fd3f81,ok,4,2025-04-21 15:00:13,tiketcom
1e8e24cf-9b68-4a89-a1fd-258175f0a1f4,oke,5,2025-04-21 01:56:56,tiketcom
a129da9e-20c4-443a-bc42-45ea25f05e9e,kenapa tiket saya tidak muncul di your order ya.,3,2025-04-21 00:19:35,tiketcom
9047b8ce-3b8e-4f39-8a8d-d2e6a3047851,Bintang 5,5,2025-04-20 18:42:26,tiketcom
c4420b3f-80f3-4394-9076-baec9bc82016,Harga berubah ketika di klik lanjut bayar dengan alasan CONVIENCE FEE padahal kami juga memperlihatkan harga sesuai tampilan awal beranda. kacau,1,2025-04-20 07:49:46,tiketcom
62b10453-d4b1-4c23-8d2b-615100c91665,"Lalai & dusta, lalai dalam memberikan konfirmasi ke pihak partner (Bluebird) sehingga saya dapat mobil ga sesuai pesanan, dusta kasih broadcast konfirmasi padahal itu most likely fiktif karena partner terlambat memperoleh konfirmasi",1,2025-04-20 03:51:40,tiketcom
4c390665-8596-4f92-8252-8a805dbfe8a1,gara2 cari bukti chek in di aplikasi sampai telat pesawat.,1,2025-04-19 20:49:43,tiketcom
5255951c-d447-49e7-988e-0a8e35bc1b18,"pembayaran tidak pernah telat. tiba"" limit di tangguhkan ga jelas nih analisis tiket. com masih mendingan traveloka",1,2025-04-19 19:11:50,tiketcom
ff5b2cc8-501a-473e-8be5-05e100356846,sangat membantu,5,2025-04-19 18:34:25,tiketcom
044bf53d-47d5-4c62-b5b5-f58a9c8150ce,mantap,5,2025-04-19 18:17:44,tiketcom
bffc7ed4-039e-406b-b1a6-14352fb75b95,"sudah pesan tiket KRL tapi lama muncul nya , ketinggalan 2 kereta ini bodohhhhnya apk nya",1,2025-04-19 14:52:30,tiketcom
c4cb60a3-5dd1-4ded-ae69-b4247969ef63,mantap sukses,5,2025-04-19 10:49:41,tiketcom
16c6aafc-7f1a-4b49-ae5b-db8e39c314c8,SANGAT MEMBANTU DALAM MEMESAN TIKET,5,2025-04-19 10:36:16,tiketcom
f598e982-a1a8-4a79-a5fc-360077f32c0b,okee,5,2025-04-19 09:55:37,tiketcom
7b0cb514-78ea-4b56-9da5-27a368e059c8,sulit mengajukan claim perlindungan.padahal saya sudah buat claim perlindungan buat jaga jaga apabila pihak hotel membatalkan pesanan tapi tidak bisa saya claim,1,2025-04-19 07:29:46,tiketcom
1909d140-4c81-485e-82c8-e411398b00df,🙏🏽🙏🏽,5,2025-04-18 18:57:19,tiketcom
763581fa-5712-4c47-80ac-3e0f72859fd6,bagus,5,2025-04-18 18:35:43,tiketcom
cec78eba-2eaa-411f-925b-a578eef64995,terbaik saat ini,5,2025-04-18 14:46:05,tiketcom
69c78675-1569-482b-9248-0771faeea9a2,untung hotel MURAH... untuk reschedule hangus... mending langsung aj urusan trip mah.. menyebalkan,1,2025-04-18 10:18:57,tiketcom
71048bba-d574-4845-89a0-ce40a55ad6e7,terbaik,5,2025-04-18 07:52:56,tiketcom
eef18f74-2966-46af-a2f8-278bb90e2853,"pas mau mesan tiket lanjut ke pembayaran, reload terus, tunggu sampai maskapai penerbangan merespon, gitu terus keterangannya , semalaman kayak gitu, gimanasih",2,2025-04-18 05:26:49,tiketcom
25db3d6b-66e0-43fa-89c1-ece29facbe32,memang ok siap melayani kapan saja,5,2025-04-17 20:04:00,tiketcom
ff125c2d-3de3-45c4-98a6-ba388e5d564e,"kok ada yg sih yg ngasih rate ⭐5, padahal aplikasi nya sering masalah",1,2025-04-17 18:54:58,tiketcom
13ff1ebe-efac-496f-8305-ebb8b680e39c,good,5,2025-04-17 14:49:29,tiketcom
289bef9f-9819-4242-a251-336ec9660bed,Sebuah aplikasi yang sangat membantu dalam pemesanan tiket pesawat dengan pilihan harga yang terjangkau.,5,2025-04-16 23:53:59,tiketcom
ed4c4b00-63a0-4c2f-9956-465ba07dd7c2,"selalu dapat yang murah di aplikasi ini, semoga selalu beruntung",5,2025-04-16 23:32:14,tiketcom
bf568ae9-a82b-4cbe-a0f6-7e1f3088c6cd,🔥,5,2025-04-16 15:49:42,tiketcom
36f2e1f1-73b1-46c8-b017-47a5f66e53b5,bagus,5,2025-04-16 13:55:37,tiketcom
a39ed7db-70a8-403e-b17e-25335ecab60b,praktis dan banyak promo,5,2025-04-16 13:03:14,tiketcom
4af09c02-349e-4c91-9e69-f88dec5f8a18,oke banget. sering dong kasi tiket gratis kalau mau berangkat.,5,2025-04-16 10:57:16,tiketcom
9c0c99a1-1b4e-42df-9a8c-b1003968a173,banyak update Promony,5,2025-04-16 08:27:40,tiketcom
32a9904d-f198-486e-9636-19784c25c166,membantu mendapatkan tiket tanpa harus pergi ke stasiun / terminal,5,2025-04-16 08:01:39,tiketcom
6789d548-899a-4659-9102-f5548060fda7,Kalo bisa dengan ppn biar waktu bayar ga kaget,5,2025-04-15 18:25:35,tiketcom
00fb2edb-33b4-4104-95ee-19ed28078ebb,"mau pesen tiket, eror terus.. keterangannya sedang gangguan, terus pas mau checkout selalu aja harga berubah / harga telah naik, dan setelah di pesan ternyata apk sebelah lebih murah, dan klaim jaminan murah pun di tolak.. penipuan / scam namanya itu jaminan termurah",1,2025-04-15 12:41:44,tiketcom
20d7d78f-6a8c-44ff-9de1-9f0e254f1cf2,pengalaman saya: pernah booking utk sewa properti apartemen dua unit. stlah sampai lokasi ternyata properti yg bersangkutan sdh tdk kerja sama lg dgn tiket. com.. tp alhamdulillah CS nya mudah di hubungi dan pd saat itu jg uang bs di refund-.. masukan sya apa bila dr pihak tiket. com sdh tdk berkerja sama dgn pihak hotel atau properti lainnya. tolong dihapus dr aplikasi. agar tdk terjadi lg hal sperti ini. trimakasih..,5,2025-04-15 12:29:43,tiketcom
9eeab45e-b40f-4761-b102-91f28b9770fc,terbaik,5,2025-04-15 09:41:17,tiketcom
22401e0e-5780-4733-8e8a-4a92f1a8dce6,sekarang aplikasinya agak konyol,1,2025-04-15 05:45:47,tiketcom
f1638c21-174a-4a48-8b44-f29f2d7670cb,cari tiket murah disini,5,2025-04-14 16:10:51,tiketcom
dbc068dc-86e5-4a50-939a-ec0601c5207a,lebih murah dr aplikasi lain,5,2025-04-14 14:42:40,tiketcom
0714be54-41d5-4d5c-9204-6717d73b58fd,murah dan berkualitas,5,2025-04-14 10:56:09,tiketcom
66d9f8f2-ca3b-451f-975a-c4afc86e821f,apk gajelas wisata tutup masa bisa di beli sih ngerugiin orang begini mana tiketnya gabisa di refund,1,2025-04-14 10:28:50,tiketcom
ce874b40-19b3-4ec9-a599-b0dd4954003f,sangat membantu,5,2025-04-14 09:52:55,tiketcom
213775ca-7f64-4291-8d56-4e658ab8c50c,refund saya mana tidak balik² sudah hampir 1 bulan.. dijanjikan 14 Hari..,1,2025-04-14 09:41:28,tiketcom
b4218613-15be-48a1-a578-64913a188679,kenapa pas saya cari tiket pesawat yang muncul hanya dari maskapai merah ya? saya juga butuh penawaran dari maskapai lain supaya lebih bebas memilih,4,2025-04-14 04:42:35,tiketcom
2a872195-f656-46a3-980c-263d30dffade,saya selalu menggunakan aplikasi ini dlm banyak hal.. namun sekarang sdh tdk bisa sekitar 4 bulan lalu.. entah apa sebabnya,5,2025-04-13 21:56:11,tiketcom
9b8227d4-ed3e-49d0-8f94-f544bb6be39f,puas,5,2025-04-13 18:28:54,tiketcom
86f6ce5b-e0f5-4923-bb58-418e1f98b367,"kecewa parah bosku, kalo partneran tuh di survei dlu lah,ada kantornya gk, pegawainya ada gk, ko gk profesional, dh pesen tiket sampe tempat, gk ada kantornya,gk ada yg tw orangnya dmna,di telfon nomer tidak aktif dan di luar jangkauan, telfon cs, udah kasih bukti bukti foto vidio,sruh nunggu lg msih gak jelas, emngnya nunggu enak, pelajaran bos buat kalian berpartner, kita pelanggan ko, kita dh byar, ko kaya orang di tipu,iklasin duitnya noh buat lu makan",1,2025-04-13 14:56:56,tiketcom
f86d2ae4-5ce8-4674-948a-f060986c3e0f,semoga lebih baik pelayanannya dan bertanggungjawab serta banyak diskon dal harga,5,2025-04-13 13:30:22,tiketcom
63025c37-b56e-45ea-8bfd-2a0e962996ed,promonya gokil,5,2025-04-13 11:07:33,tiketcom
8f41ab95-da2e-4737-a0e9-9663ce42da41,"saya pernah ketinggalan pesawat gara"" mengalamai delay pada penerbangan pertama,tetapi pada penerbangan berikutnya tidak mengalami delay dan ketika saya menanyakan pada costomer service saya mendapatkan jawaban yang tidak sopan / tidak membantu sama sekali,inisial maskapai LION AIR jangan sampai kalian jadi korban berikutnya",1,2025-04-13 10:42:21,tiketcom
2ec2509d-ae28-4cc0-bc57-d79f7159dd6a,"Cs nya buruk, tamu terlantar gk ada kompensasi.",1,2025-04-13 10:36:52,tiketcom
0689f466-8ad6-4738-a73a-fc0429e1d958,harga tiket pesawatnya lbh murah dri pda aplikasi burung biru,5,2025-04-12 21:15:27,tiketcom
c9ec2156-5257-4654-b9c9-f95a9ff113f0,ok,5,2025-04-12 19:39:43,tiketcom
df0eeac6-2028-4cc7-adad-1b255f26ebb5,jos,5,2025-04-12 19:36:03,tiketcom
76697c92-0330-488f-86d0-967a9cf7d8d9,apk buruk,1,2025-04-12 18:40:37,tiketcom
3b3432fc-ce8c-436d-b6a0-6c27c1cab48b,buruk !!!!,1,2025-04-12 14:46:10,tiketcom
7cfe0808-ff35-40ec-a7fb-abbe88d5a236,akun penipuan,1,2025-04-12 12:40:21,tiketcom
5ddff7cf-21d3-43a4-b28f-2a255fd42106,bagus,5,2025-04-12 12:01:54,tiketcom
230c6d92-e775-4401-b135-51d9c9cb2de2,"Keren, recommended",5,2025-04-12 11:29:18,tiketcom
c02e36d3-2e2b-46c8-af8b-8b4c948d1fbf,ok,5,2025-04-12 11:17:57,tiketcom
a1a12cc2-e0b9-4c05-a845-ddc1fa1ae5e8,bagus,5,2025-04-12 11:13:42,tiketcom
f7d7d610-eb26-488f-a1fb-f387a2ccd33f,terbaik. sangat membantu membantu,5,2025-04-12 09:52:14,tiketcom
cba144f2-4b26-4b0d-b431-a610bf6035e0,kenapa hari ini tidak ada tiket yang tersedia ??,4,2025-04-12 07:56:10,tiketcom
acb484c0-885b-42ad-a5f3-1ba3c2daab64,booking malah GK ad kamar,1,2025-04-12 07:12:16,tiketcom
8e1660b3-5c3c-45e6-89e4-6df540d4efbd,bagus,5,2025-04-12 01:52:06,tiketcom
d608681f-d650-4c77-992f-ef1a7d79060a,ok,5,2025-04-11 23:17:38,tiketcom
a4e84ad9-0938-471d-a3ca-2abe602218ca,bisku walau harga murah terjangkau tetep bayar pakai uang. dikira pakai daun. malah bukan bis sinar jaya. kenapa ga sesuai. jelek bget,1,2025-04-11 09:39:09,tiketcom
6976ad2c-7b23-4d1d-b4a4-8dca8bbd7f90,mantap,5,2025-04-11 09:00:32,tiketcom
edf865df-ffb2-469f-857f-9ba4fd87aa21,good,5,2025-04-11 06:03:39,tiketcom
8eaa494e-5151-4a75-8113-f3349a0b63b1,membantu sekali saat liburan sama keluarga,5,2025-04-11 05:00:12,tiketcom
61fa89bd-976d-4754-9eba-2ea8e895a39c,Tiap dapat hotel di sini pengalamannya gak bagus semua.,2,2025-04-11 01:52:58,tiketcom
be2fb949-5d4b-42dd-b05a-c0ac238268c8,Mantap,5,2025-04-10 22:27:38,tiketcom
24a05e28-1f8a-4066-a6ff-0f45b7e0dd3a,"Kasus 16 jt customer ny apk ini, ga ada solusinya, mending pake apk Lain, guys😢",1,2025-04-10 21:42:55,tiketcom
f14b7836-1fe0-4540-bdbf-6d4714e65ecf,murah ok,5,2025-04-10 21:28:26,tiketcom
f26e142f-7f1b-4243-a89c-42edad8a3402,mantab.. banyakin promonya lah.. pelanggan setia gua nih..,5,2025-04-10 17:43:58,tiketcom
0e926f42-0e9d-414a-a007-3b891a95bded,"Aplikasi di log in gabisa, di daftar susah. Ada sistem refund tapi di refund nggak bisa maksudnya apa. Harus persetujuan lah dll lah. percumah ada sistem refund.",1,2025-04-10 17:28:38,tiketcom
42312b14-bf28-4caa-8c84-fe8ce9a0cf28,aduh biasanya selalu g pernah ada kendala kok skrg mau refund susah tolong diperbaiki sudah bayar kok malah e tiket nya gagal,1,2025-04-10 16:00:44,tiketcom
9b45199c-210e-40f3-9818-1788d2e25cbb,eror parah,1,2025-04-10 14:56:43,tiketcom
75e04a4a-164f-4816-a10f-4011973db253,ok,4,2025-04-10 13:02:05,tiketcom
c387fd6c-b686-414e-aa52-25a27ac2159e,oke,5,2025-04-10 11:00:07,tiketcom
bbcdc6c2-e06f-4453-b719-fd4eb239ef82,aplikasi terburuk yg saya pernah pakai,1,2025-04-10 06:29:43,tiketcom
d85a471e-b892-4fe5-8f2f-ad3c523d1174,aplikasi yang merugikan jika ada kesalahan dri apk tidak ada kompensasi,1,2025-04-10 03:30:01,tiketcom
899c7b2a-d0c3-44a8-ba9a-b749fc552a4e,"mudah, murah",5,2025-04-09 20:37:47,tiketcom
d275ecd3-c025-4177-819d-6884447f241e,sangat membantu akurat,5,2025-04-09 19:01:42,tiketcom
45fe8ece-e018-4d02-892b-7414e964e9cb,hotel ya bagus dan nyaman pemandangan ya oke view ya baguss terima kasih tiket buat recommended ya🙏,5,2025-04-09 19:01:36,tiketcom
90cf6c54-5b22-4ecd-bac3-1a4d307e4708,burukk,1,2025-04-09 19:00:39,tiketcom
435ffb48-9be5-4991-9201-72adb6148cac,ok banget,5,2025-04-09 18:58:59,tiketcom
785e32e7-d34c-4403-b2f7-72c7ce3786fe,sekarang apk ini sudah tidak rekomendasi masak uang refund harus nggu 90 hari kembali nya. kejdian sdah 1 bln mnunggu kmbli dan refund,1,2025-04-09 16:20:24,tiketcom
6fb4f8ea-0953-477b-ae65-4d56a3bb3367,"harga tiket pesawat tiba tiba berubah dari maskapai pas checout... tidak sesuai, mengenai aplikasi harga tiket Banjarmasin - jakarta 13/4 harga 1.080.000 sekian di hp saya tier diamond, di pengguna hp baru harganya lebih murah 1.060.000 sekian.. tier diamond menurut aaya tidak ada spesial malah lehih mahal.",1,2025-04-09 12:42:19,tiketcom
3e8df038-193f-40d6-997d-ba7960670902,ok bangettt mudah dan cepat,5,2025-04-09 10:18:08,tiketcom
1175d828-3f16-4b45-9387-8b98380567d1,payah,1,2025-04-09 09:58:26,tiketcom
a3d2f948-0e5c-42d5-9dc4-b96052713298,selalu error dan begitu pesan tiket selalu kedaluwarsa.,1,2025-04-09 09:46:49,tiketcom
80da9711-3845-454b-821b-fb0f543112a6,tiketnya mahal2 baru mau coba membeli di aplikasi ini,2,2025-04-09 06:11:10,tiketcom
7ae0bc08-1966-4d65-a944-7b1d82109df7,penipuathati hati,1,2025-04-09 02:08:53,tiketcom
d724e242-b2b1-484c-81a1-69443649e72c,"Mantap, tetap bisa liburan",5,2025-04-08 19:09:48,tiketcom
2bf6237d-96f2-4669-a7cf-f88c316a3e93,ok,5,2025-04-08 19:00:52,tiketcom
cfb6dc1d-d495-4f05-9dcc-def6aa872462,"harga kamar tidak sesuai dgn harga di aplikasi... kami di minta menambah harga 43,000,- ini namanya penipuan pelanggan dan merugikan",1,2025-04-08 18:23:40,tiketcom
3c4edcca-ee68-49e3-a177-7b749a035a12,ok,5,2025-04-08 16:58:53,tiketcom
13739e80-de09-4436-be73-f1834bdbeddf,mantab,5,2025-04-08 16:44:27,tiketcom
945ca1c9-3683-445d-b89e-1aa31c7082ce,sangat membantu,5,2025-04-08 16:10:29,tiketcom
1fcf3037-4aa3-4ba0-9ac9-31b7997ea8a5,Berkali-kali daftar paylater gagal terus. Mending pindah aplikasi lain....,1,2025-04-08 12:53:53,tiketcom
74f2f669-81fe-4cae-b239-aca464f27e23,"proses refund cepat cuman 1 hari , tarik saldo juga cepat semoga kedepan nya akan tetep terbaik",5,2025-04-08 12:42:45,tiketcom
b904dc77-c3e2-4c0d-8001-90359363667c,very good,5,2025-04-08 12:42:16,tiketcom
7f9436d3-dc7f-4eec-aa35-ebe858d8c281,"aplikasi beneran bagus bgt untuk ketempat² wisata agar tidak harus ngantri,simple dan pastinya terjamin",5,2025-04-08 11:58:17,tiketcom
805ccfc7-e42f-4f52-813e-2fbfdc12a5b8,sewa sampe 17jt taunya zonk,1,2025-04-08 09:50:20,tiketcom
6e172db4-510a-4115-80f1-9c0ca77f4302,ohh ini toh yg rame di sosmed ngecewain penggunaannya ...,1,2025-04-08 09:16:32,tiketcom
6d74f589-4c8a-4178-be4b-81d58a072c09,"banyak bug, trus hotel tiba2 di cancel sepihak",1,2025-04-08 09:08:12,tiketcom
5bad1cbf-6f4a-4896-a54e-beb9bbe582df,"not rekomended sii. Dihari yang sama booking di hari itu juga dibatalin sama pihak tiket. com nya pas di refund ga bisa full!!! only 20%, 80% nya DI CLAIM PIHAK TIKET. COM PADAHAL TIKET. COM YG BATALIN",1,2025-04-08 07:50:07,tiketcom
0f7be4f8-a452-45e4-a1a0-05bd83e4918e,Rawan !,1,2025-04-08 07:47:07,tiketcom
540ed1cd-2a39-43e9-84bb-d610857ae523,aduh aduh,1,2025-04-08 07:06:04,tiketcom
4dfaa786-ef72-44a9-bcd4-9b301460ab3e,rekomended 👍,5,2025-04-08 07:01:56,tiketcom
08365b89-c04a-46b7-9de9-a38b012dd2b0,Parah Banyak Komplainan di Sosmed 🤐🤐,1,2025-04-08 06:32:15,tiketcom
ba662523-0772-46c2-8060-b0441400802f,pesanan gagal tapi tidak ada fasilitas ke customer care untuk refund dana,1,2025-04-08 06:11:09,tiketcom
28ab79c5-09d3-481e-a80b-6f752780ac40,"Gara-gara ada customer reservasi kamar hotel tapi pas nyampe hotelnya kamarnya tidak tersedia, ditambah penanganan yang lama dan respon yang berbelit-belit padahal udah spending 16 jt penanganannya gitu-gitu aja apalagi cuma yang kurang dari sejuta, gak respek lagi sama ini",1,2025-04-08 05:22:08,tiketcom
93fd4332-9a63-4190-8631-1ffa1e8942c1,Jangan mau beli tiket disini udah banyak yang ketipu,1,2025-04-08 04:48:21,tiketcom
dead9e2d-0126-44d6-adbd-8ef6713471bd,oh ini yang katanya suka menelantarkan orang,1,2025-04-08 01:33:04,tiketcom
d0a06c48-8124-44b4-82d4-a30fcb208e83,aplikasi penipuan jng ada yg sampai tertipu lagi disini,1,2025-04-08 01:26:35,tiketcom
7e78b448-c99b-4105-b21d-bd10a6c186d3,"kok nipu konsumen ya. kasihan mbaknya. turut prihatin,semoga berbenah..",1,2025-04-08 01:05:41,tiketcom
820ff157-5bbb-4cdc-b61f-6e0c71ae0a24,aplikasi mulai ga bener nih,1,2025-04-08 00:11:41,tiketcom
ca2e300d-0bc1-4dee-9624-80a0aaeffee4,Pesen tiket kapal fery ga bs d batalin. padahal kesalahan ada di aplikasi nya,1,2025-04-07 23:35:38,tiketcom
34297bc3-b8af-44d4-8cdd-a38809b054dd,sangat bagus 👍,5,2025-04-07 22:13:12,tiketcom
b0f9e938-09fb-45a8-8452-200c5050a92e,nama besar tiket. com dipertaruhkan.. pdahal sy pelanggan setia situ loh,1,2025-04-07 21:38:07,tiketcom
33cc55b4-1c5f-4e81-b204-f723cc8851d8,baik,5,2025-04-07 20:24:38,tiketcom
1ff50296-f23d-4a1f-9694-3ec59d275f11,bagus,5,2025-04-07 18:48:20,tiketcom
d5acf438-56cf-4278-a5ac-31d00a89e3bb,"beli tiket pesawat + penambahan kursi tapi ga kerekam di sistem maskapai, akhirnya beli kursi lagi lewat cs maskapainya langsung. ngajuin pengembalian dana jg blm direspon",1,2025-04-07 18:36:55,tiketcom
25faf7d8-8bd3-404e-99d5-44807db5fb9d,"16juta woi, yg bener aja...",1,2025-04-07 18:35:47,tiketcom
61268382-6dfd-46ab-8395-0721776299c9,aplikasi bobrok,1,2025-04-07 17:36:08,tiketcom
4bfd0363-5835-4794-a2ce-0deb6516c293,"uninstal aja, hati2 ya tdk rekomen blacklist aja 👎👎👎👎",1,2025-04-07 17:30:53,tiketcom
28efc048-1290-4184-9c6c-d103057c7767,ngeriii,1,2025-04-07 16:13:19,tiketcom
14bd16f2-7c10-4dc3-a9e7-3ab115401d72,salah satu penyedia jasa akomodasi yg tidak bertangungjawab,1,2025-04-07 15:55:34,tiketcom
23a7cdc3-3779-478b-b58c-7cf2b9af62fd,"penipu, ga bisa kerja. minta bayar duluan, tapi untuk etiket transit saya ga ada",1,2025-04-07 15:24:25,tiketcom
d7f4eccf-06e7-49ab-b1e9-79353ce35061,"parah ini aplikasinya, jangan dipakai deh.",1,2025-04-07 14:42:07,tiketcom
4f35e62c-a709-4cc1-80e7-d33dd7d64b99,After Sales-nya amatiran sekali.,1,2025-04-07 13:49:07,tiketcom
57736da8-8aaf-40b4-a689-b2a49c0f78d6,refund 3 hari. bayar aplikasi 480rb. katanya kembali 475rb tapi kami di tf 464rb. terimakasih,5,2025-04-07 12:58:22,tiketcom
f5f54f47-dce9-479f-bce5-cd0ee25b9080,"banyak niounya, tagihan paylatter ditangguhkan ga jelas",1,2025-04-07 12:34:50,tiketcom
1d7300bf-fd53-4fc8-af3d-e5de6701430c,bagus sih,3,2025-04-07 12:00:00,tiketcom
5b6777b2-2470-4333-92a5-06384cab8c2e,hayoo di benerin dulu pelayanan service dan pengaduannya,1,2025-04-07 11:19:53,tiketcom
5bae9ea8-34c6-4739-8184-1443fab48efc,Semoga Membantu Saya Dan Keluarga Saya . Aamiin Ya Allah 🤲🏻,5,2025-04-07 10:59:31,tiketcom
237a1dd2-20e5-4898-81c9-390a8b915f8e,itu ada lagi viral beli tiket di aplikasi ini,1,2025-04-07 10:52:15,tiketcom
dd23d088-6ed7-4390-8594-8d72d069a739,"parah nh paylater indodana nya skr ngga pernah ada lagi reminder pembayaran sebelum jatuh tempo seperti transaksi2 sebelumnya via WA, tau2 sdh 2 hr baru di telpon DC dan sudah timbul denda... yg fear dong jangan begitu terkesan ada pembiaran agar semua cs kena denda... perlu tau aja ngga semua cs malas bayar hutang ttp cuma faktor tidak tau atau lupa saja... jd mhn kerjasamanya biar tdk ada yg di rugikan",1,2025-04-07 10:42:19,tiketcom
f3e34251-8469-44a6-a222-b8136291491e,bagus,5,2025-04-07 10:41:03,tiketcom
f6318396-5a7d-4528-99f4-b5c753fc54d6,"gara-gara kasus 16 juta saya jadi wanti-wanti pakai aplikasi ini, mungkin saatnya uninstall dulu. bye tiket",1,2025-04-07 10:17:42,tiketcom
bb5fd53d-fff1-4503-aedb-e785c44e82a3,"Oh ini, yang gak bertanggungjawab itu",1,2025-04-07 09:52:32,tiketcom
c8fce209-50ed-46d1-ad1b-a08a6c1156fd,ADA YANG DI RUGIKAN SAMPE 16 JUTA,1,2025-04-07 09:30:21,tiketcom
1c0e07cc-dccd-4605-bcbb-7a47709a2429,luar biasa,5,2025-04-07 09:28:48,tiketcom
e28d9608-bcf7-42c0-9dd0-b71b6e60386a,pengen ngasih bintang⭐ aja. gabut,1,2025-04-07 09:10:48,tiketcom
15939fe4-d450-4a40-a831-b2195b755a78,nda bisa reschedule hotel,1,2025-04-07 09:03:26,tiketcom
1ba65600-65a9-4444-a4e8-f027b96f732e,"pengalaman adalah hal berharga, sekali dikecawakan Alan sangat viral dan hilang kepercayaan pelanggan.",1,2025-04-07 08:57:58,tiketcom
131f22ff-26d4-4eb3-966d-29cac4169c95,banyak yg ketipu,1,2025-04-07 08:47:31,tiketcom
19251284-5d72-44bc-ac3f-a9297695a368,"ga sesuai , banyak korban penipuan",1,2025-04-07 08:34:16,tiketcom
0a3efb61-9ccb-42fa-b720-17f4b63f30f8,Mendukung penuh kasus Dede dan Hotel di Cirebon. Uninstal done,1,2025-04-07 06:27:55,tiketcom
bd982f12-9085-460b-957a-7241d573f77d,"Sampahh, aplikasi sampahh.. tiket udh di pesen di cancel tanpa konfirmasi, ga ada tanggung jawabnya, kasian orang udh pesen tiket jauh jauh hari sampe hari H pas Cek in, tiketnya kaga ada..",1,2025-04-07 01:36:25,tiketcom
aed144ed-b8a3-41a7-b05e-1e970e9a2214,lari dari tanggung jawab orang pilih kamar superior di relokasi kamar abal abal viral ya di tiktok pelayanan jelek hapus warga infonesia dengan marketplacenya juga,1,2025-04-07 00:53:08,tiketcom
3d5d8e95-1370-4f56-a343-f57ca0b8fd42,"Jangan pake aplikasi ini, mereka punya permainan main cancel sepihak dan gamau refund kmdan bener bener ngerugiin penggunanya. biasanya utk yg digituin, untuk yg pesan akomodasi yg lumayan mahal, mereka main licik. aplikasi bodong",1,2025-04-06 22:30:27,tiketcom
0f97653c-70bf-467e-a559-f1bc6dfdb694,"penipu, scam",1,2025-04-06 21:45:24,tiketcom
3c801113-0cad-480a-a9c7-3061ae497d01,oke,5,2025-04-06 19:23:21,tiketcom
401ce3f0-286e-4041-9a39-cdb0c635d49d,"sorry, kecewa sayaa",1,2025-04-06 16:12:37,tiketcom
ada5691b-8a17-46ee-8c87-8204da5dd08e,membantu... pelayanan bagus,5,2025-04-06 14:49:04,tiketcom
0876bf73-8798-4938-864d-77f5aa42ca44,"daftar paylater disuruh isi pendapatan, saya isi sesuai gaji bulanan saya malah di suruh isi minimal 3 juta, padahal tidak semua daerah UMK-nya sama, aplikasi sampah, mendingan hapus aja",1,2025-04-06 14:48:39,tiketcom
a21919e8-d207-4de4-b965-682153941ec1,harga tiket murah.mantab👍👍👍,5,2025-04-06 12:40:32,tiketcom
e5a613c6-b28e-42b5-ace5-7590dfdbc2b7,kacau,1,2025-04-06 12:22:34,tiketcom
c0a22f29-e20e-4c91-b70f-2235ff057333,"pelayanan buruk , pesan villa ga sesuai schedule ga bisa di refund pula",1,2025-04-06 12:15:40,tiketcom
c8ec0f78-449a-46a1-9c01-063ff6c17fdc,aplikasi good,5,2025-04-06 11:42:27,tiketcom
024f6de1-2ab9-4d40-962c-695cc9eca522,ribet Ini aplikasi waktu login awal seperti sulit begitu tidak seperti aplikasi lain yang connect dengan email langsung masuk ini banyak data yang harus diisi pusing,1,2025-04-06 10:51:23,tiketcom
d935e708-a42b-4366-8b18-30e70786c425,good aplikasi,5,2025-04-06 09:21:40,tiketcom
5ee377b2-dfc6-4e5e-9dcf-8a4e9e81e9af,"untung gak jadi pesen pakai tiket. com, temen gue terlantar 8 jam di cirebon karena, booking hotel di cancel sepihak tanpa kompensasi apapun , membagongkan",1,2025-04-06 08:44:18,tiketcom
49e9d0fd-4391-4f2f-9435-b3b6e829b150,ribet banget. Gak sesuai pesanan. pas check in hotel masih penuh,1,2025-04-06 08:06:02,tiketcom
529acfb6-f2cd-4f2a-97d5-5b470a87ed02,rame noh lau diomongin,1,2025-04-06 06:43:30,tiketcom
31245c04-c00e-4a9e-8682-1ee70e370657,mantap👍👍,5,2025-04-06 06:29:45,tiketcom
2d0e21ce-cad5-42e4-b815-b12eb8edf26c,aplikasi mantap bisa di andalkan,5,2025-04-05 23:47:27,tiketcom
6f85d8ac-0c6b-4c84-90b1-f73363748f0f,oke Joss,5,2025-04-05 21:42:06,tiketcom
cd9d3e22-b23e-475f-a51c-fac307389e8c,gak bagus jgn dipake niaplikasi zoonnk,1,2025-04-05 20:33:18,tiketcom
384b6e83-52d3-4497-bd20-83c260546093,"jelek, uninstall aja gais, wajib double chekk kalo udah book di apk sampah ini",1,2025-04-05 18:41:33,tiketcom
1b8be4df-905d-47ee-974b-5c2aaeffdfdb,"sibuk memastikan manusia apa bukan , masa robot",1,2025-04-05 17:34:22,tiketcom
0e79e805-f36e-4962-924f-0668662360a9,"pelayanan nya cepat, mempermudah dan sangat membantu customer..",4,2025-04-05 17:08:55,tiketcom
370ca1db-225d-4910-ac34-3db0cb201eb1,keren,5,2025-04-05 16:31:36,tiketcom
d4ef4e3d-5ef8-402c-b828-e3b3b4b01b3c,ok,5,2025-04-05 16:15:58,tiketcom
26f3bacb-ea9f-4ec1-9ab8-1769a849ea93,pengalaman buruk utk pemesanan tiket kapal laut gara2 salah rute mau refund dgn alasan dua jam refund bisa di proses,1,2025-04-05 11:38:44,tiketcom
bf6ee887-5519-4b68-8bae-5db44a38f264,"Ini nama Besar masa kalau kena kendala selalu menunggu jawabannya, sudah order sudah transfer malah tiket tertunda, Customer Care nya malah bilang di suruh nunggu, Jangan di sini lebih baik di Traveloka",1,2025-04-05 11:32:03,tiketcom
010499c9-bf9b-4a4f-840b-da0d39155229,👍⭐️,5,2025-04-05 08:29:56,tiketcom
35c6ac0e-c8b4-45c0-8f1c-a1ec3640662e,"refund saya sudah di tunggu lebih dari 14 hari tidak di proses juga padahal penerbangan dibatalkan oleh pihak maskapai, customer service di chat selalu suruh menunggu pengecekan",1,2025-04-05 02:53:56,tiketcom
889ef370-c2b2-4665-a002-9801965dbad1,oke deh...,5,2025-04-04 20:05:00,tiketcom
0082e593-7da4-41a2-922d-04e5f8e83bce,"baru pakai aplikasi ini.. saya langsung pesan kamar.. karna buru buru saya tidak melihat lagi tgl pesanan ssya.. tau nya untuk minggu depan.. mao di refund ga bisa.. resecdhule juga ga bisa.. hilang uang saya jadinya, saya pesan untuk selasa tgl 1 april..2025 ga taunya untuk selasa 8 april 2025 ..",1,2025-04-04 15:13:05,tiketcom
91d9b833-3a31-40ea-8d93-4cecbe27ba3b,sangat memudahkan untuk bepergian. dapet promo cashback atau potongan harga jga,5,2025-04-04 14:25:10,tiketcom
ed19ae05-d9e1-400a-8096-6d6705039bae,tidak membantu,1,2025-04-04 10:57:37,tiketcom
2486dbc2-9eed-4cd0-8bba-d97744844082,dapet tiket murah disini,5,2025-04-04 08:44:03,tiketcom
d9389e50-42aa-4f12-9379-32590b51bf29,"ga bisa login in, ga ada opsi, bodoh sekali. cuma bisa email ini sudah terdaftar, bolak balik aja di situ terus tanpa ada, opsi untuk bisa log in dengan cara lain",1,2025-04-04 08:32:13,tiketcom
456fa621-c65e-41eb-92bd-bccd42e88cae,"dikira aplikasi bagus,login pake email pake WA sudah dapat otp menghilang kolom.otp nya ..tidak ada aplikasi yang baik saat ini",1,2025-04-04 06:44:36,tiketcom
b922e669-e1a9-4882-85e5-0e54de6e30c5,"Aplikasi penuh gimik, total harga dibayar tdk sesuai dgn total harga yg sampe ke sisi owner, PENIPUAN",1,2025-04-04 01:32:06,tiketcom
140ead96-7cbf-4af8-abb3-5035a596bb9b,harga tiket pesawat dj apk dan web jauh berbeda. Hati-hati penipuan.,1,2025-04-03 23:03:51,tiketcom
638d7377-b233-47de-a10c-a10242215e56,👍🏻,5,2025-04-03 23:02:28,tiketcom
4e215c8b-cf7f-458a-9e88-ff1e8e5d3112,"keren,fasilitas ok,pelayanan ok,",5,2025-04-03 22:53:27,tiketcom
2fb6f44a-d8de-4da0-b4a9-74acc01cf684,tempat nyaman dan pelayanannya cepat,5,2025-04-03 17:15:32,tiketcom
8096f3a6-ac52-42da-9558-d1a046cdad33,baru coba,5,2025-04-03 13:40:09,tiketcom
4639eab5-afd0-4014-af56-40fc2d501f03,terbantu banget Ama promo²nya,5,2025-04-03 12:58:13,tiketcom
e70b1185-c311-43e3-82d3-0122469a8d33,ok,5,2025-04-03 12:52:28,tiketcom
57333d38-dd82-46d6-9d4a-b9b18fe660bf,mantapp pokoknya,5,2025-04-03 10:36:52,tiketcom
8fb81151-0ea2-48bc-8927-2bc39288a552,"Aplikasi yang sangat membantu utk pencarian tiket dan proses cepat ,refund tiket juga tidak ribet.makasih pelayanannya",5,2025-04-03 09:05:40,tiketcom
36b72157-f704-4d31-ad10-4176dc9e9c6e,membantu.,5,2025-04-03 07:41:15,tiketcom
04ab5f42-90aa-4b8c-8603-d73b962dcfca,nice,5,2025-04-03 06:43:26,tiketcom
4e76e2d1-5795-4dae-97db-0acad7cc554f,terima kasih,5,2025-04-02 22:55:24,tiketcom
169c1880-34e1-431d-8be1-71c0fa70418a,ok,5,2025-04-02 20:21:34,tiketcom
f6b1143e-a59e-4bfe-bd7b-ed8b3b4ced4a,ok,4,2025-04-02 19:48:05,tiketcom
cf2a54d3-2935-4160-99ed-8e92e9cc8633,"SAMPAH! Login aja harus ke web dan buka cookie duh ribet, uninstall deh ribet ribetin nih apl",1,2025-04-02 19:32:17,tiketcom
66eaf661-b29d-459f-9b08-38149c55e43b,good,2,2025-04-02 17:44:34,tiketcom
01bf53a2-4fb9-4441-b168-bef114e2fcdd,"harga tinggi, promo diskon kurang banyak",3,2025-04-02 12:27:11,tiketcom
b1bfc304-3f83-4979-82b8-6ec542317596,kurang dari segi respon nya,1,2025-04-02 11:41:17,tiketcom
34523391-b287-425f-a7b0-b622556adbd9,wah ternyata emang ini aplikasi jelek yaa... untuk respon ke customer aja ga ada kejelasan berbelit belit... nyesel pake aplikasi ini,1,2025-04-02 09:53:04,tiketcom
15614b2e-d3ce-4a90-bbde-a258c58eaa44,"Banyak promo n harganya lumanyan lebih murah, mantap👍",5,2025-04-02 07:59:04,tiketcom
6ee7d873-14ff-4c9b-8c36-2b9d71f55a80,sangat senang untuk membeli tiket di mana saja,5,2025-04-02 07:08:19,tiketcom
9677cca6-9088-427b-ba28-ccc8b10a011c,"Cpt dan praktis,, banyakin promo nya ya,,",5,2025-04-02 07:05:44,tiketcom
b7bb870a-d9e1-46f3-8996-59c04ed88707,terus tingkatkan kualitasnya,5,2025-04-02 05:22:10,tiketcom
7215a5af-f1db-419e-87c8-4c74cae3c3b0,"dapet harga murah diskonnn, mantep, memuaskan",5,2025-04-02 01:09:54,tiketcom
46ff604d-fec0-410e-bb4b-245bbfd713b8,good. keep improve,3,2025-04-01 18:48:35,tiketcom
07ac6c22-ba15-41eb-a294-ae134365a02f,sangat bagus dan sangat memuaskan fasilitas nya lengkap,5,2025-04-01 17:07:57,tiketcom
3b6a66d6-1e4a-434b-b1a4-0fb996af28ba,"bagus, hanya belum lengkap saja dan harga terjangkau, semoga dapar banyak promo",5,2025-04-01 16:15:04,tiketcom
d5bfc7b7-1751-41f2-9c26-85108f0daeaf,mantap,5,2025-04-01 12:49:50,tiketcom
ac0133ed-19a6-47c8-a882-1df11b2073c4,"pernah bermasalah beli dari apps ini,, e-ticket sudah terbit tapi pas boarding, nomor order tidak terdaftar dan akhirnya gagal berangkat,",1,2025-03-31 18:52:19,tiketcom
cc54caee-9d63-4809-b5e7-4ab76230a3c7,"saya mau refund uang yg buat pembatalan sewa kamar, tpi pas step ke 2 mau metode pembayaran ke bank gk bisa simpen2 sayang bngt duit saya ada di situ",1,2025-03-31 16:03:33,tiketcom
51928f15-cf57-45b4-8def-2b9453889cb7,aplikasi sangat membantu,5,2025-03-31 16:03:06,tiketcom
ce510377-e749-4236-b384-845b40221d46,"Pelayanan sangat buruk. Pesan kamar hotel status orderan sedang dalam proses. Menuggu lebih dari 3 jam tidak ada tanggapan. Kami sangat dirugikan, pembayaran berhasil namun tiket tidak dapat terbit lalu tidk bisa direfund dan tidk bisa direscedul.",1,2025-03-30 23:48:20,tiketcom
b8967a61-21bf-4fcf-9501-24367e88572a,refund mudah,5,2025-03-30 23:22:12,tiketcom
022fb65d-850e-47c9-a4c7-f2ba7db80562,Aplikasinya OK banget,5,2025-03-30 19:50:25,tiketcom
4738221a-422f-42ae-8303-02f87b2cbb75,kecewa banget atas penanganan team cs .... yang terlalu lama menangani proses refund.. padahal bukan kesalahan dari pelanggan Melain kesalahan dari anda .yg tidak jeli dalam menerima kien mencantumkan alamat fiktif didalam aplikasi...lama lama banyak orang yg tertipu klu tidak segera diambil tindakan.... padahal kerjaan anda setiap harinya.tpi masih tidak punya pengalaman dan cepat tanggap dalam menangani permasalahan dan keluhan dari pelanggan,1,2025-03-30 19:17:41,tiketcom
8c443fec-a437-4db8-afe5-e2b348caeae4,ok,5,2025-03-30 14:35:12,tiketcom
2ddd2492-3d27-4190-ac7f-4b3e34a8cb1d,Ribet aplikasi menyusahkan,1,2025-03-30 14:24:52,tiketcom
7743af9f-9b69-4de2-8eb3-6bb6b619a940,pokoknya kalo mau cari tiket disini juaranyaaa,5,2025-03-30 07:47:41,tiketcom
a4b9341b-d736-45a7-9889-9b8c3622e188,cepat dan mudah,5,2025-03-30 05:34:11,tiketcom
fad32207-766e-44d2-914e-8a34653fda60,unstal lagi karna baca komen2 nya jelek2 😂,1,2025-03-30 03:43:05,tiketcom
a3e71c75-d8ac-41a3-89bd-c5f52fd2f826,recommended,5,2025-03-30 00:03:13,tiketcom
de81c4bb-2a76-4eb4-b7cf-be30d6fca94e,baik sekali,5,2025-03-29 21:31:11,tiketcom
da20cdbf-e436-45e5-9a1b-dce9505937ca,very good application for traveling,5,2025-03-29 20:05:06,tiketcom
03990af8-fb04-45e2-b571-2ef1c7f86d81,"kecewa sekali,pesanan sy di refund sepihak sama pihak terkait,sy udah jauh dr jkt,sampe di bandung dan reservasi hotel hilang,ber jam jam tidak ada solusi sama sekali,pengen rasanya buat aduan ke polisi krn sy sbg konsumen bener2 di rugikan.",1,2025-03-29 18:16:04,tiketcom
0a60a8c1-c4f2-4a7f-8548-b812206c380b,tiket bus kalideres ke lahat ga ada payah,2,2025-03-29 18:15:13,tiketcom
65eb9b7b-3a54-4e47-8d5d-9f6eaa56a6e5,pemesanan aplikasi sama info hotel sampah,1,2025-03-29 16:38:36,tiketcom
9167cd07-39ca-4231-ab35-354c7a86a6c8,terbaik dari beberapa aplikasi,5,2025-03-29 15:20:43,tiketcom
8d664a11-3d6d-4b77-bdc4-c6dba5a73315,"Pengalaman pertama dan terakhir. pembatalan dan reschedule dilakukan beberapa jam sebelum berangkat, dan saya diberi fasilitas yang tidak sama tanpa ada kompensasi. saya terhubung dengan CS A.N Hanif yang tidak dapat membantu sama sekali, hanya memberi voucher yg saya harus pake lagi di aplikasi tidak terpercaya ini. cukup sekali aja seumur hidup pake ini aplikasi, gak ada tanggung jawabnya! paling balasnya silahkan hubungi blablabla, harusnya kalian yg hub cust dan kasih kompensasi, selesai.",1,2025-03-29 14:52:33,tiketcom
2868d29b-d4a5-4010-8e11-716e8b57c28c,aplikasinya simpel mudah dimengerti dan banyak promo,5,2025-03-29 11:38:31,tiketcom
4499dd9b-d700-4837-898c-134789f1d67f,keren,5,2025-03-29 06:31:26,tiketcom
c44aa5bc-706f-4d48-b9f6-2641ba5f7388,👍💯Terbaik,5,2025-03-29 04:36:10,tiketcom
145744f3-bacd-479b-a430-227464e7653f,ok,5,2025-03-29 01:29:36,tiketcom
9544b436-7723-434e-8d30-3b6b10931a2c,"AWAS JEBAKAN ASURANSI. Kalau mau Jual Asuransi jangan dibuat Auto Beli dong. kalau kita lengah, buru-buru, jadi otomatis beli asuransi.",1,2025-03-29 00:44:58,tiketcom
758dc643-7c93-4df4-a0db-c7d08d303c02,good,5,2025-03-29 00:28:03,tiketcom
197ce4d0-24cb-4b4f-828d-e71cde57987f,mantap tiketnya murah bangett,5,2025-03-28 21:07:27,tiketcom
ce123d37-43da-4187-9cfe-05c8df27b641,sangat mudah digunakan tapi sayang foto hotelnya kurang,5,2025-03-28 18:20:36,tiketcom
5a519402-ecc1-4de6-857b-30f0c71cc7ce,mantap,5,2025-03-28 15:00:25,tiketcom
a41e8c31-7c7f-42d8-92d4-8de7ee89b371,saya beli tiket dari medan ke denpasar transit di Jakarta eeeh dari Jakarta ke denpasar gk bisa tiket ya kesel banget mana besok ya udah Nyepi di Bali,1,2025-03-28 11:55:43,tiketcom
78b2eb04-741d-421e-8f0f-fde43b2dd437,"harga tiket berubah, sebelumnya harga tiket 2,5 JT setelah saya ingin melakukan pembayaran berubah menjadi 3,6 JT dan setelah melakukan pembayaran ada masalah penerbitan etiket, sudah menunggu 12 jam masih belum ada kepastian",1,2025-03-28 11:19:40,tiketcom
fe7d4f4c-10d5-49dd-a13b-82e0e93ea5fa,bagus,5,2025-03-28 11:18:35,tiketcom
21e50323-f30d-4fc3-a8c3-b81a6cac7cec,semua kebutuhan traveler tersedia,4,2025-03-28 09:46:06,tiketcom
153665e2-eea0-4447-922a-ef9db4ef7b4c,apps bagus bgt,5,2025-03-28 08:57:29,tiketcom
83ce4744-86c7-4883-910e-3abf9fa134f9,aplikasi yg sangat membantu bagi saya utk bepergian,5,2025-03-28 08:11:10,tiketcom
2f254c2c-7f24-4494-a848-16b4da2ae05a,apapun yang terjadi kalo mau pesen tiket bus di app ini jangan sampai pesan tiket bus dengan nama PO waffa holiday anda bakalan nyesel,1,2025-03-28 01:54:57,tiketcom
8b54e0ce-2afd-4608-9037-75b4a31317ad,"dirugikan uang 2.500.000 ,mengadakan event via telegram. mau penarikan dana tidak bisa..",1,2025-03-27 23:20:52,tiketcom
d524c095-9b91-4d41-bbe6-fcc454882a54,mudah,5,2025-03-27 22:41:24,tiketcom
b77a6e65-3433-4244-ae40-16e1052f2622,tidak ada fituruntuk cek in online,3,2025-03-27 17:22:47,tiketcom
3e285b93-5166-4034-bd95-61cb2e99ed46,"terkadang tidak bisa melakukan pembayaran via indomaret atau alfamart,lalu suka memunculkan pilihan tiket seolah-olah tersedia padahal sudah habis terjual seperti terkesan di prank, seharusnya jika memang tiket sudah habis terjual tidak perlu ditampilkan.",1,2025-03-27 16:57:42,tiketcom
4700a2f0-784f-45f3-bdc2-d9c92d154436,ngelek aplikasi masih lelet,1,2025-03-27 15:02:52,tiketcom
da12b1dc-56d6-49ad-8ffb-5835099ca949,"mudah dan effektif dalam menggunakannya, sehingga kebih efisien, Good Job",5,2025-03-27 09:42:28,tiketcom
d080207d-06ff-4a95-ac58-7fdf728d0bb0,cukup,3,2025-03-27 07:46:25,tiketcom
53c52a0d-af63-4922-84f9-de21304f8436,"hapus fitur transfer tiket woyyy, banyak calo",1,2025-03-26 23:29:30,tiketcom
b821c38e-fd4b-436f-8a7a-bc9171054e4f,Aplikasi penting buay yang suka traveling,5,2025-03-26 21:51:44,tiketcom
f7522311-acfa-4c78-a9d6-d00e4023c8e8,mudah beli tiket bus,5,2025-03-26 16:30:39,tiketcom
00993cc5-cd33-4ed2-9e73-b44d53237e57,murah,5,2025-03-26 16:11:56,tiketcom
aca55bd6-e6f6-4baa-bf41-903451492bff,sangat membantu dan cepat prosesnya,5,2025-03-26 12:17:11,tiketcom
3f075816-56a8-451e-b655-aa82c787b465,ok,5,2025-03-26 11:29:25,tiketcom
5a41a7a1-ece7-4701-97c4-836d2b7b7926,harga tiket lebaran gila²an.. dapat tiket pas lebaran.. sekalian potong point.. lumayan jg potongan nya gk terlalu banyak keluar duit,5,2025-03-26 06:03:51,tiketcom
c9a1e8c9-8629-46d6-8ec1-f4082abbdbc9,Alhamdulilah akun sangat bagus min banyakin kerja sama dengan ewalet dong biar gampang milih pembayarany.terima kasih,5,2025-03-26 03:46:15,tiketcom
66533f1e-6344-4648-af50-0447ca814451,gada pun pilihan pelabuhan di kota Batam,2,2025-03-25 20:11:42,tiketcom
c6f29746-456f-4a46-a321-281a6d7c7761,mantap,5,2025-03-25 15:22:14,tiketcom
209b00e8-c825-4391-a86b-328f35a66f4e,loading nya lama bangeeet,1,2025-03-25 13:13:52,tiketcom
15e6e317-889b-48cf-abb7-544787c1bf92,mudah dan terpercaya,5,2025-03-25 11:37:31,tiketcom
ece6470b-8c1b-4fe5-b848-08c3b039973c,apk tidak bisa menggunakan data seluler,1,2025-03-25 10:51:14,tiketcom
e21260fb-d328-40a5-8daf-942875de753f,"opsi pelabuhan lembar tidak ada,",3,2025-03-25 10:50:39,tiketcom
99c130be-c67f-4a43-a809-e631f2bf0b8e,tingkatkan pelayanan ketika ada komplain dari pelanggan,4,2025-03-24 22:09:25,tiketcom
295e121d-e766-4b24-8f66-641ed46b5fca,good,5,2025-03-24 21:16:52,tiketcom
42458c44-1e45-4dda-a830-d6d24b854822,termurah,5,2025-03-24 20:38:04,tiketcom
51c25321-787c-464b-bab9-0daa8c63ef21,bagus ya,3,2025-03-24 07:50:09,tiketcom
da25c116-6e87-459d-aff8-3f4accc635f8,ok bgt,5,2025-03-24 06:34:26,tiketcom
94480254-d8c7-4ef7-866c-295d1e983f02,"aplikasi jelek...👎 penulisan nama dan no nik tersamar saya jadi rugi karena tersamar saya jadi salah tulis nama...👎 boss, cs kenapa malas?👎 mau konfirmasi Masalah pesanan kepana harus ketemu chat bot?👎 apakah pegawai cs nya sudah hilangkan? 🤣 untuk penghematan uang gaji karyawan kah?...🤣 kalau gitu dihapus saja vitur chat nya...👌 perlu di update...👌",1,2025-03-23 22:44:18,tiketcom
71398b61-c5eb-496a-a3e4-429294987cab,cepat akaesnya sayang nya promo tidak merata,5,2025-03-23 18:32:18,tiketcom
e1e45f21-eb3e-492c-b270-05559c936c38,terbaik,5,2025-03-23 18:29:45,tiketcom
f4b856f4-c96e-4db3-8e46-d029ae2ea355,sangat baik,5,2025-03-23 13:48:02,tiketcom
a7d80888-ce2b-4f45-9995-bf7236ccd1f4,Proses Refund kurang lebih 6 jam setelah proses pengajuan. Refund lsg ke no.rek jumlah full 100%,4,2025-03-23 12:20:49,tiketcom
735b38c0-5dd0-49c9-b4e6-2fd8f3bfeba6,baik,5,2025-03-23 08:09:33,tiketcom
445d580f-28e7-4eaf-a1d7-f966ea66d3cd,fast response dan sangat membantu dlm aktivitas,5,2025-03-22 22:28:15,tiketcom
bc74453d-e31a-416c-920e-b0f0e9b09316,💪🔥👍,5,2025-03-22 19:08:02,tiketcom
b2b2c20c-99e7-4b0c-863e-68c82cfbdbb9,terima kasih sudah membantu untuk reschedule karena salah pilih tanggal. pelayanan sangat cepat dan memuaskan,5,2025-03-22 18:09:38,tiketcom
efeed1dc-8dd2-422c-ae42-7683d55db394,lebih murah dan banyak pilihan,5,2025-03-22 17:58:38,tiketcom
13a966dc-9b5b-40d2-86c9-907fae0661d3,"Sangat kecewa. booking antar jemput bandara. baca syarat dan ketentuan pada saat booking dimana pembatalan tidak bisa dilakukan 1 jam sebelum keberangkata. tiba"" ada ketentuan baru kalau pembatalan tidak bisa dilakukan H-7 ketentuan yang berubah ini sangat merugikan dicoba untuk reschedule juga tidak bisa mohon untuk tidak melakukan perubahan ketentuan karena ini sangat merugikan customer",1,2025-03-22 08:59:47,tiketcom
2920d7ea-d5cd-462f-b44a-dcdf0f87a4b5,AlhmDulilah Lnjutkan P4omo Hotel Nyq Bos Ku.,3,2025-03-22 07:11:46,tiketcom
353f4693-7f51-4075-ba75-394f4a925831,kereeeeennnn,5,2025-03-22 05:44:39,tiketcom
3e3a8567-789b-43db-b15b-142131b086e6,mantap,5,2025-03-21 20:47:19,tiketcom
d4788c76-9246-4d0f-bd73-ffc728f32398,gimana sih waktu mau insert kota penjemputan gabisa,2,2025-03-21 18:34:42,tiketcom
f0726fff-c514-41c2-8c9b-57ff5ced276e,"aplikasi aneh, sudah melakukan pembayaran sesuai waktu yg ditentukan tp malah di refund gara2 hotel gagal menerbitkan tiket????? refund nya ke bliblipay lagi????? anehhhhhhh!!!!!!!!",1,2025-03-21 17:30:06,tiketcom
a04bd378-f21d-4be5-869a-60322d734711,pengalaman yang kurang mengenakan tiket kupu-kupu ayu pas datang ke loket terminal kampung rambutan agen nya tidak ada yg di tempat....,1,2025-03-21 13:47:42,tiketcom
1726de1d-d16e-44ea-a397-6cc6fa7b0fe3,"hati-hati dah sama aplikasi ini, ngga solutif blass, pembayaran berhasil tapi E-tiket nya tidak terbit. uasuuuu tenan",1,2025-03-21 13:47:39,tiketcom
664e2cd7-0ef5-432b-a240-6a96acd37b50,"aplikasi kocak, TERUTAMA MASALAH REFUND sulit banget sampai masalah hak waris juga, JANGAN BELI DI TIKET. COM, kalo kalian gamau nyesel",1,2025-03-21 11:23:44,tiketcom
f55cddb9-8ffc-44d5-8461-8101f26e352b,harganya makin mahal padahal sudah diumumkan akan turun harga jika mau lebaran,1,2025-03-21 01:06:14,tiketcom
3c22cb9c-4d53-4dfa-9f88-b549c3342631,oke,5,2025-03-20 21:24:26,tiketcom
e04b5fcf-eead-4d7b-bfe6-0b6281544ade,harga yg ditawarkan jauh lebih murah dari aplikasi lain,5,2025-03-20 19:26:39,tiketcom
51889030-c6f9-4c10-b96a-c10b8b8d4d11,mantap,5,2025-03-20 14:38:23,tiketcom
7a9a0be3-7bbe-46c9-b52f-26542dc6ea9e,Nge bug gaes 😩,1,2025-03-20 13:34:15,tiketcom
7320243a-4a3a-4c30-ab39-549beb87c345,Sahabat para traveler,5,2025-03-20 06:05:01,tiketcom
846a85fe-4fc7-48c5-8755-52f4046da88d,tidak bisa ganti tujuan travel yg satu route,1,2025-03-20 04:07:44,tiketcom
8d558594-f054-4ec8-8578-ecad098a9766,"saya kasi bintang satu karna lelet aplikasi lamak loading , trus mau pembayaran tiket suka gagal berkali kali..",1,2025-03-20 01:52:58,tiketcom
ef5c1269-2a54-4956-9fe2-8838869fe4bb,banyak promo setelah melakukan transaksi dan beberapa akomodasi lebih murah di tiket com,5,2025-03-19 22:34:04,tiketcom
fed7316d-eca3-408c-b183-bdaa2ad7b86f,setiap pembayaran selalu error.kenapa ya,1,2025-03-19 15:37:49,tiketcom
ba75565c-f84a-47b6-9727-5d617de3dc9b,bagus,5,2025-03-19 11:15:17,tiketcom
518260cd-e11d-4a2e-b88e-5d88383853a0,Good Price,5,2025-03-19 07:17:04,tiketcom
dbe1bfb6-6440-458b-b10a-aadf0ebe0643,mantap sekali,5,2025-03-18 14:24:30,tiketcom
1eeab38f-72a5-433a-8a3a-5a540c1442f4,bagus aplikasinya bonusnya juga banyak sukses selalu semoga semakin banyakin promo-promonya,5,2025-03-18 12:50:34,tiketcom
277766a9-c4e3-4434-b88c-396787f6267b,perbanyak promo ya,5,2025-03-18 10:08:47,tiketcom
9b0a742a-5775-4e9d-a6ba-31e115c6a237,reasonable baik tarif maupun penjelasan semuanya,5,2025-03-18 08:56:25,tiketcom
3b2232b4-a972-4081-a11d-c6e39be9242c,oke promonya,5,2025-03-17 18:50:26,tiketcom
3b169c92-2e6f-4587-9074-b070c59eee2e,mantap,5,2025-03-17 13:15:42,tiketcom
b6bbd547-dafe-4db2-aee8-337260ca0890,kenapa jadi lemot ya?,5,2025-03-17 02:41:57,tiketcom
4af89d09-65d1-4626-ae24-ececd40b4eb1,good,5,2025-03-17 00:21:17,tiketcom
a52797fb-46e2-48bb-8228-dd8d33486118,Bagus,5,2025-03-16 22:09:22,tiketcom
ed813130-97db-4114-a250-d8350f66b926,"Di tampilan, tiket tersedia, giliran mau transaksi (bayar), tiket habis. Ini kenapa ya. Sudah coba berulang kali.",2,2025-03-16 20:50:58,tiketcom
1bbb87dd-157a-412d-8bcc-95717e737d60,"aplikasinya bagus, sangat membantu costumer",5,2025-03-16 18:15:08,tiketcom
f6b62a9b-1ac6-4116-992c-6e631c22b686,oke,5,2025-03-16 16:18:55,tiketcom
b939be2c-b68f-4334-b5d8-f6e26a570156,mantap lebih murah dari pada yg lain,5,2025-03-16 13:56:07,tiketcom
1191bc10-9bed-4b72-bc56-6bb6e7cd8b4d,lbih mudah lebih murah,5,2025-03-16 08:49:23,tiketcom
9af79fae-04c7-4d27-ae74-b3619e72d05f,Best for d best,5,2025-03-16 08:33:10,tiketcom
fb560878-c98d-4ccc-920d-f88d43732a77,Best,5,2025-03-16 08:23:24,tiketcom
7c9bdf33-2922-49ca-bbf9-3520fcd652e9,reward offline nya diperbannyak,4,2025-03-15 17:46:36,tiketcom
08ab0fe9-0364-4cfe-b6a6-7af9325c3cd6,mantap,5,2025-03-15 14:37:14,tiketcom
f73b90c3-cd0b-45cc-8897-554c9eb86d6c,"Kecewa, karena CS nya bot, mau reschedule hotel suruh login, uda daftar login gk ada order, gk jlas",1,2025-03-15 12:56:15,tiketcom
ba3258c4-2106-4107-941c-293e14a72877,"Setiap mau lanjut bayar, aplikasi eror mulu, sampai harus instal ulang, tp tetap sama, gak bs lanjut bayar di aplikasi",2,2025-03-15 08:12:18,tiketcom
5a44f0c8-106a-4203-8475-12937f8bd7bf,"membantu dlm pembelian seluruh akomodasi, aplikasi friendly",5,2025-03-15 07:32:52,tiketcom
15e4c304-effd-4be3-a591-d880e93ba4d2,Top,5,2025-03-15 03:12:34,tiketcom
3e621cf8-802a-4fc2-8a24-8c00cc9e8118,good,5,2025-03-14 23:30:44,tiketcom
a5d8e091-47d7-43f8-aa19-02c6d17d9864,Aplikasi ajning cs.ya macam penipu ..,1,2025-03-14 20:06:06,tiketcom
5b739af6-a0f8-42f5-b054-727fb432912f,Penuh memory yang tak terlupakan,5,2025-03-14 17:22:32,tiketcom
c116eb27-5d49-4d3f-a385-95b02d7aead1,"Perubahan memang dari maskapai tapi kalo selalu dirubah ya jadi kecewa, biaaya reschedule nya juga mahal bangett",1,2025-03-14 13:04:50,tiketcom
401adaf5-c54b-4789-ad88-0b7683d177fb,sy sering dapat promo,5,2025-03-14 10:43:52,tiketcom
73f9c182-f981-4faf-b763-199dd37bbc93,"Hati hati gunakan aplikasi ini, saya dirugikan 2,5 juta karena masalah refund tiket pesawat. Dana refund tidak kembali hingga sekarang dengan alasan sudah reschedule. Padahal saat reschedule sistem minta pembayaran kembali seharga 2 tiket, saya tidak bisa karena sudah tidak cukup saldo shopeepay, saya mau hasil refund tiket pesawat digunakan untuk bayar. Tapi sistem e-tiket tidak izinkan. Akhirnya saya berhenti reschedule sambil nunggu dana refund masuk ke akun shopeepay. Beberapa hari kemudian",1,2025-03-14 10:40:46,tiketcom
b11a0c80-05cf-4784-a9e4-117f535fbb26,"cukup membantu untuk mencari hotel, tiket pesawat murah dan respon dari CS nua juga lumayan cepat serta memuaskan",4,2025-03-14 08:38:04,tiketcom
7c32ef54-ec0d-4b32-89bf-3c31945b977c,Good Job,5,2025-03-14 08:34:47,tiketcom
995e9d03-937d-4290-ab88-b14d3ecbba78,Mantaaaapp 👍👍🙏🙏,5,2025-03-14 05:19:10,tiketcom
1d0cc496-6b83-45b3-9908-308392175cac,nyaman dan mudah byk keuntungannya,5,2025-03-14 04:25:11,tiketcom
0908c066-65f6-41b2-9ebc-132b907ec375,mantap,5,2025-03-13 23:35:10,tiketcom
737ab05c-9b1d-471c-a184-defc5b39d85c,harga bersaing sih... dan selali lbh murah klo di bandingkan apk lain. kalau apk mudah. standart. aman,5,2025-03-13 23:01:15,tiketcom
8884b4e0-8216-40ac-9e5e-81955839321b,"gampang digunakan, semoga banyak diskon menarik di era gempuran tiket yg mahal ini",5,2025-03-13 20:11:02,tiketcom
3224e3d4-13d9-4d90-a304-09cf242b28c3,sangat mudah dan bagus,5,2025-03-13 19:21:17,tiketcom
4b68818b-9ccf-429b-9ccf-ab95ba5c8c13,tolong discount dong,5,2025-03-13 16:30:20,tiketcom
2edc2c5d-24d0-437d-baac-51dbee17a974,"Aplikasi yg sangat membantu pencarian tiket, responsif keluhan👍",5,2025-03-13 15:15:16,tiketcom
7db35372-5148-46c2-aaf2-564b5facfa78,Aplikasi apaan ini saya pesan 2 tiket tapi dibuat kosong bagasi,1,2025-03-13 12:14:12,tiketcom
5def0aad-4f5e-429a-ac87-cfd836f7950b,"mudah cari tiket pesawat & hotel, dan pastinya lebih murah drpd 'toko sebelah'",5,2025-03-13 11:12:16,tiketcom
496da234-5319-4ecc-b312-f7d703231c85,Ok,4,2025-03-13 08:05:28,tiketcom
015b8f61-1f14-4e31-a0f6-e4bbbc610502,"akhs keren sih ini aplikasi, semua ada dan serba murah gw sekeluarga suka dan yg pasti terpercaya sih. thx lho",5,2025-03-12 21:32:49,tiketcom
e5377017-264e-409b-8447-bdf282048290,top,5,2025-03-12 20:04:53,tiketcom
1b33c53c-6eab-4044-a6c3-a86c185e987e,"aplikasi yang sangat membantu,Dan Gak ribet",5,2025-03-12 12:58:07,tiketcom
c06e93ed-61d5-45b1-a7a3-ead57d772a71,good job 👍🏼,5,2025-03-12 10:26:25,tiketcom
1fb7ed13-da42-4350-a2a8-4802bb7794b9,aplikasi informasi lengkap.mudah dipahami.memberikan informasi ug bermanfaat,5,2025-03-12 05:25:56,tiketcom
000cdd34-2a6b-4b2b-90d8-31aa751ad66e,PRAKTIS,5,2025-03-12 02:27:56,tiketcom
17367ec4-50e2-4080-b284-40557e5b5605,Aplikasi sampah. Sudah 2 kali bayar e tiket tidak terbit²... malah suruh nunggu,1,2025-03-11 20:35:28,tiketcom
00fbec3f-5d42-48ec-b7a5-81ceecec0806,Bagus banget dan cukup membantu dalam perjalanan holiday kami,5,2025-03-11 17:34:24,tiketcom
3ad98c72-6569-4089-bbc7-30b44311d1cd,ok dah udeh ke 4 x pake tiket com,5,2025-03-11 11:23:24,tiketcom
8b56962e-b2e2-478c-9e64-20106256520e,min ini sampe brapa jam aplikasi tiket kapal gangguan nya,1,2025-03-11 04:12:23,tiketcom
7de5731e-f98b-4117-a0fa-4ced18882fea,sangat membantu sekali,5,2025-03-11 03:09:28,tiketcom
14c189fc-faf6-4a65-9379-1d0794ec3604,aplikasi Nya Mudah Semoga Makin berkembang,5,2025-03-10 21:56:36,tiketcom
428ce0a3-8af6-4ea5-aa5b-7f8c28a938d5,"Mantap 👍 sangat membantu dan mempermudah perjalanan bagi customer., Oia sering sering di murahin lagi dong harga tiket nya ia., terima kasih l ❤️ tiket com",5,2025-03-10 21:28:10,tiketcom
0730a613-090e-45b3-b006-17a1e41e9ee5,mantap layanan nya,5,2025-03-10 10:45:16,tiketcom
30066f4f-c817-4691-8241-1628b0e17fba,"Kadang tanggal berubah sendiri di aplikasi, bbrp kali pernah salah tanggal order tapi tidak toleran untuk jadwal ulang, saya putuskan untuk uninstal saja masih banyak aplikasi lain yg lebih toleran terhadap human error dan aplikasi bug.",1,2025-03-10 08:55:20,tiketcom
48532a59-1bd3-4837-8b6e-16b5c4766008,love it asli dehh,5,2025-03-10 08:47:39,tiketcom
6f10b276-6f7c-4557-baf2-e5c74d6d9601,"Saya nyesel banget kenal aplikasi ini Masa salah pilih alamat keberangkatan nggak bisa di ubah, aplikasi apaan nggak ngebantu banget.padahal baru 5mt.sudah nggak bisa di ubah sok ada penyelesaian masalah padahal nihil dari pihak agen katanya aplikasi yang bertanggungjawab dari pihak aplikasi agen nggak respon padahal saya sudah ke agen dan agen malah respon baik.DASAR APLIKASI NGGAK TANGGUNG JAWAB.",1,2025-03-09 12:47:36,tiketcom
f455847d-4669-421c-8395-85f183bb7627,baik,5,2025-03-08 19:49:05,tiketcom
32627e4a-ddd6-4c7f-809f-03c70b37928d,mudah dalam penggunaan aplikasinya,5,2025-03-08 17:48:22,tiketcom
4fa8947c-1de3-494c-9e9f-53dcedcc2457,semoga bonus promo nya lebih byk lagi tidak berkurang terus semakin tahun semakin menipis dan lebih susah,3,2025-03-08 16:52:50,tiketcom
d0d39c0e-c43d-4e47-8484-6fb4dbc12e5b,Sangat membantu,5,2025-03-08 14:12:48,tiketcom
d7bc7710-f738-48ff-b788-6d3b6769c67c,oke oke oke,5,2025-03-08 10:55:04,tiketcom
4a9f7b28-fb14-44d7-9135-2207c3d0704b,keren,5,2025-03-07 18:03:01,tiketcom
46606742-41e0-4d4e-80bd-c21dde635594,Sangat membantu..!,4,2025-03-07 17:33:01,tiketcom
b3ba93df-85f4-48da-b012-66ffb455b2c6,diandalkan,5,2025-03-07 09:01:50,tiketcom
7c1f7fff-4b8a-4f6c-8291-f9da33ba3393,setiap poin agar diundang diundi dan dikasih promo menarik,5,2025-03-06 10:17:50,tiketcom
59c968cb-b9dd-4f18-a11e-fbebc7313ab8,"Tanggal, bulan & tahunnya gabisa di scroll tolong diperbaiki",1,2025-03-05 23:02:48,tiketcom
d7f0f88f-90c9-4d92-9b5d-689150bb14cb,Mantap,5,2025-03-05 22:52:56,tiketcom
317253d0-1b7e-47c4-b89e-c1ded6c363e5,Murah sih dari yg lain tapi refund dong jauh banget sama yg lain. Refund jauh2 hari cuman air port tax dari harga tiket 600an refund 100rb hahahaha..murah banget refundnya,1,2025-03-05 21:49:36,tiketcom
e06c368e-a36f-418a-9137-e64e20488a45,mantap,5,2025-03-05 15:28:28,tiketcom
4a0cc183-38ac-4da1-9339-c86e731e4d8f,Minimal reschedule itu bisaaaaa!!!!!! Orang salah pencet tanggal check-in udh ajuin laporan sama pihak hotel. Masih aja gak bisaaa!!!! Kalau dibatalin mungkin lah kalian rugi!!!!!! Ini reschedule!!!!!!!,1,2025-03-05 15:09:38,tiketcom
8940a9b3-a57a-4c4b-805a-b438d3f90d21,Apa iya pelabuhan Ferry di Indonesia cuma ada merak Bakauheni dan Ketapang Gilimanuk ? Pelabuhan yg lain pada kemana? Wah nggak jelas nih !,1,2025-03-05 13:15:02,tiketcom
285d5a9c-99ce-4949-9f2b-043ddcc9e79e,"sangat membantu, terimakasih",5,2025-03-05 12:40:31,tiketcom
acd51966-eeda-4f73-af69-81c0281d87f7,Ini saja dulu....,3,2025-03-05 11:49:34,tiketcom
80cc7562-4d14-4898-ae3a-39925925be0e,Bagus,5,2025-03-05 10:52:58,tiketcom
d31b1cae-6fbe-4996-80a4-0e87583b064e,"Pertama pakai, semoga lancar",4,2025-03-05 07:48:03,tiketcom
7670e3f8-3cc6-4d3a-995f-6647e173a676,"HATI HATI UNTUK MENGGUNAKAN APLIKASI INI, PELAYANAN BURUK, SAYA PESAN KAMAR TAPI TIDAK DAPAT DI GUNAKAN KARNA KATANYA SALAH MEMESAN, PADAHAL SUDAH DI TANYAKAN DARI SEBELUM HARI H. TAPI TIDAK ADA RESPON SAMA SEKALI DARI PIHAK PENYEDIA, KETIKA SAMPAI HARI H DENGAN BERBAGAI MACAM ALASAN, KERUGIAN DI TANGGUNG PEMESAN SEMUA, JADI PESAN 2 KALI DAN MEMBAYAR DUA KALI, KAPOK KAGA MAU PESAN LEWAT APLIKASI INI LAGI",1,2025-03-05 04:49:40,tiketcom
f0816f79-0afe-450f-ac59-0f6c069063e9,excellent,5,2025-03-04 23:43:12,tiketcom
e7124fe0-7248-4082-97d0-c35753690841,platform profesional dengan layanan yang responsif,5,2025-03-04 19:10:48,tiketcom
4f6c3a56-4dd0-4d42-901d-2d865a2a1db8,"Pertama kali pakai apk ini, Harga gledek cmn buat mancing konsumen. Diskon cmn 100 k Pesen tiket PP 3600 Setelah di klaim Harga nya malah turun PP jadi 3jt Rugi bngt saya, Harga gledek harus nya ngasih perbedaan promo dari harga biasa Malah kebalik. Ini mah cuman buat mancing tok Menyesal saya!",2,2025-03-04 11:48:46,tiketcom
90c258e9-1ff2-47b5-af5b-2c959945820f,"Good Service Excellent, thanks",5,2025-03-04 08:48:29,tiketcom
e8b6dc51-0249-4788-8930-aca5e8e1fb22,Ok,5,2025-03-03 16:11:02,tiketcom
f175a122-2a9b-4b5c-8b07-b1a338cd4aa9,Kenapa email diganti dgn yg lama yg udah tdk dipakai..,1,2025-03-03 14:31:04,tiketcom
3b85b8be-e8b2-4e26-a95f-1dda7e5d1e2e,"Mau daftar kartu dufan gak tampil box foto, di fix donk, ini hp sy android 14, hp baru, masa malah aplikasi error",1,2025-03-03 11:05:35,tiketcom
40ee2ecb-7a62-4656-b004-ef9abef4c804,"Mudah dan cepat, serta jaminan harga termurah...",5,2025-03-02 22:03:19,tiketcom
cd7821d3-f554-4fea-912c-da2127b22cb9,keren cpt ga pke lm,5,2025-03-02 17:35:09,tiketcom
cab8a170-f7f9-40e2-a040-db5216300ec6,mantap jiwa👍👍,5,2025-03-02 16:43:55,tiketcom
3d5295fc-15eb-4e13-bf6e-53865743a77e,ok,5,2025-03-02 14:15:49,tiketcom
a2fb68a6-e093-44ba-8e17-bab420131cd3,sngt memuaskan,5,2025-03-02 13:49:35,tiketcom
5dc3f810-9e14-4afa-a2d1-c348464f8be8,Di sini harga tiket surabaya lombok tgl 20 harga 700 di traveloka 579 selisih nya lumayan ya...,2,2025-03-02 10:26:23,tiketcom
05b3467d-2ccb-40e1-848c-9ea383d33641,saya coba dulu e kalau bagus saya kasih bintang 5,3,2025-03-02 09:07:33,tiketcom
fe0aad44-94fd-4443-8918-29ed62a70eb7,mantabb,5,2025-03-01 13:14:22,tiketcom
70c35d03-b434-40b3-a576-5763f0eae1bb,aplikasi yg sangat membantu,5,2025-03-01 12:16:29,tiketcom
566e997c-8eb3-4347-bb62-cef44b0b756c,mantul,5,2025-03-01 05:37:39,tiketcom
6f0e3e30-d90d-4302-8a84-47ae4d11aa32,good..mudah digunakan,5,2025-03-01 03:25:39,tiketcom
2480e593-f1ab-466a-bec9-5479233a11d4,aplikasi yg bagus untuk membeli tiket online,5,2025-03-01 01:31:19,tiketcom
dd4ec101-8268-485d-8ef8-7df72cc15553,jangan banyak iklan kayak aplikasi sebelah simple saja pasti orang pakai terus,5,2025-02-28 10:15:13,tiketcom
c7b1ab26-2d50-408e-bd88-3bc8332b5808,Harganya lebih murah dibanding platform sebelah,5,2025-02-28 09:28:22,tiketcom
4a7f7c62-24bc-4453-b66a-79d3863108bc,"Kenapa sekarang Verifikasi Cloudflare tidak berhasil masuk. Sudah coba berulang kali, tetap tidak bisa.",1,2025-02-27 20:00:07,tiketcom
48166687-d789-40bf-b4fb-18a5cf014afc,keren,5,2025-02-27 15:34:33,tiketcom
d5c235dd-7abb-4dd7-bcc5-8d32bb7d3c2e,Sangat bagus,5,2025-02-27 15:00:59,tiketcom
385b7d59-2b11-404f-9ca1-57fe3c8c3ea8,"1. Pakai promo susah bgt, Refund jg susah, bilangnya bs Refund tp ada potongan, Padahal Penerbangannya msh lama, Gak Recommended 2. Tidak Mau Bantu Customer Yg Tidak Sengaja Salah Pembayaran Saat Beli Tiket Pesawat Malah Mengambil Keuntungan dr Ketidaksengajaan Customer Mending Gak Usah Pakai Aplikasinya, Biar Bangkrut Sekalian",1,2025-02-27 13:10:38,tiketcom
4fd41322-8e3b-45f2-b808-9db40affc254,Baik,5,2025-02-27 10:36:29,tiketcom
5f198d81-b8ff-44a8-9186-1091fdde0465,okey top,5,2025-02-27 00:05:16,tiketcom
63b6b885-3e4d-4719-b718-680ed66fa386,aplikasi yg sangat berguna.,5,2025-02-26 19:06:00,tiketcom
bfbaf536-da52-45b1-a706-fcaf39530ef3,Tiba2 limit ditangguh kan,1,2025-02-26 14:04:20,tiketcom
a43ffc3f-d4c8-471d-8c9a-75d104ae33f8,gabisa di reschedul,1,2025-02-26 11:04:48,tiketcom
bd74d1be-f82c-427b-946f-d524abf3c262,Aplikasi penipuan saya merasa sangat tertipu oleh pihak manajemen dan aplikasi. Saya jelas2 memesan hotel dengan syrat refund 100% dan ternyata stlah sya lakukan refund terkena biaya 80%. Aplikaai penipuan,1,2025-02-26 08:19:44,tiketcom
09a076de-be29-4eb9-801f-a6b0c9666234,paylater ditangguhkan,1,2025-02-26 08:01:57,tiketcom
54f2e682-dfad-4573-8433-f33568bed77b,Bunganya terlalu gede dibanding aplikasi lain,5,2025-02-26 07:02:45,tiketcom
aef7fc7f-4ec8-4b0e-87fe-e6afec6850f5,mantap,5,2025-02-25 23:38:15,tiketcom
e778bbae-ab68-437e-9433-97106b09b3da,"Aplikasi lemot, ngadu ke CS, dikasih robot. Gada solusinya suruh nunggu 15 menit ga muncul juga e bill hotel nya.. Mengecewakan padahal sudah transfer, posisi capek kerja mau istirahat tp malah ga jelas status ticket nya.",1,2025-02-25 23:03:54,tiketcom
33522588-a86e-4af9-88c6-70d17b49c4fd,plg murah,5,2025-02-25 13:02:18,tiketcom
31160d8e-271d-4e5b-9ce2-480eb6cb80b7,best,5,2025-02-25 11:32:29,tiketcom
39fef7a0-36f7-4ebe-a651-d915375e346d,"harganya lebih murah, dan ada promonya meskipun tidak besar tetapi lumayan.",5,2025-02-25 11:07:03,tiketcom
a1bf68dc-b55c-4606-b13a-5b0a82d0af25,Good,5,2025-02-25 09:31:08,tiketcom
f19ba14c-e3eb-4b1a-a4bf-ab376751e8f7,hrg lebih murah sedikit drpd di sebelah,5,2025-02-25 05:51:59,tiketcom
ad934062-b0a1-4e68-baed-376e490b9b02,mantap,5,2025-02-24 20:02:25,tiketcom
3e856e14-9f6b-41f7-8274-b403e3699e17,ok dipermudah,5,2025-02-24 19:20:33,tiketcom
52bcdeb9-c489-4ab0-894e-8b1491d4d3d1,love it,5,2025-02-24 16:49:54,tiketcom
a716ea09-3358-4b76-9e9a-792d1abe5267,"gampang,mudah mantap",5,2025-02-24 16:14:29,tiketcom
9dd2bbbd-4780-47c3-b80a-98dd4acfa5aa,baik,5,2025-02-24 09:18:13,tiketcom
a003bb0f-54e2-46ef-aaac-c57e429b2e06,"Buat yg mau pesen d aplikasi tolong d teliti d bagian menu tgl,karna saya tidak sadar dgn tgl,pas pemesan an tgl terisi otomatis dg promo mereka,padahal kita mau pesan d tgl lain,jadi ke beli d tgk yg otomatis pas tgl promo,mana uang tidak bisa kembali",1,2025-02-23 22:45:51,tiketcom
784e6a55-d667-4145-8229-47daffe72307,mantap harga lebih murah dari walk in,5,2025-02-23 22:39:23,tiketcom
bebdbbe5-0ceb-43bc-9156-53c18e931039,keren tiket. com,5,2025-02-23 19:48:56,tiketcom
ecbac582-b80f-47b9-9536-7fa5a2e37158,easy to use,5,2025-02-23 17:25:04,tiketcom
84bade9d-5eac-4116-a496-e0165ad19750,"ada jebakan di asuransi nya, saya kira itu harus ceklis dulu bisa menggunakan asuransi api ternyata harus unceklis agar tidak menggunakan asuransi. tolong donk klo takutnya ada yg buru2 revservasi tiket ngk perhatiin harus unceklis dulu",1,2025-02-23 13:34:22,tiketcom
25187bb2-b71b-4d97-a490-3135b75bf1dc,"Baru pertama kali mau beli tiket dsini, giliran mau transaksi gagal trus, apk.y cuma berfungsi cek jadwal sja",1,2025-02-23 00:41:18,tiketcom
63cf2688-4f27-499f-9906-1035e80d9e9d,Tiket kereta mudik ngga bisa diakses,1,2025-02-23 00:24:42,tiketcom
39c1b8ad-2e6c-428e-b266-163de720359f,Tidak bisa pilih kursi kereta,1,2025-02-23 00:24:01,tiketcom
532e2406-d75c-4513-9e0c-439bf3870f12,"CACAT APLIKASI INI , AGENTNYA PADA TIDUR",1,2025-02-23 00:22:08,tiketcom
73e5cc3e-17a4-4039-99a6-d90b1200358c,Tolong fix typo pada Bandara 'Sultan Syarif Kasim II',1,2025-02-22 20:52:31,tiketcom
fa8110e4-548c-4de2-bc52-cb362195c9e8,"Promo gak promo ini mah sama aja harganya di sini. Katanya lagi ada harga gledek nyambar tapi potongan harga gak sampe 100 ribu, cuiiiih. Yg pantas namanya harga gledek menyambar itu minimal discount 50% gak kurang di bawah 50%. Bila perlu discount nya 70 % baru pantes disebut harga gledek menyambar.",1,2025-02-22 20:28:30,tiketcom
b0235f82-704d-4707-8d0c-59121d727f88,dapat diandalkan sejauh inj,5,2025-02-22 13:21:20,tiketcom
115819d3-dc8b-427e-8947-14160bfe63bd,bagus,5,2025-02-22 10:41:21,tiketcom
936c0d12-de05-4d7c-a678-fab2c15a3b2e,"Kalau ada penipuan hotel, dana tidak di kembalikan.",1,2025-02-22 09:55:14,tiketcom
193075af-ad1c-4a00-ba43-0d35d24ee5f4,aman nyaman g ribet,5,2025-02-22 07:14:53,tiketcom
aa9993ba-4274-4fca-a43c-e9725d8f0749,"Beli tiket kreta sulit, nunggu lama rela begadang tiba2 habis",1,2025-02-22 01:02:19,tiketcom
3949a8af-ab1d-43a9-ae50-34b8f4be8c16,Keren simpel aman nyaman ada ket kereta apa contoh nya kereta new generation 👍👍👍,5,2025-02-22 00:27:11,tiketcom
5f9bd1bf-2ec7-4ff6-b43a-eec908d25bd6,makin di banyakin ya promonya,5,2025-02-21 23:58:52,tiketcom
81056d31-e036-4ada-8718-c8ff944d22ec,Bagus,5,2025-02-21 14:22:45,tiketcom
60c37e71-5812-4a78-8870-13ec0bb7d98a,top,5,2025-02-21 10:20:42,tiketcom
e07b2d0c-ae43-402c-aec5-4fe4c3d51da5,aplikasi sangat membantu dalam mencari hotel dan tiket pesawat 👍👍👍👍,5,2025-02-21 09:30:23,tiketcom
cb4d025e-842e-412c-b503-50200a63919a,excellent,5,2025-02-21 06:07:45,tiketcom
8b4d13de-d534-404f-9177-e12d9d790f0d,mantap aplikasinya untuk cashback lebih di banyakin yha,5,2025-02-21 05:20:10,tiketcom
ac513640-f13d-4176-9d1f-6a77be58ef48,mudah dan cepat,5,2025-02-20 20:20:55,tiketcom
387d6805-688b-471c-ac29-3656a7529385,"Mau mncoba untuk Pertama kali menggunakan apk ini untuk beli tiket pesawat. Sudah saya cek di kalender tiket untuk tgl skian harganya 1,6jt dan sya chekout untuk 2 penumpang dan harganya jdi 3,2jt. Tp stelah mau melakukan pembayaran harganya naik menjadi 5,3jt pdahal sudah sya cek detail tidak ada penambahan apapun termasuk asuransi juga tidak ada sma skali tapi tiba tiba naik dratis pdahal harga tiket standar nya rata-rata 2,4jt per orang. Dan sya tidak jadi beli tiket di apk ini.",3,2025-02-20 16:02:52,tiketcom
3cd1072c-aa3e-4aaa-9e44-e3a738011b70,pilihan perjalanan terbaik ku..,5,2025-02-20 14:39:16,tiketcom
5f6c12a7-1186-49d4-b089-d7193acfb23e,"Benefit Member diamond airport lounge cuman di bandara jakarta, jadi benefit member yg bukan domisili jakarta gimana? Benefit yang bukan benefit..",2,2025-02-20 13:14:35,tiketcom
491ad0d4-e37f-4f39-be6f-876d30b3e34c,"Baru pertama mau pakai, pengalaman tadi pagi jam 5, kami berdua dari stasiun naik becak ke hotel, sampai di depan gerbang terpampang papan tulisan maaf kamar penuh, iseng kami pesan lewat aplikasi, ternyata bisa sampai ke tahap diminta bayar. Ini gimana ya kok beda. Nanti repot ya, sudah di bayar, checkin ga bisa, refund ga bisa.",2,2025-02-20 08:01:57,tiketcom
a9b2e4b7-cfb6-4c07-abae-c56f9252688b,"Aplikasi yang sangat berguna disaat war tiket pulang kampung.. very useful than KAI access itself.. big thanks, anyway",5,2025-02-20 00:58:59,tiketcom
2c19b9fb-072f-4269-bf4f-94759c7feec8,nice,5,2025-02-20 00:31:55,tiketcom
7a84c2e2-4c13-4e7c-8fa5-cafbf0e426e6,Apk tidak berguna saat di perlukan,1,2025-02-19 23:31:59,tiketcom
b93d82f5-1f01-4094-bf63-3ada44d5606e,"Mempersulit. Cs nya susah dihubungi. Malah robot terus yg balas maupun via wa,email dn aplikasi. Pesan hotel 2kamar ehh pas hri H tiba2 dibilang cancel sma pihak hotel. Sy mau komplain ke aplikasi susah bener",1,2025-02-19 20:49:04,tiketcom
c933a26d-73c0-4ee1-9f64-4c8ea5a50634,ok,5,2025-02-19 20:00:41,tiketcom
33883f94-a6be-4551-a1c4-b4290fa5a087,luar biasa!,5,2025-02-19 11:47:36,tiketcom
fed72489-5d57-4be4-aabb-d17c9005cd53,bagus,4,2025-02-19 06:24:30,tiketcom
7eaad905-1c1b-4633-a40d-4d2cd18de222,Kurang update,1,2025-02-19 03:16:15,tiketcom
0a63bbca-aec5-411b-badd-b58dc1e681cc,"Nggak bisa buat pesen tiket kereta, keterangan sedang perbaikan sistem, padahal aplikasi udah paling update",1,2025-02-19 01:40:03,tiketcom
d8ae1ef5-ca57-4c42-9383-250c96638512,Mantap,5,2025-02-18 19:57:08,tiketcom
e4ffaad3-6a9e-4895-82c5-285867e7a9cd,ok,5,2025-02-18 17:55:12,tiketcom
2390bec6-43e8-4102-9b92-3f3f82fd7b80,Mantap,5,2025-02-18 17:37:59,tiketcom
16825f20-dc60-455f-bf73-d948bdccdd89,OMG ada fitur paylater 😭,4,2025-02-18 17:37:46,tiketcom
ed4541d7-b23b-468b-b9c8-1f47716f01d2,"Mudah digunakan, harga lebih murah dari aplikasi lain",5,2025-02-17 22:23:47,tiketcom
4f575f0c-4ddf-42b4-8134-11e9c3da4c7f,"Aplikasi aneh, masa cari tiket h-7 aja keteranganya tidak tersedia. Padahal d apk lain ada",1,2025-02-17 22:06:27,tiketcom
ccdbf90b-18fb-4449-8018-fa98456edb4c,Gw sangat kecewa dengan aplikasi ini di daftar nya ada pas di pesen kosong ngga jelas gw kasih 1 bintang ajah informasi nya ngga jelas,1,2025-02-17 22:00:22,tiketcom
a75a55d2-bf29-4868-8a44-c050892a3af8,Bagus,5,2025-02-17 21:31:11,tiketcom
7021afaa-be10-4ffc-88da-16b6e7a8d087,Pelayanan baik & cepat,5,2025-02-17 20:57:40,tiketcom
5ff01d17-53e5-43a3-a75d-2349d98741e1,app yg sangat membantu 😁,5,2025-02-17 18:31:36,tiketcom
29859b52-d41e-464f-86b2-5b8e0c5bb059,keereen,4,2025-02-17 13:45:35,tiketcom
097b02fb-9210-4f3b-8d36-071fd910175b,Jangan download app ini mendingan app yang sebelah,1,2025-02-17 11:29:09,tiketcom
9954ba7d-5d82-4064-996a-b49c044d8d06,bagusss sekali..,5,2025-02-17 09:58:32,tiketcom
4c355241-15ec-4ff3-bb83-1922bab440d6,sangat membantu dan memang lebih murah dengan banyak promo👍,5,2025-02-17 09:39:52,tiketcom
c79f0dc0-73ce-46d6-85f2-dd05c318f521,banyak prmo murah,4,2025-02-16 15:16:15,tiketcom
550ef20a-8da3-4ff7-89f9-f2b848824a18,Bisa tak bisa,5,2025-02-16 15:01:09,tiketcom
ba09b809-0bbd-4972-8f8f-35967b54d9f3,Sangat Baik,5,2025-02-16 09:43:43,tiketcom
5c4783b6-2e45-4212-a4a0-6e648a98de03,Good,4,2025-02-16 06:16:24,tiketcom
653ddfd4-2079-406c-81cb-446f4e470eb8,sudah langganan selalu beli disini tiket kereta mantap aman terpercaya....,5,2025-02-16 05:31:28,tiketcom
008703e7-307f-4496-bf09-1d9b34373068,"Sudah bayar tijet tapi order di apk nya ga ada, uangnya hikang gtu aja",1,2025-02-15 21:02:42,tiketcom
63f95a83-363c-453c-866e-237b44d9443c,Kalo bisa tolong tambahkan lg opsi pembayarannya kayak bayar di indomaret/alfamart.karena gk semua punya ATM dan nyaman pake dompet digital apalagi pinjol. Tolong yaa,4,2025-02-15 19:26:17,tiketcom
4a684676-a826-4dd8-bea8-edf31fa07fd4,very good,5,2025-02-15 12:12:08,tiketcom
46b847ea-1c88-484a-831f-181579726b1c,Sangat membantu.... terima kasih 🙏🙏🙏,5,2025-02-15 07:36:32,tiketcom
45450f14-c422-4e5b-ba75-69995bc34d5c,"Iklan di YouTube ganggu, bisa sampai bermenit2",1,2025-02-14 21:18:45,tiketcom
bf8e9d93-5224-43fc-8fbe-7ce353c8bd79,"baru bgt war kereta lebaran di apps sebelah bayar cmn nominal kereta dan admin pas bayar yg disini kaget nominalnya lbih besar,karena bingung prasaan tidak pake asuransi eh ternyata asuransi aotomatis terceklis dan harus teliti gak bgt si ,TDK mengkehendaki asuransi tp merasa terpaksa membayar",1,2025-02-14 13:02:40,tiketcom
3516c4ce-f0fb-4293-a889-a73a7e2dfdc6,"Aplikasi cacat, mau daftar atau login selalu minta aktifkan cookie. Padahal pengaturan cookie sudah aktif",1,2025-02-14 12:53:40,tiketcom
8cc0a61b-da27-43e8-a2d4-3f47dde8f1a7,Baik,4,2025-02-14 12:53:37,tiketcom
e3755b10-80af-499b-8400-f5cd47f31e9a,"Kenapa akun paylater saya tiba2 di non aktifkan tanpa pemberitahuan, Padahal sdh di ACC 6jt dan akun masih fresh/belum dipakai sama sekali (belum ada1 bulan) padahal tadi pagi mau saya pake beli tiket pesawat. Sungguh mengecewakan indo dana pay later",1,2025-02-14 11:34:07,tiketcom
e92df863-49fd-4623-936a-dcf4ce64f83f,mudah & murah,5,2025-02-14 10:19:58,tiketcom
5517b168-c4f0-443e-8a06-90166246b2a8,mudah2an penggunaannya,5,2025-02-14 06:28:15,tiketcom
06caef82-dd69-40f3-a910-9b42308bf63a,"APAANSI GAJELAS BANGET, GUA MAU LOGIN GAKBISA, GAJELAS BANGET APLIKASI NYA, bete banget, padahal urgent.",1,2025-02-13 22:07:36,tiketcom
0c5f4559-6e0a-4605-91c6-8cea45ae7637,"Aplikasi gila, saya gak ngapa2 in tiba2 paylater saya di tangguhkan secara tiba tiba padahal ga melakukan kesalahan apa2, begitu buka akun, mau ada perlu tiba2 di tangguh kan!!!! Tolong di perbaiki dongggggggggg jangan seenak nya sendiri. Saya juga bayar kok di sana!!!",1,2025-02-13 14:57:32,tiketcom
07c97729-346e-4ab8-acee-bd32fb1be56a,mantap tenen,5,2025-02-13 14:35:59,tiketcom
0104d31b-fd76-44f3-ac69-e3ca8a528dc5,butut,1,2025-02-13 10:36:32,tiketcom
0111740b-4504-4859-9c11-fc6a4fc7d3aa,membantu sekali,5,2025-02-13 09:30:21,tiketcom
791e542e-8b56-4538-b193-8e7b76c8c004,baik sekali🙏,5,2025-02-12 17:56:11,tiketcom
5132e97f-c3c0-4a03-8a58-828fac7a1d65,Disappointed ... Uninstall,1,2025-02-12 08:03:45,tiketcom
c91f8ded-297e-48ca-b6c9-51d5715a8821,ok,5,2025-02-12 07:30:32,tiketcom
5e3af3e2-c29a-42cf-860d-69b683abd65c,Apk sarang penipu,1,2025-02-12 06:42:37,tiketcom
03d465d3-c928-479e-ab26-40766aaef6d6,"pesan tiket apapun sangat mudah, best pokokya",5,2025-02-12 05:51:44,tiketcom
afb5b937-d6a9-4f35-a5ec-115e3346d8e1,Nungguin sampe ganti hari jam 00:00 mau pesan tiket.begitu chekout suruh sabar.begitu masuk tiket tidak tersedia.gak jelas,1,2025-02-12 00:11:59,tiketcom
e6084c52-8ab8-4aa7-8847-23a9c2809a0b,Susah bnget cari tiket lebaran... Cari dri jam 12 malam teng... Smpai jam 2 ga bisa tulisan not seat ready...,1,2025-02-11 21:54:05,tiketcom
c128583b-2825-4e50-9741-8d17a3e7aad3,top markotop,5,2025-02-11 21:01:43,tiketcom
12d5661c-ddcd-4229-ba18-b3670837c1d0,"fast respon dan untuk voucher nya suka hilang""an",5,2025-02-11 11:26:09,tiketcom
6325331d-4f19-49b2-a0bc-02300d8e8c9b,"pindah apk aja, rating 1 aja cukup. karena gabisa beli tiket kereta padahal udah standby dari jam 00.00 sampe sekarang, aplikasinya gangguan mulu gaada kejelasan suruh nunggu",1,2025-02-11 09:13:08,tiketcom
0f970b77-43e3-40cb-8a8c-ad295cd864e0,Dari malem kaga bisa di buka pesanan kereta pasbisa buka kaga ada tiket nya,3,2025-02-11 08:18:01,tiketcom
3c7ed639-748c-4e50-8fe6-68b32d2198d7,jelek,1,2025-02-11 06:55:17,tiketcom
ddcd477f-5ae6-4e9d-a8a5-427565108173,Sangat bagus kalau aplikasi menyediakan nambah bagasi setelah tiket terbit,2,2025-02-11 06:31:34,tiketcom
fa2de3b3-6111-4a9f-a22c-67af08c2605f,"Sistem eror mulu dari semalem, gagal beli tiket kereta gara2 ini",1,2025-02-11 06:01:33,tiketcom
371619dc-6687-4c51-95fa-378ed921e347,jelek banget. buat nyari tiket kereta aja error mulu. parah,1,2025-02-11 04:09:09,tiketcom
fc31759f-2f3e-4ea7-b8ee-356e01e334a2,Aplikasi apaan si ini eror terus beli tiket kereta. Mending langsung ke indo atau alfa ajah eror terus pas klik pesan,1,2025-02-11 02:31:18,tiketcom
7810b6c6-f672-476e-a636-939a78d33b51,"Gabisa pesen tiket kereta buat mudik, parah bgt",1,2025-02-11 02:17:25,tiketcom
e54b5a88-3885-4575-bead-906c0704b57a,"Nyari tiket dr jam 00.00 smpe jam 01.45 ga kebuka sm sekali, gangguan error trs.",1,2025-02-11 01:46:09,tiketcom
1531c5ff-3f48-4143-bd53-f65e716eada0,Aplikasi bapuk orang mau pesan tiket kereta malah loading gak jelas,1,2025-02-11 01:07:25,tiketcom
ff735b43-41ea-4fe7-83c8-595b8e8b1c67,Pesan tiket kaya pesan mkanan online lama.. Muter muter kaya gasing... Disuruh tunggu tunggu udah 1jam buka tapi muter muter melulu apaaan nih apk gk jelas.....,2,2025-02-11 00:45:30,tiketcom
97c5e990-3d98-45a0-8177-b75cb345f7d2,buruk,1,2025-02-11 00:21:14,tiketcom
0e8adb4a-3662-4e86-8694-c2850bc45b9e,mantaaasppppp,5,2025-02-10 19:31:00,tiketcom
e6058067-5e77-4a31-9881-89d7bf67188b,"aplikasi mudah, cepat dan gampang di mengerti",5,2025-02-09 18:36:26,tiketcom
e2d4ba19-739f-4c44-91e2-204c2025957f,fast respon cs nya,5,2025-02-09 11:11:46,tiketcom
71184ecb-9204-4f98-9fdc-53e35ffd5a80,"Saya pesan hotel dan sudah dibayar, tetapi tidak terbit tiketnya dan pihak aplikasi tidak dapat solving problem setelah 2 jam. Padahal keadaan sudah malam, saya butuh istirahat secepatnya. Percuma gw udah tier platinum, tapi aplikasi ini tidak bisa untuk solving problem dengan cepat dan profesional. Cukup saya tidak akan pernah pakai aplikasi ini lagi sampai kapanpun, goodbye",1,2025-02-08 23:59:11,tiketcom
404a75e0-368a-478b-8eb0-88b6c9f77cac,ok,4,2025-02-08 15:58:59,tiketcom
53aa35e8-5367-4455-b8a7-bee8d249c186,👍,5,2025-02-08 14:28:53,tiketcom
2c707fc4-eb83-4a64-893f-87fa4ecc9bec,ok,5,2025-02-08 05:50:27,tiketcom
fcf18231-aa1e-462a-a675-fa2244dd626e,Mantap,5,2025-02-08 00:04:20,tiketcom
9a388dcc-4fd9-4c17-b838-adbef0eddaad,mau pesen2 mudah sekali...,5,2025-02-07 22:45:28,tiketcom
39ba4944-8fd7-4897-bc5d-9f4f2c0cb15f,mantap,5,2025-02-07 20:49:54,tiketcom
aeb2fc4e-b997-4a4d-ba1e-b62dc1fe40e4,"Kamar hotel sudah penuh, tapi di aplikasi masih ada dalam daftar., giliran dilakukan pembayaran baru ada keterangan kamar penuh, sementara proses refundnya sangat lama., Ini aplikasi aneh bgt",1,2025-02-07 20:36:26,tiketcom
ec39779c-6500-4ee3-b75a-d5f77b2cd137,oke,5,2025-02-07 13:58:38,tiketcom
c76c694e-7e57-4419-8367-5aa93a72a6b3,Sangat membantu buat perjalanan wisata dan kegiatan lainya,5,2025-02-07 12:34:09,tiketcom
173ffcf6-a709-4155-b767-d01923339fa7,Refund saya gimana 16540040 gak ada kejelasan udah jelas pihak tiket salah kirim dana ko malah di diemin udah 3hari,1,2025-02-07 11:37:11,tiketcom
b1d1550e-e111-4f03-a0b9-b15b51eb32dc,terpercaya,5,2025-02-06 21:14:51,tiketcom
88d9ed48-0c7b-4480-b153-0e03417b08a5,"Sering error 403, padahal aplikasi travel lainnya tidak bermasalah. Mohon diperbaiki!",1,2025-02-06 13:40:09,tiketcom
6a7e939f-621e-44dd-be2a-d5c84633fe8f,Baru instal. Diminta masukin otp via WA dan via email. Sudah berulang kali masukin kode otp yg benar. Tp gak bisa. Lalu ulang otp lagi dan lagi. Akhirnya uninstal. Capekk dehhh.,4,2025-02-06 11:21:21,tiketcom
2c692bde-573f-43f4-8f9e-b997cd09093e,pelayanan sangat bagus dan mantap,5,2025-02-05 19:10:27,tiketcom
f513bc70-7e7e-4d40-9598-e480eab0d149,ok,5,2025-02-05 15:39:50,tiketcom
33be5c55-aa13-46ae-87f1-663d0571c8fd,aplikasi sangat bagus the best,5,2025-02-05 13:46:13,tiketcom
d0724a72-0a41-4efb-a1f1-e94c0307ae2a,sangat baik respon,5,2025-02-05 13:22:05,tiketcom
504213a8-0bc6-4429-a7e2-c69e06c5b35e,"okela, walaupun ga bisa refund",5,2025-02-05 12:35:53,tiketcom
e16a9863-6f3b-44b5-81c6-55a75a7334b8,"gampang aplikasinya, gak ribet, banyak pilihan harga",5,2025-02-05 10:43:56,tiketcom
b5ab8d95-326f-400d-99e1-1026e246e71e,sangat puas,5,2025-02-05 08:52:24,tiketcom
0a440c88-ccfc-47a5-99bd-f25c5bf5b803,"Kenapa ya sulit mendapat otp, saya menggunakan Hasanah card dari BSI, hub call center/wa susah yang jawab robot semua",3,2025-02-05 08:49:26,tiketcom
0af0e945-ad23-4579-9117-5cc9267d46e9,"Mau tanya nih🙏🙏kan mau pesen tiket pesawat,nah tapi di sini ga pake KTP apa bisa yah??",5,2025-02-05 04:35:58,tiketcom
618f5e68-4367-4781-9941-ecd6d0cd0271,Excellent,5,2025-02-04 18:58:56,tiketcom
cebad4a6-211a-4258-9ec3-162731aa29c1,aplikasi ini sangat membantu untuk mempermudah perjalanan kita,5,2025-02-04 18:30:47,tiketcom
0dcb1144-cf5c-488c-8296-a1a1605e81ca,ok,5,2025-02-04 16:22:14,tiketcom
564a2a01-4807-46cd-adc4-e0ef841ca7bc,mudah dipakai dan dipahami,5,2025-02-04 13:20:44,tiketcom
a07056a2-db80-444f-a353-b856917dbc60,"Penilaian buruk, meminta pihak terkait pemilik hotel atau customer service hotel dengan banyak alasan dengan sesuai ketentuan berlaku tidak dapat di reschedule, padahal kan kita sama aja pesan di hotel yang sama, nah ntah duitnya masuk kemana, duitnya kecil si 280ribu , coba dikalikan 10-100 orang wah enak juga yah , jngan mau download disini udah jelek banget",1,2025-02-04 12:07:35,tiketcom
e0e9cb2d-c3d4-41c5-8dce-024cde15bd94,"Pelayanan buruk ,meminta pihak customer service hubungi pemilik hotel atau costumer service hotel dengan banyak alasan dengan sesuai ketentuan berlaku tidak dapat di reschedule padahal kita mesan dihotel yang sama aja pesan dihotel yang sama ,ntah duitnya kemanaa ,walaupun cuman 280ribu dikalikan 10-10000 orang dikejadian yang sama ,berkaahhh trs ,jngan mau download aplikasi ini gak bagus ,",1,2025-02-04 12:05:36,tiketcom
bd6edb1f-e132-45c2-a540-e9faab0295e7,gimmik nya banyak tapi gak sesuai,1,2025-02-04 10:03:34,tiketcom
a8d40223-69d4-4750-ab4e-8f3c200748a2,"Maaf ya, saya pesan tiket pesawat lion dr aplikasi ini, tapi pelayanannya buruk sekali, saya pesan pagi jam 7 malah langsung di ganti jam 3 sore tanpa persetujuan saya. Kalian gtw pentingnya waktu. Sangat kecewa.",1,2025-02-03 23:48:38,tiketcom
1e907d3f-afb0-4656-991f-79e9e29bfff3,"aplikasi andalan saat paling dibutuhkan, langganan bertahun-tahun",5,2025-02-03 23:34:03,tiketcom
6c328f76-6fe1-4b29-8d8b-8f6fd4124c6b,Bagus,5,2025-02-03 20:52:00,tiketcom
3a2a9d17-1eb7-47c4-8bcf-92127ecc6beb,mantap,5,2025-02-03 12:53:02,tiketcom
37283614-6a40-4985-8579-2357c11056a9,Mudah digunakan dan cepat pencairan,5,2025-02-03 09:27:57,tiketcom
c010cb18-635a-4a09-86ef-2d29e0a5fe1e,Ok,5,2025-02-03 06:12:51,tiketcom
f44ba04b-a4a5-42d6-8d3c-5113d6c0ea72,good,5,2025-02-02 18:28:28,tiketcom
3bd808f1-f5a1-4f05-a671-e24b73ba944c,gangguan trs kendala coba lagi saat daftar akun lek,4,2025-02-02 17:07:23,tiketcom
73d2751e-684b-47ce-9d66-deeca131f83e,harga terbaik. mantap,5,2025-02-02 01:29:22,tiketcom
904c1e66-4334-4778-8789-1448a59e6e42,"Hati hati order di aplikasi ini. Jika terjadi gagal order ke maskapai, dana tidak di refund tapi aplikasi akan order ulang dengan tanpa konfirmasi ke customer terlebih dahulu dan kesalahan baik nama ataupun promo atas re order yang mereka lakukan ditanggung oleh customer. Sementara historical kegagalan pemesanan mereka tidak bisa tampilkan tapi kerugian customer yang tanggung. Cukup tau. Tidak lagi order disini. Semoga ulasan ini membantu untuk rekan2 yang ingin order. Terima kasih",1,2025-02-01 12:29:23,tiketcom
bd05b58c-dc36-4e7d-a006-2a363722f75b,mantap murah dan cepat sekali,5,2025-02-01 12:13:16,tiketcom
0f19007b-c386-40a2-b45b-7de7e97b0574,mantap,5,2025-02-01 07:13:22,tiketcom
eb304a70-89b5-4d8c-b5c2-2cad6cf410b5,mantap,5,2025-02-01 05:06:46,tiketcom
2c354713-bbf6-4410-97d0-826f0233051b,Hrg pajak nya saja 350rb sendiri...,1,2025-01-31 19:59:55,tiketcom
acf05374-9902-44b6-86c3-1fbd1cb90d2e,"Aplikasi gk jelas, punya sisa angsuran yg langsung di lunasi, eh malah di bekukan pay laternya. Giliran klo telat entar di di kejar2. Parah...parah....",1,2025-01-31 19:36:41,tiketcom
29f4b603-b3fe-4938-a048-d9f9b13ba765,"Dalam pembelian kapal pelabuhan nya cuman ada 4 yang terdeteksi di aplikasi nya, mohon segera adakan seluruh pelabuhan di seluruh Indonesia yah admin, jangan cuman 4 atau 5 doang, Kalo bisa akses pelabuhan Kalimantan dll.",2,2025-01-31 18:07:21,tiketcom
c2a9476a-3ceb-4f13-ba33-0d6fe5a27dae,app nya sangat mudah dan komplit,5,2025-01-31 15:06:28,tiketcom
0f75d367-907d-4d01-9993-ea9b7f01d192,Good,5,2025-01-31 09:50:46,tiketcom
f23ec348-c954-4de0-9278-8ccf8cd95c1a,bagus,5,2025-01-31 09:15:23,tiketcom
05859178-aedc-406c-aa63-c57bcab4143a,Bagus jos aplikasinya jos mntap,5,2025-01-30 22:42:16,tiketcom
51b97fb9-d41b-44d0-8c27-f3798fb2f559,"Payah pesan kereta diketerangan bangku gak ada keterangan bangku berhadapan atau tdk...udah tiket mahal, kualitas kaya kelas miskin",1,2025-01-30 14:48:26,tiketcom
22a62aef-17f3-47e7-97f2-4c24e305dc93,Server eror trus,1,2025-01-30 12:37:07,tiketcom
bd07c15f-ac0e-4a20-8fdb-103bc56706b2,Bagus cocok beli tiket cepat,5,2025-01-30 11:20:29,tiketcom
8cae5ff9-7f92-4702-9e57-4c1202cd5f25,Mantull Banget..,5,2025-01-29 15:58:22,tiketcom
76e3959c-9326-46eb-af69-0c18123da10a,Dpt byk diskon.. kerenn,5,2025-01-29 14:54:39,tiketcom
628e8e0a-faae-4385-b0bc-e0b648b3487d,"Sangat membantu sekali , ,bagi saya yg selalu berpergian ,cukup bagus",5,2025-01-29 02:45:32,tiketcom
a2bea35b-11f0-41df-9bce-ec9329e4807b,mantap,5,2025-01-28 22:07:13,tiketcom
4143493d-fccc-4227-9188-f443524aa857,good,5,2025-01-28 16:22:36,tiketcom
0859b3b0-cd3f-4d04-b35b-dc636a3f0ffa,"banyak manfaat bgt, dlm satu aplikasi semua ada ❤ mana sering dpt potongan harga 🥰",5,2025-01-28 15:16:20,tiketcom
11b47fa2-c6ad-4253-a9f6-3451385fc820,baik bgt,5,2025-01-28 13:14:17,tiketcom
5835fc66-af25-4e5d-8004-b33b6dadffe9,Harus teliti ada yg gak bisa di refund,3,2025-01-28 12:31:58,tiketcom
3bfc1378-a9ce-43c8-b1f1-50fa2c4684c4,sangat membantu,5,2025-01-28 12:22:22,tiketcom
b8a43d3a-0c24-4d94-9c41-f215961026ce,"mantap aplikasinya fast respon, recommended",5,2025-01-28 10:18:17,tiketcom
339dad35-8234-4eeb-bed1-6b586ed1d06f,Good,5,2025-01-28 01:42:50,tiketcom
3ca947d6-f302-4e13-a75c-4aa62e6b761e,"aplikasi bikin kecewa, sudah booking hampir 1 bulan dan udah muncul e tiket, bisa batal secara sepihak H-1 dengan alasan akomodasi tidak bisa mengakomodir. hati hati buat yg mau pake aplikasi ini, saran saya habis booking lewat online tikcketing pastiin lagi sama pihak hotel yg bersangkutan, jangan sampai kejadian ini menimpa teman teman semua, kejadian kemarin tanggal 25 Januari kemarin. terima kasih",1,2025-01-27 20:29:36,tiketcom
1bdba678-3734-49dc-9946-c7cd5883fcbc,top,5,2025-01-27 18:22:19,tiketcom
6b2f03b3-ef8a-4d64-b1f4-0688e3d0ad2e,memudahkan,5,2025-01-27 14:21:48,tiketcom
3e0aaee0-0ea5-4447-b608-570dce2943ee,"TOLONG SANGAT INI MAH. untuk di adakan notifikasi konfirmasi ulang tanggal pemesan agar tidak keliru. karna banyak kejadian kmren korban nya bukan saya saja pas cek in salah tanggal padahal cek in nya di tanggal dan hari yg sama tapi tertera nya malah besok nya dan TIDAK BISA REFUND ATAU RESCHEDULE. dan buat yg mau mesen cuman lewat agency TRAVELIO sebaik pikir"" dulu. pas di chat cs nya emng awal fast respon tapi pas udah bilang kendala nya lgsg ilang dari tanggung jawab. sebaiknya jangan gegaba",1,2025-01-27 14:14:01,tiketcom
f4879a52-044e-4a40-8bba-145530c6eb35,Sangat membantu kami untuk perjalan jauh,5,2025-01-27 13:34:45,tiketcom
15d4aa03-ddff-4174-8b55-5c33b5c776cb,"Telpon CS nya selalu sibuk, ga pernah bisa masuk selalu jawabanya petugas sedang sibuk, kenapa ga ditambah aja jumlah pegawai call centernya, agar layananya prima, semoga menjadi perhatian manajemen supaya pelanggan setiamu tidak kabur ke aplikasi lain.",3,2025-01-27 07:20:21,tiketcom
b6efcb68-7e1a-432a-bb1a-11f07e2c0050,oke,5,2025-01-27 04:49:25,tiketcom
566a85b1-a7a4-4842-a706-a5861927dcb3,Keluhan sudah di tanggapi dan di selesaikan. Hanya saran saja.. tanggapan utk keluhan dan pelayanan lain jangan semua menggunakan bot..,5,2025-01-26 23:51:43,tiketcom
b1fa3c73-e70a-44b0-99bc-9f10c321d850,its ok,5,2025-01-26 19:31:28,tiketcom
4a31b81b-62fe-456e-8adf-57ea7ae352c4,Aplikasi bagus,5,2025-01-26 16:25:30,tiketcom
1a690785-f057-4735-b9a9-523cd58805f2,sofar so good,5,2025-01-25 21:42:04,tiketcom
59d1d106-d31c-4cd3-9e36-8cfc14e87fcc,Poko y oke deh ini aplikasi..,5,2025-01-25 19:52:08,tiketcom
e5104d41-42ea-4fb1-9e04-f37e45e0d66a,Tidak sesuai harapan,1,2025-01-25 19:51:56,tiketcom
9c1d2f50-350e-441a-9daf-b429951c19c9,Kasih B 1 lodingnya lemot banget padahal pake buat buka aplikasi apa aja lancar,1,2025-01-25 18:04:41,tiketcom
953d5ed5-4184-4c9e-95eb-f92c9a58efa1,"Refund tiket hotel, di aplikasi sukses refund, tapi uangnya g di balikin, g bisa chat dengan cs.",1,2025-01-25 15:27:05,tiketcom
a9c515ea-172b-4232-8f4a-5955dde26938,Sangat bagus,5,2025-01-25 14:39:16,tiketcom
4b1b9605-7650-4259-802f-d3fabf4f7a0c,"Udah bayar, malah ettor pengembalian dana via blibli pay. Ga rekomen.",1,2025-01-25 10:28:26,tiketcom
30e7202e-aa3c-46a2-85f4-98f82eafedb8,sangat bkin kecewa jadwal jam saya sampai 3 kali ganti ... cukup sekali beli tiket pesawat di sini,1,2025-01-25 10:27:54,tiketcom
265b3c3c-ec38-4d5b-bda5-e8909b405f66,good,5,2025-01-24 21:51:25,tiketcom
998f276e-574f-4210-ab91-17ac51b00732,murahin lagi samab banykinlah promo nya lagi,5,2025-01-24 21:27:20,tiketcom
baa3140c-8a4d-48f1-8a1a-277b4edca80c,"aplikasi tolol, mau reschedule ke cs lewat wa gak jelas diarahin pake bot terus, ada nomor telepon juga gak bisa dihubungi",1,2025-01-24 15:46:22,tiketcom
13e8e526-d598-4dd0-87ce-4fcf216df45e,"Aplikasinya sangat bagus, dan pembayaran mudah👍👍",5,2025-01-24 11:30:37,tiketcom
e97bb998-4e3c-4b13-9eb4-edd7316fa61c,oke,5,2025-01-24 10:33:38,tiketcom
2b28b13e-8f40-490d-ba19-2966d6a7d687,aplikasi yang selalu jadi andalan untuk booking tiket,5,2025-01-23 21:18:00,tiketcom
e77fe0de-ec24-40f5-860c-a80421828644,baiiiik,5,2025-01-23 20:36:19,tiketcom
1875a5c3-eca0-44d7-8dd4-15aad1a9a09a,aplikasi yang sangat membantu dalam pemesanan tiket pesawat dan Hotel,5,2025-01-23 17:50:13,tiketcom
45a3133d-1a3a-495c-97d4-cbfb6fc30863,sangat membantu prjalanan sy,5,2025-01-23 13:32:18,tiketcom
ebe083d5-f7b7-40d6-9259-3ceb6fc3133b,Hadeuh knp login di hp jd minta kode otp terus? Ga jd pake appnya deh.,1,2025-01-23 11:49:12,tiketcom
0a649c11-6ba3-475a-aad9-32a8d5082aec,Gajelas udh pesen hotel dengan proses refund tambahan 60k tpi ttep gabisa refund Mending pake apps lain dah tiket parah udh mh mahal,1,2025-01-23 11:33:47,tiketcom
fc488435-eddc-4caa-98cb-147c813093f7,sangat membantu,5,2025-01-23 07:08:02,tiketcom
b51224df-f0ff-45fe-91fd-7353df0366cb,sangat baik pelayanan,5,2025-01-23 04:35:07,tiketcom
e798c572-3314-435d-9b8a-72b220823326,"Tiket nomor 16391940 ditutup sepihak, saya rasa seharusnya itu bukan masalah yg sulit",1,2025-01-22 21:14:42,tiketcom
4e3f9cf8-2c92-4d71-8d30-7a4062c62e49,senang,5,2025-01-22 15:25:17,tiketcom
904280ff-e48a-4133-869a-5aeb4ed728f9,Saya pesan tiket d sini dan itu ketahan d uang nya tidak bisa d kembalikan,1,2025-01-22 13:45:23,tiketcom
d8a46ae9-274c-4f85-9310-a763ab8fd4e1,aneh banget punya poin gabisa dipake tiba tiba padahal belum kepake tapi tiba tiba abis sendiri,1,2025-01-22 10:09:13,tiketcom
fdce4266-ac35-4cc0-8d5b-833a61060f48,ok,5,2025-01-22 06:28:19,tiketcom
909cdd7c-94c6-49c2-a9ff-465bd52f90a5,Mantap,4,2025-01-21 19:07:51,tiketcom
8011e7f6-48df-4b97-b881-5c498e967e40,baik,5,2025-01-21 18:48:39,tiketcom
9be4c9d0-6065-4488-ad16-b6c9100f28fd,pelayanannya sangat bagus,5,2025-01-21 17:51:10,tiketcom
12466ae6-7aec-4c16-8d9b-d41fcc505229,"Baru pakai akun saya sudah di tanggungan, sementara kita bayar tepat waktu,,,",1,2025-01-21 17:33:17,tiketcom
de91e452-dadd-4766-987b-87bf86d32ac2,sejauh ini bagus aplikasi nya,5,2025-01-21 15:16:59,tiketcom
04ffa56b-2fa7-4747-a3db-c3a1ff1e05fe,"Untuk tiket kereta api dari proses okelah,.TAPI untuk pilihan tempat duduk/kursi tidak JELAS mengahadapnya.tolong diperjelas min.",3,2025-01-21 13:26:25,tiketcom
2629313a-6802-402d-9409-dc8a56397385,bagus,5,2025-01-21 11:56:20,tiketcom
9f07d545-7726-4d77-886c-ea01d0341ce1,App sangat tidak sempurna,5,2025-01-21 11:42:35,tiketcom
89020c4a-3d92-4da2-a4ea-65e49cb4095e,mahalan,3,2025-01-21 10:19:33,tiketcom
a6683ca9-f210-429e-a8fa-0e8b1edea0a6,cukup membantu,5,2025-01-21 00:19:58,tiketcom
48a1c77c-664f-4ce0-b4c9-d92cecb9eccd,Kalau Gak Bisa Bayar Cashback di Shopback. Mending gak usah kerja sama sama ShopBack.!!,1,2025-01-20 21:21:07,tiketcom
bbcecbfa-4bae-4659-87d4-360dcbb9be13,sangat membantu,5,2025-01-20 19:29:01,tiketcom
3a344b16-4ca7-4bc0-be55-b23f88e9d537,terpercaya,5,2025-01-20 10:23:04,tiketcom
80b987eb-4bb9-4218-b0c1-6c1b4d9e5fbb,Selamat pagi bisa beli tiket kereta lokal ga disini,3,2025-01-20 10:16:10,tiketcom
533d2d4f-98ba-4411-94ed-ffcaa3765c85,kl bisa tiket pesawat lebih murah lagi,5,2025-01-20 08:04:23,tiketcom
e3ea54ae-8ed5-4ea4-89f2-205ada6157ab,"Kalah dengan kompetitor sebelah, proses refund atau reschedule harus bundling PP, padahal butuh reschedule satu penerbangan pergi saja, kompetitornya bahkan bsa refund/reschedule salah satu saja. Real testi bukan buzzer kompetitor",1,2025-01-20 06:15:37,tiketcom
e5fa3b03-eae5-477a-920d-40110761fb29,Murah Banget,5,2025-01-19 23:09:01,tiketcom
720c4e0e-05d1-41a2-b81d-f02bcba20a70,"pelayanan refund susah, bisa dibatalkan secara sepihak saat mau checkin. saya punya buktinya lengkap.",1,2025-01-19 14:41:26,tiketcom
fd9774d9-9c5b-429b-b1f7-3a94007595a3,"So Far, ini aplikasi yg murah dan terpercaya utk tiket pesawat hotel utk liburan atau kerja",5,2025-01-19 12:53:17,tiketcom
5e5a78e2-f88d-4075-92d6-dac2f2f8ae24,biasa aja ga ada yg special,4,2025-01-19 11:29:38,tiketcom
2982b4a3-8c39-4105-b927-86534a4e28df,Pemberitahuan refund ada . Tapi transferan nya belum masuk bagaimana min?,1,2025-01-19 02:14:48,tiketcom
2cee4aa2-e6a8-4fcc-aacf-c202b40180ad,Tidak bisa login sgt kacau,5,2025-01-19 01:21:17,tiketcom
fb9c9770-5f8d-4b8a-884c-934eab37efe5,kurang diskon,5,2025-01-18 12:45:56,tiketcom
655188fc-fd53-4289-8279-340f9f5c2870,tiket. com mantap,5,2025-01-18 11:09:44,tiketcom
56bde2cd-11f3-4aa8-b8c6-ca78142d6b32,"sayangnya gak lagi bisa bayar lewat Indomaret atau Alfamart, makin buruk aplikasi ini",3,2025-01-18 05:37:31,tiketcom
0267bced-f0f7-4c2e-843b-4248cb748161,"mudah digunakan, banyak promonya",5,2025-01-17 21:59:41,tiketcom
240f2be1-6caf-4241-823f-a32c6bc028f8,"harga lebih murah, tapi pas melakukan pembayaran selalu error",3,2025-01-17 20:19:31,tiketcom
e3ff202b-7b8c-4b16-8a41-2af60e8a1307,"Suka2 mengatur penerbangan yg sudah di tentukan, reschedule sesuka mereka, mending jgn pakai app itu, ok",1,2025-01-16 15:51:04,tiketcom
d9e6356e-c34f-4816-af17-914f9d17843d,mantap😏,5,2025-01-16 15:33:31,tiketcom
bded42db-07b7-4165-8988-c728ba2240be,LOVE,5,2025-01-16 15:08:36,tiketcom
4aaeb621-c678-4920-bea0-0b3f9766beb7,asyik banyak promonya mantab,5,2025-01-16 13:10:43,tiketcom
d018545c-3264-4680-bc70-89281ec55f2f,mantap,5,2025-01-16 10:16:34,tiketcom
5a954290-b570-4737-872e-aeb4706d688e,membantu ketika mau liburan,5,2025-01-16 05:28:46,tiketcom
c2dd2598-2454-4171-9246-7a30fce653f8,🍿,5,2025-01-15 06:44:34,tiketcom
10c8bc6f-77e7-4532-b24a-c655afe979cb,Sangat jelek,1,2025-01-14 20:03:19,tiketcom
19fbc69d-c621-4fc1-bc61-07ba9059700c,"mencari tiket kemanapun menjadi mudah, nyaman dan banyak cara pembayaran lagi, ini sangat membantu sekali",5,2025-01-14 11:27:17,tiketcom
cab40678-3071-4ae8-b4b7-e826346477f9,harga terjangkau,5,2025-01-14 10:12:06,tiketcom
e9d72420-a12b-48c0-a191-5b33cdfb6f6b,ok,5,2025-01-14 09:29:38,tiketcom
93ed8191-2cde-4400-b25c-1c29d302c34a,Like,5,2025-01-14 09:12:27,tiketcom
3afe6ddd-2e12-4501-bcd5-c60bbb0260fa,Sangat memuaskan.,5,2025-01-13 21:47:42,tiketcom
241b65dc-b540-477c-a488-aba035535f93,good help,5,2025-01-13 20:46:15,tiketcom
8aada680-855e-4de7-9a12-65590c30ae46,Kooperatif saat refund. Nice apps,5,2025-01-13 19:35:34,tiketcom
64e8a1a8-01ce-4075-a1fe-c686de7d3c35,Paling murah. Cuma gak bisa pesan tipe kamar berbeda di satu pesanan,4,2025-01-13 16:14:14,tiketcom
a214bce8-3e17-49c7-b8c7-6962cf97394f,"Pemakaian pertama kali, lumayan dapat diskon besar, tapi karena baru pertama kali, jadi agak bingung, beli pakai id pribadi utk pesan hotel utk org lain, malah nama tamunya an diri sendiri, lg pengajuan melalui email, semoga bisa diubah.. berharap banyak ada pelayanan terbaik, karena pemakaian pertama kali..",5,2025-01-13 13:55:03,tiketcom
26a2f232-4764-40e5-a9fd-a1a3f6696585,mantap,5,2025-01-13 00:11:40,tiketcom
ce3a3e1f-9725-4f2a-a7ac-365e985e61ea,bagus,5,2025-01-12 18:03:26,tiketcom
df146dfc-bf03-48f2-86be-694509f7336c,ok,5,2025-01-12 15:42:40,tiketcom
4abcd854-01fc-485d-9bf0-a87d80877309,keren sih gampang digunakan,5,2025-01-12 12:05:32,tiketcom
0550c675-e45e-4f95-85f5-296af264806c,"pas booking dapat potongan harga 100k,lumayan 😍",5,2025-01-12 11:12:08,tiketcom
d4dac56e-b724-4764-b34c-80d72cb05aaa,Ok,5,2025-01-11 05:35:38,tiketcom
b7413bb2-ae50-4bfe-bf57-4424a16eee9e,sippp,5,2025-01-10 20:18:55,tiketcom
de7e8bfc-259e-4bee-a38a-b2ef7447b09e,bagus recommended,5,2025-01-10 19:41:06,tiketcom
fde3ef56-87e5-49f3-b592-0c102921d3b0,"Tiket yang saya pesan ngak muncul, padahal saya udah bayar lunas👎",1,2025-01-10 19:12:05,tiketcom
ef748468-cb15-4359-b41d-4547fc74a636,Tulisan awalnya refundable tapi endingnya mengikuti ketentuan maskapai. Endingnya tetep saja merugikan customer. Cukup sekali saya kehilangan uang krn melakukan transaksi di aplikasi buruk ini.,1,2025-01-10 13:15:23,tiketcom
90b8d563-7ac5-48b2-8184-26a9d83c57c1,Good,5,2025-01-10 12:14:53,tiketcom
d3e6c6fb-c74e-4413-8c7a-9817e2597052,tidak bisa memberi solusi letika ada kendala pemesanan tiket,1,2025-01-10 10:42:53,tiketcom
7dccc565-3ffd-433c-b545-5773bd199c7f,mudah di gunakan,5,2025-01-10 07:30:48,tiketcom
07040384-21fc-410a-8844-e1af6f6cc0f7,terbantu dengan kemudahan nya,5,2025-01-10 07:06:57,tiketcom
038a1eea-e31f-4911-84d3-344040000576,"mantab sukses terus, sangat membantu",5,2025-01-10 05:13:45,tiketcom
c83edb91-1b56-4330-987a-7ddbb0274691,"pelayanan baik,cepat,diskon banyak",5,2025-01-09 19:16:31,tiketcom
4533fabe-66fa-4b31-9ad4-2c71e96562ba,mantap,5,2025-01-09 13:56:01,tiketcom
7f94b7b4-4413-4855-aef2-d2e6289ef0a5,Up to you by my smile goyang bang 🤣🤪🤪🤪🤪🤣🥰😍😘🤗🥰😍😘🤗🥰🤗🥰🤗🥰🤗 🥰 🤗🥰🥰😍 ya yg uis ya ko 🙏 ya gan ada yg udh Oke UII terpadu,4,2025-01-09 12:08:12,tiketcom
0713fb31-5904-48cd-8983-4cad83c372e3,Real dan competitive price yang di tawarkan,5,2025-01-09 08:32:09,tiketcom
e1e3d2a6-fb56-40aa-b3dd-00ab40cfcba2,lemooooottt,1,2025-01-09 08:07:51,tiketcom
69a79bcb-74d2-4038-a548-3b9660ecf450,Aplikasi lambat... Selalu gangguan.. Jangan down load,1,2025-01-08 19:33:18,tiketcom
b5b9e5a4-d361-4344-9c25-58bc43e9ba1e,Bagus,5,2025-01-08 18:01:42,tiketcom
4aa5a4e7-4d56-4a83-8a8e-3fc1a32cf64b,mantap aplikasinya,5,2025-01-08 17:36:13,tiketcom
e554f340-8b06-48e7-b8bd-75122663b418,OK,3,2025-01-08 09:34:40,tiketcom
783f97fb-8ecc-4d1a-bbda-a8107a06f935,😊,5,2025-01-07 19:21:05,tiketcom
33f1a1a5-53f9-497b-8d52-018244461e51,mantap menjadi solusi di setiap transaksi,5,2025-01-07 18:02:13,tiketcom
cceba137-e953-42f3-ba3e-263891084dbf,"Mudah, Praktis l, cepat, banyak promo",5,2025-01-07 17:54:02,tiketcom
f6a6cd5b-d585-4c8f-9675-6feed9ba449a,simple dan mudah,5,2025-01-07 16:59:05,tiketcom
cd750eae-956c-485a-8e57-cf529a748a86,harga terbaik,5,2025-01-07 16:05:31,tiketcom
526fe33c-eb3b-4487-898e-2628fe32aaf7,Ada promo ga nih tiket kereta untuk bulan ini min,5,2025-01-07 14:48:27,tiketcom
aa7fead0-ba5b-4972-8a78-51be126237ee,Oke,5,2025-01-07 09:30:38,tiketcom
6ead3dc2-6e37-45d5-87de-ab8721d999c8,"cepat, tepat",5,2025-01-06 20:01:37,tiketcom
158872aa-aa1f-4659-9de9-de5dc3190fe3,good job,5,2025-01-06 19:44:30,tiketcom
173c18ce-dd41-4931-8ccc-1d00032e283f,semoga bermanfaat dan banyak promo dan diskon nya🙏😇🙏,5,2025-01-06 19:37:14,tiketcom
4cdbf32b-0bd1-47f3-b030-6f6c361009dc,Aplikali apaan in Masak ini kelebihan tranfernya ngak bisa di proses trus ngak bisa bisa uang nya di kembalikan Aku sampai 2 kali tapi ngak bisa diproses dan uang nya tidak bisa di kembalikan aplikasi tu harusnya membantu bukan menyusahkan bagi yang ingin download aplikasi ini coba pikir2 dulu lah banyak jelek nya cari aplikasi lain aja,1,2025-01-06 18:00:26,tiketcom
c1d7b19e-ffb9-45f1-95a2-bb4403cb2853,harga nya hemattt... aplikasinya mudah👍🏻👍🏻👍🏻🌟🌟🌟,5,2025-01-06 15:18:02,tiketcom
0cb63297-3713-4fe8-adcc-ed8c0b3d7516,Pesawat dari bandara Silangit Tobasa ke bandara Halim Jakarta,5,2025-01-06 14:25:23,tiketcom
98840ced-2cb1-41e9-ab90-5e77ac3491e4,Baik,5,2025-01-05 21:37:27,tiketcom
a9a4c66c-78fd-4b58-81ef-890b566740ad,"Sangat"" Kecewa😥",1,2025-01-05 18:58:52,tiketcom
736a2a53-5eab-4fd3-b7f8-b268c9806186,good recomend,5,2025-01-05 15:24:09,tiketcom
d6be3510-f5ae-4242-ae07-42261b06d2ea,Aplikasinya sangat merugikan customer karna biaya refund sangat tdak masuk akal kerugian besar untuk saya rugi 600K,1,2025-01-05 12:39:59,tiketcom
b770aa1c-bb78-435a-ad68-50618b396101,luar biasa,5,2025-01-04 23:38:41,tiketcom
61fd97a4-cf95-4d33-b012-4441812725e7,disaat pembayaran selalu ganggua 🙄,1,2025-01-04 23:22:38,tiketcom
e479a3a7-f723-4619-ba28-4d90d9f9cb4b,"Harga mantap, respon CS cepat",5,2025-01-04 22:25:02,tiketcom
9ef46f85-a568-40d6-88cd-7bdb923f1107,Bagus banget,5,2025-01-04 19:52:43,tiketcom
d2bf6629-e264-4925-87dc-36922abc7212,bagus banget aku dapat paylater,5,2025-01-04 17:34:44,tiketcom
46c091d6-f3e8-40c5-bd97-34b91a5c92da,Tahun 2025 harga tiket malah makin mahal gak ada event diskon apa ya 3,3,2025-01-04 08:46:39,tiketcom
f8b836e9-b85d-4ba4-a80e-99fe7d2c8b06,"Pelayanan semua petugas hotel sangat bagus. kamar bersih, kebetulan dapat balkon. sarapan oke, pas suasana habis hujan sambil melihat pemandangan sawah yg syahdu. lokasi hotel sangat strategis apabila tujuannya mau eksplorasi willayah sekitar monkey forest.",5,2025-01-04 05:14:11,tiketcom
ec22c256-b56c-43be-aa98-45cd59265eed,mantap,5,2025-01-03 18:47:03,tiketcom
6c845f04-d72c-4bd2-b991-a07206fb1dec,👌👌👌,5,2025-01-03 15:11:50,tiketcom
553612da-a104-4385-ae0e-b550667f5fb2,"Aplikasi ini berani bertanggungjawab, bagus lah pokoknya.",4,2025-01-03 14:54:28,tiketcom
0bde43e4-435e-4c39-939b-dbd717b92584,sangat membantu,5,2025-01-03 13:30:36,tiketcom
a701a038-c2f9-49d5-b0f8-862c235b25e8,"tolong diperhatikan setiap PO Bus yg ingin joint.. Bus tidak layak jalan.. beli tiket eksekutif Bus tidak ada ac.. jngn pernah pesan bu sari indah, silahkan liat review nya di google tentang PO sari indah",1,2025-01-03 07:35:15,tiketcom
c55a33ce-feef-46ef-8c92-75996bc70064,ok,5,2025-01-02 23:23:56,tiketcom
a35919aa-9122-4519-a119-84cc2d0c4d58,bagus,5,2025-01-02 18:31:22,tiketcom
84d03eb1-973a-4f74-a709-6471cdcd8683,ok. mudah dan simple,5,2025-01-02 16:29:44,tiketcom
4c90aa96-127c-4c9c-802a-a8cb6f1bce05,Sudah di bayar jauh2 hari Tb2 di refund tnpa pemberitahuan lbh lnjt Yg mengakibatkan sya kesulitan mencari hotel dikarenakan dadakan,1,2025-01-02 15:12:18,tiketcom
819129d0-e5db-45f2-baf5-5d86d1c28724,"Aplikasi ini bener-bener ngebantu banget buat beli tiket, baik buat transportasi. Tampilannya simpel, gampang dipahami, jadi siapa aja bisa pakai tanpa bingung. Notifikasi pengingatnya juga oke banget, jadi nggak lupa jadwal. Bayarnya juga aman dan banyak pilihannya. Plus, layanan pelanggannya cepat tanggap. Pokoknya, aplikasi ini recommended banget buat yang mau beli tiket tanpa ribet",5,2025-01-02 14:40:53,tiketcom
5a3f7d1d-aac8-4a41-bd0c-14782ece3870,"Weonly x uhibgg Bu vd.xxds,, ini yz bubub ini tth",4,2025-01-02 11:58:57,tiketcom
a6748d86-33bd-42a7-99ee-c10c4fa87703,👍,5,2025-01-02 10:52:53,tiketcom
6da1bfa6-847e-4c29-b3d1-af9afc2e21d2,"Tolong min kenapa payment sudah berhasil sebelum limit waktunya, tetapi tiba tiba di cancel otomatis dengan alesan limit, dan uang saya tidak kembali juga aduh aduh",2,2025-01-01 23:23:51,tiketcom
a3afae19-2111-4cb5-bcf4-3ddf2f43ad83,Ok,5,2025-01-01 23:01:20,tiketcom
9d05a4a0-78b6-4ce9-a0c5-4cea5ce2621e,onlen,5,2025-01-01 20:53:21,tiketcom
50038bac-4dc0-41ca-9f09-8ba22b46d953,Keren,5,2025-01-01 19:29:35,tiketcom
5f6fa3d0-6791-48e9-bda5-c5e27ca69c31,Membantu,4,2025-01-01 13:56:32,tiketcom
e45900c0-b740-46cc-9ae7-e544090210c2,good aplikasi,5,2025-01-01 07:18:50,tiketcom
25b2ccc8-39fa-467a-bb40-e30a78a71501,"Najis, cs nya slow respon",1,2025-01-01 07:05:45,tiketcom
8892b2e1-48fe-4015-828c-b9f1a46a7b60,Lumayan harga nya,4,2025-01-01 03:13:27,tiketcom
86a32155-4a18-43e9-9d30-98dbdc79b7ad,Sangat Baik,5,2024-12-31 22:08:06,tiketcom
777c30b5-7d4b-4eee-a2dd-149ace5b3862,"Sangat buruk sekali,tdk bisa refund,alasan krn tiket hangus,dan Cs nya kurang etika🙄🙄",1,2024-12-31 17:15:39,tiketcom
6bd4b6c1-95b6-405b-b75f-493f91d7a332,aplikasi yang sangat bermanfaat.,5,2024-12-31 16:21:10,tiketcom
42894129-f8fb-4fd0-a32e-b775a6f863a2,saya kecewa dgn penarikan dana kembali..knp harus melalui blibli padahal saya TF k bank pribadi saya..aneh..hati2 aja kalau sampai klik duit saldo berkurang ada kabar kamar penuh auto repot masa harus tunggu 1 s/d3hri..kalau org itu ada atau mampu kalau TDK gmn...,2,2024-12-31 14:03:54,tiketcom
c90208fc-e861-4c16-bf7d-0261f13714c6,Banyak penipu di yang masuk aplikasinya. Harus nya dikembalikan uang boking,1,2024-12-31 14:03:05,tiketcom
fa4d4da6-13ba-43d8-bb24-69533aece6fd,"Ribet banget, tiap kluar 1 fitur/pilihan dan sejenisnya selalu ada notif konfirmasi sangat mengganggu. Mau makai ovo buat bayar ternyata harus login akun dulu, kenapa tdak dari awal saja???? Bikin proses pembelian ulang dari awal. Hilang mood liburan hanya karena aplikasi",1,2024-12-31 13:36:12,tiketcom
56b3e3c7-2537-47e4-9948-21aa1694340e,"Proses nya cepata, harga kompetitif 1, trus tingkatkan pelayanan dan perbanyak promosi discount",5,2024-12-31 12:31:22,tiketcom
434eac7a-ec9e-4a38-acb7-23281e818721,Promo yang di berikan tidak sesuai,3,2024-12-31 08:28:55,tiketcom
d9e73844-4129-4fd1-8147-e47f49220225,keren,5,2024-12-31 07:32:30,tiketcom
6848533b-cf7a-42cd-97fa-99fa5a3ebb28,keren,5,2024-12-30 20:24:16,tiketcom
47a611e1-20c7-47fd-bd9f-7e5095a08da4,"Reload terus, busuuuk",3,2024-12-30 15:38:59,tiketcom
9b8e7db4-cb9a-4db6-8311-9dc9e7309ba6,mantap dan terpercaya.,5,2024-12-30 14:45:33,tiketcom
0eaa3c05-0590-4244-9840-b2983a920d50,"sangat membantu, mudah digunakan",5,2024-12-30 14:33:05,tiketcom
e52ba4e9-e77e-4305-89b6-0c440310cf24,keren...dapat tiket murah,5,2024-12-30 14:25:00,tiketcom
ec92fe63-b86e-4d55-81bd-1c70b93d26d2,Mantap,5,2024-12-30 13:29:16,tiketcom
229e6d57-1246-4b76-9a78-c4a43e1aa013,Aplikasi sangat membantu,5,2024-12-30 10:53:40,tiketcom
2b04fd49-80bc-4612-a617-97f4f1870564,tidak seperti dulu,1,2024-12-30 08:28:00,tiketcom
8b841be2-48b0-4418-8d36-9c31772554b1,Saya tidak pesan apapun disini tapi mengapa tbtb ada akun yg harus saya bayar d aplikasi ini,1,2024-12-30 05:44:44,tiketcom
0729c2e5-0c69-4445-b837-6aec01a38502,"mudah, cepat dan murah",5,2024-12-30 05:08:02,tiketcom
6854c629-41d6-464c-8725-6e1f01cbf70f,Terlalu banyak iklan di YouTube,3,2024-12-30 02:45:44,tiketcom
23e36437-619a-40e7-88ee-5426f310f74f,oke punya,5,2024-12-29 18:38:50,tiketcom
5e5fbac9-8513-411a-af75-99906be7bc55,Mantap,5,2024-12-29 17:31:21,tiketcom
baf3bd90-2456-4024-a048-0849afbd6297,mantap,5,2024-12-29 16:33:29,tiketcom
d3d7ed0a-0cb5-410a-9fab-12eb2057cd68,pelayanan bagus,5,2024-12-29 15:19:05,tiketcom
efad32e8-4ad1-4fa3-ad5f-fe01a59d9afa,❤️❤️❤️❤️❤️,5,2024-12-29 14:47:21,tiketcom
154aaed5-0598-4e0d-acb0-6eef945b9a6d,"Aplikasinya sangat bagus,cepat penanganannya aplikasi keren",5,2024-12-29 12:27:14,tiketcom
67b918ee-3972-472b-8f41-4176fbf05b43,Bagus. tp lebih bagus buat anggota yg banyak transaksi di kasi bonus,5,2024-12-29 10:13:50,tiketcom
f065476d-7122-4f1c-ae8a-ed213b7944fc,Sering erorr,1,2024-12-29 07:24:04,tiketcom
d38e5d86-5eaf-404a-9449-c3803f29b593,Apk kamar sudah penuh tp masih bisa di pesan tanpa pemberitahuan kamar penuh..di refund tidak bisa padahal di apk bisa refund...sudah 2 kali saya seperti ini hati hati smua,1,2024-12-28 17:17:11,tiketcom
d41409a6-0294-4482-b0b7-beefb0112998,Sangat membantu dan kelengkapan aplikasi juga mendukung,5,2024-12-28 16:21:34,tiketcom
3e77c768-66b0-4145-9ec3-106253a91692,Ok,5,2024-12-28 13:17:17,tiketcom
f2e2b44f-6148-4037-9234-d70e2b653835,"Aplikasi ini sangat bagus buat beli tiket Dll,,",5,2024-12-28 13:05:56,tiketcom
1a720763-9c42-40e3-80d6-480af7e8ce8b,recomended banget,5,2024-12-28 09:30:22,tiketcom
9c34e491-f05b-470c-ac19-a7211128a03b,sangat simpel..... dipermudah segalanya... Alhamdulillah....,5,2024-12-28 09:07:54,tiketcom
d37105c8-4fb4-4f33-b429-fcf3f283995e,baik,5,2024-12-27 22:24:11,tiketcom
c3871ee5-222c-40a6-8efc-82e62df99c20,mantap,5,2024-12-27 21:13:18,tiketcom
5aac449f-99e9-48a7-89b4-e65519d0ec18,"ternyata di tiap transaksi, kita dapat ponit dan bonus yang lumayan. Horeeee",5,2024-12-27 19:07:19,tiketcom
2dd1c0fd-d59a-4930-ae3e-d54f46d38f6c,iklan é gathél,1,2024-12-27 17:49:02,tiketcom
6360679e-2112-4116-9d87-23d1229a8b46,"aplikasi cacad gak bisa pesan tiket kereta, buat apa ada ikon kai kalo gk bisa beli tiketnya",2,2024-12-27 12:33:29,tiketcom
ac14fb16-28f5-4b06-a2e4-43418f3be616,mantal,5,2024-12-27 12:16:48,tiketcom
d4c911fd-e36a-481d-b3c8-e590d35c141c,Sangat bagus Utk lebih bagus nya lagi ada keranjang nya jadi utk bs menikmati layanan paylater bs lebih maksimal Dlm 1 perjalanan kereta/pesawat dan hotel bisa masuk keranjang dan CO pake paylater,5,2024-12-27 10:20:48,tiketcom
068379b2-612e-4df6-875e-2df55656ce23,"Eror terus pas mau pesen, sampah",1,2024-12-27 09:02:20,tiketcom
bacedec5-ef22-4224-9ec1-d0c5d18d9c8b,Iklan masuk terus di HP.,1,2024-12-27 07:37:38,tiketcom
292f4003-b902-4302-adc8-a332ce529386,good,5,2024-12-27 01:29:01,tiketcom
2ac2f0d9-a317-4c0f-8634-ab6042670622,Tiket casting PROMO MALL,5,2024-12-27 00:21:18,tiketcom
4a5091ab-1c44-4797-8e6a-55fd7151eb1d,pertahankan harganya yang bisa dibilang murah daripada aplikasi lain,5,2024-12-26 20:25:41,tiketcom
1b90f220-4477-497d-bb0e-015ac2617f9a,Alhamdulillah,5,2024-12-26 19:29:54,tiketcom
d82a86dd-6a4c-42b8-a3cd-d8684e7a318c,membantu sekali untuk pemesanan transportasi dll,5,2024-12-26 14:27:44,tiketcom
fd9d3470-1c4c-4ac6-97e2-762b7aff6c27,"Ini admin tiket Ferry kenapa ya buat akun baru mahal bgt, 8.500 coba admin nya, udh ga sesuai ketentuan asdp yg ktnya cuma 5 maksimal, trs saya jual tiket harga berapa KLO admin nya aja segini, saya 4 akun baru, admin nya sama semua 8.500, sedangkan akun lama saya aja 2.5, paling tinggi sebelum nya 6.500, tolong dong jangan dibedain mau akun lama atau baru nya",1,2024-12-26 13:55:22,tiketcom
6ae4912a-7048-476d-9115-b86b15f5a717,keren untuk menemani traveling,5,2024-12-26 07:55:35,tiketcom
354c2efe-f693-4bae-a482-0f236487325b,tingkatkan lagi promo n diskon nya,4,2024-12-26 05:31:05,tiketcom
b8be503e-71db-43f3-af87-01aecfb3c932,ok,5,2024-12-26 00:10:37,tiketcom
aa9fad2d-0cf9-4f9c-bb7c-e497c481f497,"Cari pesan, tiket KA lokal Kok malah gagal,....malah diarahkan ke bus dan travel.... Yg bener aja....🤦🤦🤦",3,2024-12-25 19:06:03,tiketcom
e259a4ac-c3f4-43f4-807c-ac294aca25a5,bagus mantap,5,2024-12-25 15:45:03,tiketcom
b752b1ed-e308-4a5f-b5c7-09d8a0c4147f,"App nya buruk, gak bisa terhubung ke akulaku skrg udah gak kepake lg ni app",1,2024-12-24 22:16:59,tiketcom
4de97811-a97f-4824-be5e-6d2626df901e,mantap! bnyak promo dan harga lbh murah!,5,2024-12-24 21:34:50,tiketcom
a258a750-ffb4-40c4-94a7-7512ea152e61,Memudahkan kami pesan hotel,5,2024-12-24 19:36:27,tiketcom
b02b9fbb-2154-4be7-a690-114d977916ad,simple dan menarik,5,2024-12-24 15:21:00,tiketcom
e0558c2a-18f0-4053-b119-c9f530ceab40,mudah,5,2024-12-24 12:28:15,tiketcom
05eea1f9-6eaa-4f7e-8ba5-734b359cd3d6,sangat membantu,5,2024-12-24 12:04:17,tiketcom
a0ece41b-298d-400b-91f8-077b5d2061ed,"Pesen tiket ke mana,ditiket berubah jadi kemana Padahal sudah sangat sering pesen tiket disini Waktu dihubungin ga ada solusi,malah terus menyalahkan konsumen yg salah memilih kota tujuan Kecewa banget !!!",1,2024-12-24 09:48:43,tiketcom
0b537f52-3937-416c-a95a-478ccbe52cd3,sangat gooooodddd,5,2024-12-24 06:11:17,tiketcom
63942418-8892-4d2f-a513-3daffad3795a,"Resepsionis cukup ramah, pelayanan dan kebersihan kurang. Tidak sebanding dg harga, di akhir tahun seperti ini sgt terpaksa menginap disini. Kebersihan sangat kurang, sarung bantal kumal dan lembab, ruangan dan sprei berbau asap rokok, bedcover jg lembab. Sudah request utk ganti sarung bantal, tp tetep dapat bantal yg kumal dan lembab. Sangat kurang nyaman utk tidur bikin gatal2. Kamar sg berasa lembab, dindingnya pun berjamur.. sangat kecewa",2,2024-12-23 23:27:53,tiketcom
261b6417-f322-41a9-95a6-e7df83b2ad76,mantap,5,2024-12-23 23:06:54,tiketcom
ade4df91-de6c-4c7e-8daa-08a76b8907ca,pesen hotel kita laporin hotelnya tutup malah jawabannya bertele tele. Ndak usah jual tiket kalau merugikan masyarakat dan menipu masyarakat.,1,2024-12-23 18:59:27,tiketcom
a9a7b151-0987-45ed-b98b-035698ab91a3,"Refund secara sepihak dikirim ke marketplace, padahal kita bayar lwt bank. Hrsnya cust ditawarkan atau dberi pilihan, dana mau dikembalikan kemana. Kl kita jrg pakai apk tsb.kan kita DIPAKSA menghabiskan uang di merketplace tsb., padahal blm tentu kita perlukan.",1,2024-12-23 17:42:39,tiketcom
7bf520b4-576c-4295-aa79-43f26a3a15b9,"banyak promonya, mantap",5,2024-12-23 15:49:41,tiketcom
dd6a7475-5e6c-43c7-9493-df90ab6614f7,banyak promo & mudah digunakan...,5,2024-12-23 14:28:57,tiketcom
d7ed9a75-4f46-4553-8f88-9996226ff44c,goood,5,2024-12-23 09:47:09,tiketcom
b7f1a7d7-73f5-48c9-b1a5-a4cf414a9eed,mantap,5,2024-12-23 09:36:00,tiketcom
72081f86-d24e-4066-b219-bf6e82700beb,pilihan bagus untuk aplikasi pemilihan hotel,5,2024-12-23 09:29:25,tiketcom
8ffe5fff-287a-4173-b3a0-de89eccfdf4e,sangat mudah digunakan..tampilan aplikasi nya juga bagus..,5,2024-12-23 08:23:29,tiketcom
4322a396-e796-4771-a435-868629ce11de,kenapa sudah harus otp ke email harus ke no tlvn ... ribet sekali,3,2024-12-23 03:26:58,tiketcom
18112b5b-f8c5-4032-96fa-aede035b5d51,Aplikasi berkedok,1,2024-12-23 01:24:16,tiketcom
1e960eda-2eb1-427f-8500-107ca3669e12,Aplikasi maen refund sepihak tanpa ada komunikasi dengan konsumen. Pelayanan semakin menurun. CS yang gak bisa ngasih jalan keluar ketika konsumen mempunyai kendala.,1,2024-12-22 17:11:34,tiketcom
9e28c547-132a-4cad-8090-8c9c15209a5c,kurangi iklan. thank you so much,5,2024-12-22 17:01:38,tiketcom
aac752cf-3cbc-47f5-8549-e410fe18eb57,"Ini aplikasi apaan dah asal mau di payment, minta reload kesalahan di sistem kami. tolong perbaiki server kalian merugi saya karena biaya hotel tertahan karena aplikasi ini! ada tiket sesuai tanggal tidak bisa di payment!",1,2024-12-22 09:44:55,tiketcom
4cb91bbb-cb3d-487e-982b-db3d84ba9a85,good,5,2024-12-22 05:17:35,tiketcom
003d8b5a-0726-4573-b512-e77f2a79a056,excellent,5,2024-12-22 04:12:12,tiketcom
607e8179-38b3-4e52-adfa-b506bd38ba46,Mantuuulll....,5,2024-12-22 01:13:30,tiketcom
af3fa2b2-c312-4b42-a318-18a21b5cbd67,"Cepet,aman dan mudah",5,2024-12-21 19:52:55,tiketcom
d51a60e1-e7e4-40fa-b3a1-09890add21a6,Pilihan tiket wahana nya sedikit yg berada di apk ini khususnya jawa barat,2,2024-12-21 18:45:05,tiketcom
4c32136c-e16a-4d05-a749-de9df31a315d,Ribet mau login aja ribet,3,2024-12-21 17:35:40,tiketcom
acf431a0-8c14-4121-a678-157aedf41480,Membuat tanggal otomatis diluar hari pesanan,1,2024-12-21 16:24:03,tiketcom
87c0b122-47e4-4bcc-95dd-bf1ef7a98ea8,"Sudah membuat bookingan beberapa kali tapi aplikasi error terus Menerus jadi susah untuk membuat bookingan lagi,, tolong developer memfix errornya",2,2024-12-21 11:23:19,tiketcom
1e344ba7-7975-4bf2-871a-1b0cc75c83fd,ok,5,2024-12-21 10:34:16,tiketcom
4406bcee-8a6d-4b69-a375-fee54254aa4c,Loading sangat lama saat pembayaran. Padahal jaringan sangt bagus,1,2024-12-21 02:41:55,tiketcom
5d311443-308b-400e-a742-7e6cf06f916d,good,5,2024-12-21 01:02:14,tiketcom
a4545949-9877-4daf-aca7-d00e191cc3cc,Tolong perlindungan ekstra di setiap pemesanan tiket di hilangkan atau jangan di pilih secara otomatis. ini biayanya perorang 60.000. Secara langsung sangat merugikan konsumen apabila tidak teliti dalam bertransksi. Apps sebelah lebih simple dan tidak banyak fitur2 yang tidak penting.,4,2024-12-20 21:55:26,tiketcom
93d5d60d-957a-4993-af18-9854752a0d9b,jadi di permudah urusanya,5,2024-12-20 16:51:39,tiketcom
0ac3a2af-f09a-472b-bb00-7399be0f56b5,Mudah pengoperasiannya,5,2024-12-20 14:09:44,tiketcom
9e852ed9-47e3-4ddd-b166-c6c3ec27cc6b,sangat helpfull sekali dalam penyelesaian masalah,5,2024-12-20 10:21:03,tiketcom
21e34f07-3ad4-4b2d-8e73-81f6ea5a27dc,Bagus,5,2024-12-20 10:18:16,tiketcom
61507927-ec97-41ca-a5ab-a21dadb94eef,busuk gabisa refund,1,2024-12-20 02:29:29,tiketcom
acce303e-2e12-4f16-86dc-b9d347850c2b,Semoga tiket pesawat bisa lebih murah lagi jadi konsumen tidak memilih Bus sebagai Alternatif murah. Saran Aja.,4,2024-12-19 23:02:08,tiketcom
00de5595-1c1a-4804-a3f7-f1edf1263fed,ok,5,2024-12-19 21:55:35,tiketcom
e0baa6c3-9aa8-469d-9c6d-906afb9c3f02,murah...,5,2024-12-19 19:48:01,tiketcom
32b333ce-9d6d-4c3d-b83e-7126e0c8fbef,"Sangat buruk sekali,mau refund malah di kolom my order gak ada, pokoknya jelek sumpah",1,2024-12-19 18:54:44,tiketcom
01809bf6-300c-40aa-a533-1a4f0312d0a2,Membantu banget,5,2024-12-19 14:17:41,tiketcom
82fe3715-f57f-45ab-a9b2-3afa1759aea7,sangat membantu pesan tiket lebih mudah dan no ribet👍👍👍👍,5,2024-12-19 10:06:50,tiketcom
48a3586e-9885-4fbf-8858-76e5a8811fe6,Saya mau sangat penting untuk sy,5,2024-12-18 21:49:49,tiketcom
96f9efbd-c58e-4e7a-beba-5ed760548641,bagus,5,2024-12-18 20:52:25,tiketcom
13559fa0-8312-41d9-b4a5-ac9af11451e8,"Jangan percaya jaminan harga termurah bisa claim 2x lipat, penipuan berkedok prosedur, boleh bandingkan dengan aplikasi lain ada yang lebih murah *Dengan senang hati membantu? Yang dikirim cuma prosedur sepihak tanpa ada pertanggungjawaban Jelas jelas ada bukti screenshot harga di aplikasi lain lebih murah, minta refund maksimal cuma 75% padahal penerbangan masih 3 bulan lebih (alasannya karena masalah pribadi #lucu)",1,2024-12-18 18:25:48,tiketcom
db98473f-bbd1-4808-a7cc-590c54314b2b,Aplikasi gak seperti traveloka.siap siap aja apes semua karyawannya,1,2024-12-18 16:33:10,tiketcom
f4351aba-2c82-416b-a30f-c6f49409008c,good,5,2024-12-17 19:58:03,tiketcom
b6b18310-b21c-4d8e-945b-4d8126f83e43,Aplikasi sangat membantu Mudah digunakan dan harganya murah lg 👍,5,2024-12-17 09:43:38,tiketcom
9502425a-f29d-44b6-bfdd-18f803490cfa,mantab SipS josss,5,2024-12-16 19:58:03,tiketcom
fce8ed79-66a4-4319-8bfb-99ef76e139d6,baik,5,2024-12-16 19:47:19,tiketcom
2e4c2039-8438-4449-b274-4ad9e3d310d2,oke mantap banyak diskon,5,2024-12-16 14:38:08,tiketcom
1d7e3c66-79cc-42ee-b7ca-decd8c22efa5,"Kepada yth : Tiket. Com Di tempat Perihal : Kronologi penarikan saldo di Blibipay tidak pernah sampai uangnya di rekening tujuan Pada hari minggu 15 desember 2024 malakukan penarikan saldo di Blibipay sebesar Rp1.601.961, dengan biaya transfer Rp 2.500 seharusnya kalau pakai BI Fast uang nya langsung masuk ke rek tujuan , teknologi di blibli pay masih jadoel ketinggalan jaman sekarang era digital transfer langsung masuk ke rek tujuan",1,2024-12-16 14:24:55,tiketcom
def4aa5b-cfcf-44b3-869f-d2dcaf658433,mantap,5,2024-12-16 13:08:11,tiketcom
3d309d17-3f18-4eb7-84de-86743e489896,bagus,5,2024-12-16 11:39:33,tiketcom
f2f80a6d-8627-4ac0-bfc7-905eaab4996e,"Aplikasi ini syaa lihat sangat mundur dibanding traveloka, harga tidak include dengan pajak, dan pas ditekan harga naik dari yang semula, kedua saya minta refund tiket pesawat klaimnya 100% ternyata nga harga tiket 1,9 saya hanya bisa klaim 1,5 juta dan itupun uang masuknya ke bli bli dimana saya nga pakai aplikasi itu dan uang masuk sangat lamaaaaaaaaaaaaaaaaaaaa.. Saya sudah menunggu 4 hari tpi belum masuk. Mohon perbaiki kinerjanya",1,2024-12-16 11:24:39,tiketcom
480bbe71-11e2-4a40-9819-283019f331e7,bagus,5,2024-12-16 09:22:24,tiketcom
863e7a6f-7da1-4c18-89cc-4d0a15cb023c,Barusan habis update malah gak bisa jalan aplikasinya. Tekan ayo mulai tp gak lanjut2. Stop disitu aja. Gimana nih,1,2024-12-16 06:17:36,tiketcom
1afe1d94-6155-43ef-9f40-55491b909a9d,"Pemanahan dana orang,penarikan dana butuh waktu tidak masuk akal!!!!! Sangat mempersulit masyarakat",1,2024-12-16 05:06:07,tiketcom
292d8842-fe70-4079-ad12-dddb983a1daa,sangat baik sekali,5,2024-12-15 17:04:51,tiketcom
1adaa678-1997-488a-9f31-6ef210832e50,"Very helpful platform for my stay needed , easy to booked,easy payment",5,2024-12-15 16:39:26,tiketcom
af63d7ce-e28c-4223-a26f-bc4cf2635bef,"dapat harga terbaik, dapat dipercaya",5,2024-12-15 14:50:39,tiketcom
1a7b031b-fad5-4205-9a4c-844f36c3fad8,"Aplikasinya Sederhana, Mudah dan bisa di percaya",5,2024-12-15 14:27:35,tiketcom
7975f679-9e30-49de-8084-9538d1201dad,sangat membantu dan memudahkan,5,2024-12-15 14:20:26,tiketcom
bbdf57f8-9d64-4780-88db-871bdd63bbd2,mantap,5,2024-12-15 12:12:07,tiketcom
53ac0ced-4023-42a0-9c6a-1b5ef96b1225,P itung switch fortnight Uci over her until ooiuooiipooiiu rei osjsao,1,2024-12-15 09:02:14,tiketcom
cba5ca6f-5908-4487-8bd0-d47eb721a1c2,Refund 100% hanya gimik.. custumer ada keluhan tetapi tidak bisa di carikan solusi terbaik... Aplikasi jelek,1,2024-12-14 23:40:32,tiketcom
492a0a81-a5b4-46af-9448-956dcfe3903e,Mantap 👍 terus ditingkatkan pelayanannya untuk selalu lebih baik setiap hari. 😇,5,2024-12-14 20:11:49,tiketcom
db3b95b8-f196-4d3f-86b1-4c479da900fa,"Aplikasinya jelek, saya sudah pesan dan bayar lewat aplikasi, namun saat sampai di lokasi hotelnya dibilang hotelnya sudah penuh dan saya tidak terdaftar",1,2024-12-14 14:22:15,tiketcom
2c5259e2-cf1f-481a-90c5-077eb144e48f,"kebanyakan menu jadi ribet. mau cari history pesanan gak ketemu ketemu, sampai pusing sendiri, susah memang melawan orang pinter. qplikasi ini gak cocok buat orang yg pengen simple",3,2024-12-14 13:32:03,tiketcom
bd981fd5-128f-4f8b-81c2-097bcdf692a6,Banyak iklan gak jelas,1,2024-12-13 14:33:30,tiketcom
52d2b6ff-ecb1-42d0-b5ac-7252ff4411a4,harga tiket lebih baik,5,2024-12-13 12:04:35,tiketcom
e36ddab1-1580-4470-88e8-cc1c65bf0c32,sangat memuaskan,4,2024-12-13 09:49:56,tiketcom
aed0796e-04f7-44db-b1e6-acaf47fe1fec,masih bagus sejauh ini,4,2024-12-13 04:41:21,tiketcom
0a6794b1-da0e-4f78-9843-7f68629fecbb,"tiket. com aneh aplikasinya pas ketika milih kamar dan set schedule ,dan sudah check in serta melakukan pembayaran tanggal malah berubah anehh.... rugi saya uang sy gk bisa di refund SCAM JEBAK CUSTOMER",1,2024-12-12 21:45:53,tiketcom
a35d91c5-ee3a-46de-8f62-32255e412b0a,good,5,2024-12-12 21:09:19,tiketcom
da14d632-ddec-4d3b-9550-d864c0607d16,"Harus update,setelah update malah ga bisa kebuka lagi padahal butuh banget pesen tiket Mending cari apk lain",1,2024-12-12 16:54:58,tiketcom
c6ebf0bb-a94f-4195-a463-95300df83829,Oke,5,2024-12-12 12:44:42,tiketcom
4bb13730-e260-478c-a13f-c10401817a52,Kesalahan sistem yg menyebabkan Rebook malah dibebankan ke Costumer,5,2024-12-12 10:44:07,tiketcom
546e62e6-ccb5-4a56-a2c6-5b1a66121253,cukup menyenangkan,5,2024-12-12 05:20:16,tiketcom
38f8d4dc-a66c-4948-a5b3-8e13f81e861e,Aplikasi nya aneh,1,2024-12-11 21:27:17,tiketcom
31158488-4451-4d05-bc45-a9fc9f982f62,Aplikasi yg bagus,5,2024-12-11 17:19:14,tiketcom
43b703f1-933c-4c9b-a80e-e5e4f4dd7d97,mantul,5,2024-12-11 16:08:29,tiketcom
8dc66600-e3cf-470c-9364-ce1a22abef28,"Aplikasi tdk berguna klau disambungkan dgn indo dana, lbh baik di uninstal sj",1,2024-12-11 15:55:14,tiketcom
2d79811b-16ea-418c-aeba-57825b488d01,Ok ( terus ),5,2024-12-11 15:40:07,tiketcom
759398e7-4a7b-4fec-b5dc-80bf8dfafa29,good,5,2024-12-11 06:59:48,tiketcom
c03850fa-35c8-460c-8954-d1c15fc6c1de,Pesanan tdk masuk,1,2024-12-10 22:55:52,tiketcom
4527d9b7-2501-4d75-b671-cee9b2bb1ada,sejauh ini lancar lancar aja. dan mudah digunakan,5,2024-12-10 20:14:54,tiketcom
06745b38-7c31-4598-bc8e-74cba77b20c7,ACl Gamestip,5,2024-12-10 17:23:06,tiketcom
7ce6c39f-6bbe-4564-8769-b6a46dc43025,bisa beli tiket,5,2024-12-10 15:26:10,tiketcom
28763317-0b7f-4ac7-a6f3-5f7deeca59d7,sangat membantu 👍👍👍,5,2024-12-10 14:13:59,tiketcom
d25f5de1-c6ee-46c0-8b8b-0bdac9c0c130,good,5,2024-12-10 13:13:39,tiketcom
af23a3f2-253d-49a7-8adc-f0d10cfbccc1,Pelayanan cukup baik responsif,5,2024-12-10 11:02:04,tiketcom
abe9a74d-f47e-4e82-8df2-9326af00f7ad,"so far, so good",5,2024-12-09 19:08:26,tiketcom
18a4f218-bd71-429e-aa11-37a53fa3ff2a,Bagus,5,2024-12-09 18:01:15,tiketcom
de46edcf-677e-46d3-801c-979196272e10,memuaskan pokoknya,5,2024-12-09 14:43:43,tiketcom
b005dc8e-a82e-4f67-8009-94a3ef9bb266,"Aplikasi bagus, pengguna baru ada diskon, tiket lengkap dan harga bersahabat",5,2024-12-09 11:02:05,tiketcom
898444af-f594-4e08-a256-7d02b6b8958a,mantap selalu,5,2024-12-09 07:44:42,tiketcom
aae0a75f-9eb2-40b6-8f97-d41321df7ca2,Sangat Menganggumkan.,5,2024-12-08 20:34:23,tiketcom
2b639c99-cf0d-4825-8ffe-2d1adc850872,Tolong dong lebih baik harga ny sudah include pajak . Harga yg di cantum blom dengan pajak mahal sekali pajakny,3,2024-12-08 14:58:47,tiketcom
37d9c16d-2abe-463f-85dc-42ec47fd3ee6,mantap,5,2024-12-08 12:47:16,tiketcom
ec81ab5f-570e-49c3-90b7-922f3816cea7,"Aplikasi yang Sangat Buruk, Sangat Kecewa Menggunakan Aplikasi Ini. Antara Hotel & Apartment dijadikan satu, tetapi Peraturan Berbeda², sehingga Sering Kena Jebakan Customer ttg Aturan² nya.",1,2024-12-08 11:22:40,tiketcom
048d9f65-13ee-40b3-aa17-acbe50eaef95,Sya baru download apk ini and sya kasi bintang 5. smoga apk tiket com lebih nyaman and aman untuk membeli tiket banyak promo-promo,5,2024-12-07 22:21:33,tiketcom
1ad728e4-9bb6-481f-b3ca-c587653301f8,JIKA ANDA PENGELOLA YANG BAIK HUBUNGI SAYA. JANGAN MERUGIKAN ORANGLAIN !!!,1,2024-12-07 19:07:49,tiketcom
b3dd6961-b98e-41a8-bfe2-0cc441b977bc,nice price and Promo,4,2024-12-07 18:57:53,tiketcom
55c31055-1711-411f-b3ae-a80519e209a4,Biasanya pesan tiket diaplikasi ini.. Cuma ini kok harga tiket berubah terus jadi lebih mahal..dari tampilan dan belum lagi asuransi yang otimatis terikut..kecewa,3,2024-12-07 12:33:21,tiketcom
d1459d99-eb87-499a-a51a-e5f711e9ced7,"Mantap,optional 👍👍",5,2024-12-07 12:02:43,tiketcom
b0ba4120-bf1e-40fb-a902-9b2e1edb8fb0,top,5,2024-12-06 14:03:12,tiketcom
63969ccb-2a66-4691-84fc-bec4c5619e5e,great app,5,2024-12-05 20:49:29,tiketcom
dd1056c6-f98e-4f7e-bddc-e5c587ac0deb,mantap betul,5,2024-12-05 17:18:23,tiketcom
2b33b82f-4a26-44d6-af95-4dbffa781fdf,keren,5,2024-12-05 15:17:19,tiketcom
899b99ba-d422-4ad1-9517-2f53c660bedf,Makin kesini apk. Gampang eror padahal sinyal bagus aja,1,2024-12-05 14:30:40,tiketcom
2a7e5216-81cb-4ee2-929f-1549154c2718,"Sangat membantu dan Mudah digunakan, banyak pilihan dan Mudah pembayarannya.",5,2024-12-05 11:51:06,tiketcom
ec2194c7-3780-4d31-adb2-4d79c05a8d19,Sangat mengecewakan,1,2024-12-05 10:01:22,tiketcom
29277c83-d5ab-4bf4-b61b-f67bb12722ca,ok,5,2024-12-05 06:54:26,tiketcom
908e8dd1-c91c-4467-a689-2a6c89665995,Oke,5,2024-12-04 23:34:54,tiketcom
2dbc6c1a-0dc1-4af3-a6fe-fda1740cdd0c,kirim tiket gratis dong,4,2024-12-04 21:09:05,tiketcom
59ca9d84-6e96-4939-9a68-6134f088ccb8,Ok,5,2024-12-04 20:40:39,tiketcom
b66cc825-d8e3-4d43-a8e4-e0d893f55c93,"Limit paylater tiba2 d tangguhkan,pdhl bayar selalu sblm tanggal jatuh tempo",1,2024-12-04 19:14:12,tiketcom
a2a2d79d-e2d1-44c9-83a2-0e343689ea58,Sangat Bagus,5,2024-12-04 16:20:20,tiketcom
dac7238f-4285-4775-b244-a33fd95fcc08,good job,5,2024-12-04 15:11:00,tiketcom
419a6201-98ea-4db4-88ab-46f32c41532d,terima kasih sangat membantu,5,2024-12-04 14:54:06,tiketcom
d766c8ec-5d14-495b-a86a-2db38272e500,ok,5,2024-12-04 08:42:36,tiketcom
ffd2e232-e971-419e-8066-d630581933f8,Ok,4,2024-12-04 08:19:54,tiketcom
5a14dddc-3f7a-43ff-b1a6-3d6d2949da51,Aplikasi ternyaman sejauh ini! Apalagi kerja sama dengan BCA buat di kartu kreditnya,5,2024-12-04 01:06:10,tiketcom
c7ec9048-86f1-4c84-8e22-4d0844751e7b,kerennnn,5,2024-12-03 21:06:44,tiketcom
fdaade5e-47c8-4f96-ae84-3cac312630dd,"Aplikasi nggak guna, mau beli ticket 50.000 orang ngantri tuh gimana?",1,2024-12-03 12:34:00,tiketcom
062c6b9a-5a71-4614-b0aa-b37b38ecad4e,Kok perbaikan teros knp ya,4,2024-12-03 11:24:47,tiketcom
ea7b8f7e-a38f-4f83-8372-da946033dbab,Mudah dan enjoy,5,2024-12-03 10:46:53,tiketcom
367fe175-fa7c-4896-bba7-9343e5b476f8,"Tolong update terbaru pembayaran paylater kenapa lama sekali masuk sttaus sudah bayarnya, malah akan masuk masa batas pembayaran",4,2024-12-03 06:56:18,tiketcom
1281b32e-1e0e-489f-9921-3aff8e1afd52,Semoga kedepannya dapat memesan tiket kereta bandara dan kereta lokal.,4,2024-12-03 04:49:28,tiketcom
f981c586-4504-4753-a889-4d7748505816,Sangat membantu,5,2024-12-03 01:58:58,tiketcom
39e0902f-7470-4f4d-8eed-ccb81cd6abab,"Aplikasi anjinggg, refund di harga tiket normal, cuma dapet 70rb doang???? Aplikasi sampah",1,2024-12-02 17:21:29,tiketcom
9234b47d-a083-4689-ae52-9a78f0de9709,paling murah diantara lainnya,5,2024-12-02 16:51:37,tiketcom
5ef0c59e-0152-48b7-b18a-434868f9d4e9,"ini knpa kok bording tiketnya gak bsa d buka,sedang dlam perbaikan..smpai kapan ,ini bsa d gunakan tidak,atw hrus beli tiket lagi",3,2024-12-02 16:45:59,tiketcom
fa701880-9b3c-4d73-afe9-c7eb55100eab,PERFECT,5,2024-12-02 15:12:24,tiketcom
0dd4a8eb-8e6c-48d6-86a4-228c37437778,sangat membantu sekali jika kita mau bepergian kemanapun dan banyak promonya,5,2024-12-02 12:00:55,tiketcom
6bdbd65c-1525-4dca-b1c3-b348f8bce0ae,The best transportation solution,5,2024-12-02 10:17:47,tiketcom
2f7fc4d6-7fa7-4e44-b44b-562311ee90b6,"Kecewa, setelah update tiba2 crash, pas buka apk lagi malah ter-logout. Mau login pakai nomor HP diminta isikan data email, giliran diisi email dibilang sudah terpakai. Mutar2 Mulu disitu. Sampai saat ini tidak bisa login akun. Disayangkan, padahal Akun sudah silver mendekati gold. Dicoba setelah menunggu sama aja, fix uninstall nih.",1,2024-12-01 15:57:18,tiketcom
f7cb23dc-ddaa-4cc3-887d-b270cc6d90a9,mantab,5,2024-12-01 11:33:58,tiketcom
95e0c26c-1181-4bde-9fc7-d22650a5f6f9,Ini gmana saya bisa bayar tagihan kalau gak bisa dibuka2,1,2024-12-01 09:25:17,tiketcom
1b1c5da2-6071-4828-b5ad-0bce38ad1568,bnyk promo dan harga paling murah,5,2024-12-01 07:44:21,tiketcom
164ac645-b93e-4b9f-8aff-2347fb21630b,Saya hampir 8 tahun pake tiket com dgn harga tiket cukup murah tapi tidak dgn yg sekarang ini Mala mahal banget sblum ini jakarta ke Lombok cuma 1 juta 300 San tapi sekarang ini sampai 1 juta 700 San kok bisa?,1,2024-11-30 18:56:30,tiketcom
39161834-1b08-40bd-9342-aff4ecaf6da6,terpercaya,5,2024-11-30 14:34:50,tiketcom
e9239367-6874-4eb2-82a4-b00d39a8f382,Mudah dan cepat,5,2024-11-30 14:17:05,tiketcom
03765213-aa30-4ee2-aca7-4765005901c1,SAYA KECEWA BANGET BELI TIKET MAHAL2 KOK MASIH DIPAKSA BELI ADDON SAYA TIDAK MERASA BELI PAS SELESAI BAYAR KOK ADA INI NAMANYA PENIPUAN,1,2024-11-30 13:40:52,tiketcom
b04200dd-ee4d-4f0a-a713-d366e3b8cb3f,kereen,5,2024-11-30 10:37:11,tiketcom
42502676-7104-4a30-9d18-7fc6bfb8de62,ok,5,2024-11-30 10:26:26,tiketcom
fb98e6b0-186b-4536-848b-5dbf86f40f99,"aplikasi scam bohong saya sudah pesan tiket penginapan saat saya sampe tujuan hotel tersebut tidak ada, di menu ""your order"" juga ga ada, ketika saya mau refund tidak bisa karna tidak ada pesana di your order, saya harap uang saya bisa kembali",1,2024-11-30 07:37:20,tiketcom
2646efad-4695-4569-9ba5-a35ec86195d7,perbanyak disc,5,2024-11-30 07:11:13,tiketcom
8fdda798-4c01-428d-b7b6-96bc84af6994,cepat dan sesui harapa,5,2024-11-29 20:02:48,tiketcom
c91640ff-9a74-42bb-a8f9-01dede4c399b,"ga bsa liat e tiket,dr td bermasalah perbaikan trus",3,2024-11-29 13:46:25,tiketcom
b5d14205-9810-45dc-8186-18535b334568,mantuulll,5,2024-11-29 13:26:43,tiketcom
13d75b7e-3c5b-4952-95b8-684e700d4a5e,"Memang gabener nih aplikasi, sudah menyelesaikan pembayaran masak tidak dikeluarkan e tiket, padahal yang di pesan tidak sedikit, tolong lah di perbaiki",1,2024-11-29 12:07:36,tiketcom
6d8dc88e-e831-4825-b4ab-f391d998fbdb,bagus,5,2024-11-29 08:34:22,tiketcom
163d9849-879a-496d-ab7c-2d6a77642f46,Cenon ²⁴⁰,5,2024-11-29 08:15:17,tiketcom
b801b0ab-f406-44f0-a873-535d6bc27864,proses nya cepat dan sangat membantu,5,2024-11-29 07:58:31,tiketcom
49de0b9a-7599-479b-9602-46a40a412b9d,"Aplikasi Tdk menyenangkan dan Tdk sesuai keinginan,, Sdh sy hpus aplikasi ni.. aplikasi telek",1,2024-11-29 07:40:20,tiketcom
a4a9895d-1025-482d-b345-70a0baa6c35b,good apk,5,2024-11-28 19:25:05,tiketcom
87a99d1f-330d-45b7-8bd8-05d3c078fe27,"Bintang 1 kecewa, Saya sering beli tiket pesawat lewat app ini, tpi pengajuan playlatter tidak pernh disetujui.. Uninstall apk ny..",1,2024-11-28 13:05:31,tiketcom
7647c29a-d151-4e24-b25f-beab7d4c4549,proses refund mudah,4,2024-11-28 10:14:52,tiketcom
c21ab909-d5f9-441e-9b55-666fe040db60,Very helpfull,5,2024-11-28 09:46:27,tiketcom
893d570c-31ea-45d6-89f2-b822bc781032,Top,5,2024-11-28 01:34:50,tiketcom
55d02088-0827-476a-8635-d01f71dec403,oke,5,2024-11-27 18:57:21,tiketcom
e1da7487-9d2c-4dab-a000-2a468ec8dd22,Mudah bangeeettt,5,2024-11-27 18:54:31,tiketcom
abe109ca-2868-48fc-89b0-cca9c3c0e620,good,5,2024-11-27 17:51:46,tiketcom
507d3dfb-1fe8-42b8-813d-f8027b5013c5,👍👍👍👍👍,5,2024-11-27 17:01:12,tiketcom
70d94b57-6b8e-4fc2-a8fd-11de83c01c9f,Mantap tiketnya murah2 banyak promo lgi,5,2024-11-27 14:15:58,tiketcom
140ccb34-ec40-4ca6-beac-f5306282abc7,bagus,5,2024-11-27 13:21:24,tiketcom
663f48c0-64fd-46fa-b829-be710b9528cc,Assalamualaikum warahmatullahi wabarokatuh,5,2024-11-27 06:23:41,tiketcom
d761438a-3467-4ac4-97fe-5edc3e29244f,"aplikasi mayan bagus, cocok untung yang suka traveling",3,2024-11-26 22:01:27,tiketcom
a45199a0-5a28-4d31-9959-26cc378ac15b,interface aplikasi gampang,5,2024-11-26 20:39:25,tiketcom
c4631d99-8f9f-406a-b4be-9de329f540ff,Ini kenapa semua maskapai nggak muncul. Cuma garuda sama citilink aja. Hadeh pindah traveloka aja deh,1,2024-11-26 16:57:54,tiketcom
a431c7a1-5388-40a1-aca6-e11f7d0e38f1,mudahkan kami membeli tiket dan booking hotel... serta sewa mobil,5,2024-11-26 13:31:14,tiketcom
3cfff29d-a2d3-4a68-b387-0be91c5bdd1b,pelayanan cepat,5,2024-11-26 10:31:36,tiketcom
93d27214-96b6-4577-b7a5-b2241ce3917d,Ini aplikasi jelas nga sih. Setiap kali mau melakukan pembayaran selalu aja gangguan. Padahal butuh urgent. Aneh bgt masa iya selalu ganguang. tolong donk diperbaiki. Mana sudah top up pembayaran juga,2,2024-11-26 09:21:07,tiketcom
fdef048b-7434-41aa-9ae9-95ce82075ca7,"Kocak bgt, tagihan paylater nya jatuh tempo tanggal 4 tapi udah di bekukan, kalian indodana kalau mau bekukan limit orng itu di cek dlu pembayaran bulanan nya gimana bagus gak?? 🫵 Pelayanan nya buruk",2,2024-11-26 07:30:07,tiketcom
35de9bd2-81c3-4e50-be9b-20fae108dd12,good. this app so help full for me. thankyou,5,2024-11-25 22:34:26,tiketcom
790941e6-8bd5-4781-a535-5d0c44d3f92b,"keren iih.. uda plig murah dpt cash back beli tiket kereta excekutif cm 200rb, MaasyaAllah",5,2024-11-25 22:07:37,tiketcom
582dc356-8d7e-431b-b91c-a51958c181cb,"TIDAK PERNAH KECEWA, SELALU MEMUDAHKAN KEHIDUPAN SAYA. Ga bakal pindah aplikasi :)",5,2024-11-25 17:19:11,tiketcom
2f711263-a63e-4749-8827-4c6aabf17ba9,cs nya gak bener,1,2024-11-25 14:04:24,tiketcom
a099b4c4-2b3c-43c0-b3b0-8552788da592,"Gajelas system aneh, Udah bayar 15 menit sebelum expired malah jadi expired cape cape ...",1,2024-11-25 11:49:41,tiketcom
d2979f01-8b62-4d6b-a999-be55e4668cf3,Ok,5,2024-11-25 11:03:08,tiketcom
f86327d3-c123-43dd-a62b-91f86d690cf8,sangat membantu,5,2024-11-25 08:33:57,tiketcom
b3c05f1a-3ac7-4eb5-9503-a33fdeb6bafb,"harga bersaing, pengajuan refund jg mudah",5,2024-11-25 05:14:17,tiketcom
835cb412-8d54-4d25-aa03-478ba66f90c4,oke bagus,5,2024-11-24 23:24:04,tiketcom
51510c41-6628-416c-9008-3a173bb359ab,Sangat membantu dan mudah cari hotel terdekat,5,2024-11-24 18:21:33,tiketcom
6c911836-d91f-4d73-b80b-2dc3e3320725,"Heran tulisan kebijakan aplikasinya font kecil, jadi ngecoh yg beli, kasian buat orgtua kalau udah kadung beli pasti panik minta refund. Jangan ya min ya ! UI UX nya benerin yok bisa yok",1,2024-11-24 08:24:12,tiketcom
e8991aa0-6276-4ffb-bf9f-923fbef1eb47,Ganggu game dg tanda x fake..,1,2024-11-24 04:42:02,tiketcom
32148d68-d271-4ca8-a721-d9453b56b333,💖,5,2024-11-24 01:23:33,tiketcom
8e4fd5cf-e093-4d56-81b8-fede220fcc52,Kagak jelas cma bisa di pake di kota besar,1,2024-11-23 23:32:05,tiketcom
4ee2ad07-cdaf-41dc-bd9c-dcc866ace95d,Mantap.,5,2024-11-23 12:20:03,tiketcom
47ce37e5-8463-4751-9f0b-7142f5b7558d,Harga terjangkau,5,2024-11-23 00:24:06,tiketcom
ab903c1e-4cfe-422b-b765-c6379674047a,"Aplikasi sampah, banyak buzzer nya, duid saya mendem minta refund ga digubris, memang saya yg bodoh bisa² ngikutin omongan penipu",1,2024-11-22 16:03:27,tiketcom
14d6983b-b31c-44fa-854f-b7259c89a98e,Daftar nya ribettt..otpnno udah dimasukan kode email udah tapi masih juga susah udah 7 kali coba padahal rumah pakai wifi....ribet pakai yg lain aja,1,2024-11-22 15:57:12,tiketcom
c843a7da-40dc-4bae-b068-dd2276b2dc27,best lah banyak disc,5,2024-11-22 08:51:11,tiketcom
717664b6-bdd3-49f2-95c4-47aaa388d844,Luar biasa nih aplikasi. Baru masuk langsung dapat berbagai fasilitas. Juga sangat mudah untuk membuat pesanan.,5,2024-11-22 07:21:04,tiketcom
8acfc440-8de1-4ca3-960b-82db9ebf6b48,Sangat Mempermudah Akses,5,2024-11-22 03:30:52,tiketcom
7f82f394-7b5e-4f77-b0a3-d0f61b3d6fe2,"sangat mudah dan efisien serta jelas,Terimah kasih.",5,2024-11-21 21:46:34,tiketcom
e70626a9-215b-4f9e-b5d6-ff6d64b1a33a,Bagus banget,5,2024-11-21 21:24:50,tiketcom
f7aec103-d2fe-4846-be44-e72e42df64c7,"Proses refund lama. Berbelit² customer service lama. Kalau emang satu perusahaan tidak bisa memproses refund dengan estimasi yg diberikan, mending gausah kerja sekalian. Anda memberikan estimasi 1hari jam kerja, tapi apa? Lebih dari itu. Kenapa!?? Proses anda yg berbelit² dan lama",1,2024-11-21 17:10:23,tiketcom
a438569c-3092-40df-b334-94773692467b,"Tidak usah download aplikasi ini, jangan gunakan jelek pelayanan nya",1,2024-11-21 13:51:30,tiketcom
c7617ed5-1285-4d5d-94f2-01d847659d02,👍👍👍👍👍,5,2024-11-21 08:45:05,tiketcom
2632d44c-b012-4ac1-9b88-dbf0d04d0a61,selalu worth it si selalu pesen Disni kalo mau go kmn2,5,2024-11-21 08:39:52,tiketcom
5e416f09-9f5d-4efa-9e66-6bd5292e394b,sangat membantu,5,2024-11-21 08:31:16,tiketcom
d53c728b-60a2-4fc8-a5bc-e6baf9cb0c81,Mantap👍,5,2024-11-21 06:10:12,tiketcom
b2a91b5d-0d11-4b28-ae9d-6e5d14178c3d,ok,5,2024-11-20 19:11:49,tiketcom
6a9b42cf-4aaf-49bc-8a66-242f044448af,Mudah dan terpercaya,5,2024-11-20 17:58:09,tiketcom
180e6c2d-c2b3-4956-be16-614f8989223a,Bagus,5,2024-11-20 15:39:20,tiketcom
098a7769-edab-4790-8f0b-72a7df77ef80,Gak update seat. Already taken mulu seatnya,2,2024-11-20 11:31:23,tiketcom
ebdea66b-1bca-49cd-b0be-178d57262d3c,Akun sampah,1,2024-11-19 16:02:05,tiketcom
4f6ee855-8323-4a1d-bc2c-ac6150fd5b0e,bagus,4,2024-11-19 09:00:37,tiketcom
6cd6505f-4b95-4843-be72-3f3596699367,Baik,5,2024-11-19 08:14:33,tiketcom
d123b086-be0c-4050-98f9-94b8fed87ef2,top,5,2024-11-19 07:31:40,tiketcom
b0bfe795-14b3-49d1-967a-c7376a6fa6ec,"Saya sudah bayar uang tiket pesawat, malah e-tiket nya gk dapat, sudah coba hubungi cs nya gk ada respon",1,2024-11-19 01:18:30,tiketcom
0efedf54-8d8b-4644-ad75-37ef25c48cea,murah,5,2024-11-19 00:40:09,tiketcom
d8554a20-f523-444f-a696-57227323cdf2,"Stuck aplikasinyaa, tolong diperbaiki dong ntar kalo udah aku perbaiki retingnya",3,2024-11-18 21:35:57,tiketcom
bc64462c-7ce5-4d66-8ca4-e1f9e1b32415,baik,5,2024-11-18 21:21:19,tiketcom
904352da-6197-4527-ac53-13e0d3b70762,🏇🏇🏇🏇🏇🏇🏇🏇🏇🏇🏿🏇🏿🏇🏻🏇🏼🏇🏾🏇,5,2024-11-18 20:13:32,tiketcom
e6ee06b1-f123-417c-a91e-0d2af68542eb,"Abis di update malahan jadi begok , beli tiket kreta dari pagi buta pe jam segini muter aja loading gak jelas , buka pusat bantuan juga sama tolol nya . ntah harus kemana tolol tolol",1,2024-11-18 19:28:25,tiketcom
b0660239-b1f2-474a-b5f2-2a794616391d,sangat membantu untuk pencarian tansportasi,5,2024-11-18 17:39:38,tiketcom
beac4352-edab-41bd-8d74-d681ad848254,Gak usah nyepam iklan ke saya msa setiap buka HP pasti iklan nya iniiiiii teros main gem juga iklan nya iniii teross mau apaa pasti iklan nya iniiiii teros cobak gak usah nyepam iklann,1,2024-11-18 15:22:28,tiketcom
233148a1-6185-467b-97b3-86dfed7e4bfc,Bagus,5,2024-11-18 13:11:07,tiketcom
ad80925a-3a8a-4f74-9233-884dcb246209,"aplikasi komplit tuk semua pemesanan tiket, mudah dan gk ribet, Two Tumbs Way Up 👍🏼👍🏼",5,2024-11-18 05:16:30,tiketcom
52713669-4ef0-43bc-aeba-1c08da2d2523,ok,5,2024-11-17 23:38:11,tiketcom
3f994ed4-31c1-49fa-b34d-bc5e5f075f88,harga sangat bersaing,5,2024-11-17 21:58:57,tiketcom
d338789c-2bcb-4fd7-a599-c6179acea74f,Hubungan kontak,1,2024-11-17 19:56:06,tiketcom
23218347-0a5c-4249-b149-0fb2d19d2e89,"Tiketmu mahal sekali,, beda jau dgn Traveloka, kaya calo sja kmu besar betul untungnya,",1,2024-11-17 19:19:54,tiketcom
d5a4cb5a-d54d-4f3c-986d-fd2ef9041468,promonya maannttappp,5,2024-11-17 18:35:44,tiketcom
70e18c46-de2e-4602-bb5d-499cc49252e1,simple dan praktis,5,2024-11-17 17:50:55,tiketcom
50bd0a16-6ca6-45df-b798-5a3468765bc5,"Mohon info admin, kami mencari penerbangan dr sorong manokwari kok hanya 1 maskapai saja yg tertera di pilihan",5,2024-11-17 16:23:36,tiketcom
eb4cf557-08cd-43ee-beae-f4e190b9fcac,"Masalah klasik, pesen kamar tipe tertentu, sampai hotel diinfokan ada kesalahan sistem. Dapat tipe yg lebih rendah.",2,2024-11-17 15:01:21,tiketcom
bb3fafaf-f900-40d1-91cc-bfac1d23dc3c,"praktis n simple,...mantap...!!!👍",5,2024-11-17 07:41:53,tiketcom
ab90c61e-e93d-441b-ab68-9d390490401b,"Tidak dapat check in, di apk dapat membuat req check in lebih awal, tetapi dari hotel tidak dapat check in dikarenakan kebijakan hotel jam 14",1,2024-11-17 06:29:04,tiketcom
881aec75-86ab-4642-ad40-119a820a32a5,Siipss lebih murah dan banyak voucher yg bs di klaim..,5,2024-11-16 22:41:03,tiketcom
526013eb-a3fa-4516-9fa2-23a1de7a8f76,Chat CS slow respon,1,2024-11-16 20:32:47,tiketcom
1f4d278e-f2d6-41b4-a165-e07e2810b368,oke,5,2024-11-16 16:42:11,tiketcom
0a7fa159-d21b-4a3e-b26b-64761bf5294e,Buruk,1,2024-11-16 16:09:59,tiketcom
5e4deef5-6025-433f-8ee7-d5d6283b256e,mantab,5,2024-11-16 14:52:13,tiketcom
ea911548-3e17-4860-8b20-795ab8a86590,bagus,5,2024-11-16 14:45:47,tiketcom
48394a39-9aa8-4c28-ad7b-34b253c6abd9,is the best,5,2024-11-16 13:26:26,tiketcom
8b67db8e-a5f9-4551-9fde-f07cb2e43822,"Aplikasi paling buruk, refund susah banget dan lama. Hangus duit saya. Mending ganti aplikasi deh jangan disini kecewa banget",1,2024-11-16 09:49:31,tiketcom
1ad19b87-a309-41d0-8ec0-64a313848419,ok,5,2024-11-16 09:41:39,tiketcom
c22df981-ca73-4b1b-a078-07e138260683,ok,5,2024-11-16 04:55:42,tiketcom
7e809947-5f87-4ed7-b985-722416d03e3f,Saya sangat kecewa beli tiket di aplikasi ini karena tiket bus kelas eksekutif namun ternyata bus nya sangat jelek tidak seperti yg ada difoto dan bukan PATAS....sungguh sangat mengecewakan...,1,2024-11-15 23:26:42,tiketcom
69eaa4fe-a538-4c28-98b1-9badf8b0cbde,bagus n mantap pelayanan nya,5,2024-11-15 23:09:49,tiketcom
9bab750f-2e11-42fa-affe-53baa76b0d2b,"Ayolah tiket kenapa sih, kok error terus 😔",4,2024-11-15 17:55:24,tiketcom
9d108714-0721-41ec-ad8d-8c9bd34ad6c3,mntap sllu dapat diskon,5,2024-11-15 17:32:16,tiketcom
fa9e5995-6c42-4657-bd74-4a7616978d50,Payah,1,2024-11-15 14:12:00,tiketcom
aa9f6338-6803-466d-9dc7-7c3dacef6dd1,"terjebak dengan tidak adanya fitur early ci, dan adanya fitur permintaan khusus, yang dimana itu bisa memesan jam ci agar lebih cepat dari biasanya. begitu sudah sampai hotel dimaksud, kami menunggu dihotel 2 jam agar bisa reservasi. ingin early ci ditempat harganya seperti 1 malam",1,2024-11-15 12:05:37,tiketcom
666f94c3-a132-4bef-a755-0b272ccc0e57,good,5,2024-11-15 11:16:21,tiketcom
144bfc03-84a7-4b78-af9c-0eaf0556e796,Aplikasi penipuan,1,2024-11-15 10:16:03,tiketcom
d01c55e4-57d9-4485-9b10-cab106350371,mantap,5,2024-11-15 05:51:07,tiketcom
f2557856-c765-4dc3-bb01-0f9432db3b6d,Sangat membantu masyarakat. Teruslah berinovasi....,5,2024-11-15 01:22:03,tiketcom
d7cc618d-e4c0-4ad8-a59f-f517f070d8d3,Wooo semakin top,5,2024-11-14 23:30:57,tiketcom
e5efea30-1cb0-4de5-9c32-0dfd64d30692,Langsung dpt poin 100 k setelah pesanan pertama berhasil,5,2024-11-14 19:24:09,tiketcom
b03b83d0-ca43-4675-887a-75cb1769f9dd,Kalo pesen hotel atau tiker diklik g bisa liat tiketnya tlg diperbaiki,4,2024-11-14 16:34:22,tiketcom
f93085b6-f2bc-455a-8628-2c861ce146ce,good dalam pelayanan,5,2024-11-14 14:11:12,tiketcom
0df431b4-cd6b-4091-b63b-d9fe7d83735b,"Cepat, hemat tenaga",4,2024-11-14 13:56:01,tiketcom
040f41e5-7915-4c6a-8354-8fddb439ea68,Bagus aplimasinya,5,2024-11-14 11:47:26,tiketcom
174e2828-df0f-4320-bd4c-0dabf6f8d744,gak jelaas,1,2024-11-13 19:16:50,tiketcom
3583db4e-c63f-4ccb-9116-6d61e862e1cf,"Nama pada data pemesanan saya salah, justru tercantum alamat email. Saya mau memperbaikinya, tapi customer service bot gak ada manusianya",1,2024-11-13 14:01:24,tiketcom
29b3b1ec-6611-4ec8-8e1f-e03b2b8c117f,"Udah transaksi 3x , mahal2",1,2024-11-13 12:20:43,tiketcom
72f6e61b-7402-42a0-b6c4-a5dcf3a198e7,sulit masuk kembali ke akun,4,2024-11-13 12:04:45,tiketcom
72f7d4d5-493d-42ef-96aa-37f5dd49fcb4,"aplikasi kocak, setiap mau login kena gangguan mulu",1,2024-11-13 11:45:46,tiketcom
4e54d48d-3c27-4c33-91fb-0173fca11ec0,Good job.,5,2024-11-13 09:37:08,tiketcom
ae9c91f6-0c43-40e1-ae16-86c24266a886,mantab,5,2024-11-13 07:07:46,tiketcom
702a32d9-be6e-4aea-88c3-107bf830b13b,"so far paling banyak opsi dan paling mudah dipakai untuk kebutuhan booking, traveling, dan cari promo.",5,2024-11-12 13:58:38,tiketcom
b90fe9d7-50a3-4a6a-8fb2-9edb07e0e238,fast and clear,5,2024-11-12 10:06:33,tiketcom
04e45270-b533-4eb3-8c8e-8267213ab15c,hrga bersaing pelayanan oke,5,2024-11-12 05:39:14,tiketcom
601244aa-7c50-4604-abbe-e71110b9fc5f,"Mengapa pesanan tiket pesawat saya dibatalkan padahal saya sudah membayar tiket pesawat,dan saya disuruh untuk mengajukan refund,di tampilan orderannya tidak pesanan saya yang sudah dibatalkan.. Tolong dibantu saya refund uang saya 🙏🙏",2,2024-11-12 01:12:42,tiketcom
fa0094f0-c1be-4138-a7be-dada872764f2,BELI DIHOTEL LANGSUNG LEBIH MURAH... HARGA DIHOTEL 250 DI APK INI 400 LBH ITUPUN HOTEL TIDAK SESUAI DENGAN YG ADA DIFOTO APK INI SANGAT SANGAT MENGECEWAKAN....,1,2024-11-11 20:49:04,tiketcom
5579b391-f2f4-4169-a791-4cb5511731ef,RIZKI RIDHO RHOMA IRAMA DAN RANI CANTIK DAN VIRZHA CANTIK DAN PUPUT CANTIK DAN ULAN CANTIK DAN ❣️💞💕❤️💘♥️🇲🇨👰🇸🇩💓💖💝🖤💜💙💚⛈️💛,5,2024-11-11 20:21:31,tiketcom
84b04320-ad65-46c9-8c8a-1d61f873085c,rekomendasi,5,2024-11-11 19:51:32,tiketcom
6bca5fa6-0c03-44e2-a89f-0b4a325bc36a,Bug parah saya kasih bintang 4 atau 5 kalau dah di benerin bug nya sementara di hapus dulu,1,2024-11-11 15:44:07,tiketcom
aac0a20b-1be4-4ca2-81b9-52e42862f9ee,"Slow respon terkait masukan, dan fast respon kalau Terima duit aja",1,2024-11-11 13:56:42,tiketcom
02c5d3db-afb0-4f3e-82dd-2dcadb21463f,"banyak diskon, lebih murah",5,2024-11-11 09:57:38,tiketcom
e1d7c7ef-520b-40f6-a194-9ba498654dd4,"Saat refund padahal batal penerbangan dari maskapai, setelah di cancel padahal segala proses refund sudah , penjual tiket tak bertanggung jawab",1,2024-11-11 08:04:49,tiketcom
45895d15-0018-4c8f-ab26-e1b40864f9f5,good,5,2024-11-10 18:43:38,tiketcom
896b8796-2736-4505-b911-ddfe43746742,Sangat membantu 🫰,5,2024-11-10 14:23:46,tiketcom
7cb4a4ac-daf5-4b68-949d-0aee6d2c78fd,sangat membantu,5,2024-11-10 12:28:45,tiketcom
1b190e12-c991-4fa6-af33-fe010c72ce8b,Beberapa hotel masih ada kamar tapi di aplikasi sudah habis,3,2024-11-10 08:44:08,tiketcom
d4e696d8-8960-47f2-8c82-438b8dabb425,o.oo voo.,4,2024-11-10 06:42:34,tiketcom
dfc78a64-23fb-4b5d-a8d9-37a3099c2c64,mantap,5,2024-11-09 22:08:52,tiketcom
84c74810-cd8d-415c-8cfa-ff009a770a4b,Mudah di mengerti,5,2024-11-09 20:04:25,tiketcom
2655c282-4916-4d2e-a9cd-d05e152251cb,Aplikasi taik masak mau login gak bisa jadi gak bisa refaun,1,2024-11-09 19:13:22,tiketcom
47c89af6-ba92-4666-afd3-4372b4598391,👍👍,5,2024-11-09 11:59:29,tiketcom
e3ce78ff-05d3-4fa3-9b86-4692278766b4,"Hari ini tgl 9 nov 2024, sy install apk ini krna ada sms verifikasi pdahal sy tdk ada dftar di apk ini, jdi kalo ada yg slh gunakan data saya, sy akan laporkan ke pihak yg berwajib dan hari ini juga saya unistall apk ini, trmksh",1,2024-11-09 09:40:16,tiketcom
cabfacf9-deaf-4e79-8104-5884977121a6,sangat membatu,5,2024-11-09 07:59:34,tiketcom
4c1030c5-1fcb-49d0-b116-bbc2a21c3c49,oke sangat membantu aplikasi ini,5,2024-11-09 06:11:38,tiketcom
203e17c1-bef9-4de6-81a8-ee61341a3935,pelayanan sangat bagus,5,2024-11-08 20:20:58,tiketcom
cb7bfa57-ff21-4d85-ad33-2a14213d8885,ookey,5,2024-11-08 16:42:56,tiketcom
8407be9a-8560-4ffe-9072-09df43b02864,Useless apk,1,2024-11-08 14:14:00,tiketcom
4f1ac897-d0fb-4559-b766-7a92820c5f8e,jangan ragu pakai aplikasi ini kalau ada masalah fast respon,5,2024-11-08 13:12:21,tiketcom
fe91474f-82c2-4aca-93e4-492b37da3670,Sangat kecawa saya sudah order tpi pas sampai dilokasi tidak bisa di proses dan tidak ad orderannya aplikasi ga jelas,1,2024-11-08 13:10:31,tiketcom
90859df5-919c-42cc-8513-edcbe8baf8e1,Penaganan terlalu lambat,1,2024-11-08 12:48:45,tiketcom
6c037075-3309-4902-adf2-b33b77d7e639,sangat memudahkan utk traveling,5,2024-11-08 08:15:01,tiketcom
1c1bb8a2-77fb-4ebb-8782-fc7c410e1192,aplikasinya keren,5,2024-11-08 06:51:42,tiketcom
4ab9a7f2-93b7-44fd-ae25-71041f8b64fb,asik pesen lewat tiket.... gampang tq,5,2024-11-08 06:41:59,tiketcom
028d79c8-ad97-4976-aaf4-51b39b09939a,Mantap lah,5,2024-11-07 19:05:58,tiketcom
42d76a57-ee8a-4726-90ec-984f40a5fd85,"APLIKASI JELEK, LIMIT PAYLATER SI TANGGUHKAN TERUS,,PADAHAL SUDAH TDK ADA TAGIHAN,SEMUA SUDAH LUNAS",1,2024-11-07 10:17:11,tiketcom
a46414b7-7f90-4f2c-92ef-1fb40e42f57d,"Makasih sangat bermanfaat sekali aplikasi ini, bisa bantu saya dalam memesan tiket, sudah berguna juga untuk perjalanan sampai ke tujuan",5,2024-11-07 10:02:36,tiketcom
f223b419-fdee-4ce8-97ce-96dda855b3f3,good,5,2024-11-06 18:59:25,tiketcom
7605d493-fbbb-4c02-9e88-d9f5a5f2cda1,"Pelayanan sangat kurang, klaim reschedule tiket pesawat lambat yg mengakibatkan kerugian buat konsumen.",1,2024-11-06 18:21:05,tiketcom
5639a42b-c271-4331-8b0c-578cb4326fb2,Beli tiket disini harus hati-hati. Tiket gak terbit di tawatin rebooking tapi hanya janji2. Aplikasi gak relomendit...,1,2024-11-06 14:44:52,tiketcom
290d6643-e551-4c3e-9d3c-3d22ef4ffe16,"Knp setelah diperbarui gabung dengan blibli aplikasi tiket com jadi g bisa di buka ya? Tulisan'a ayo lanjut tpi diklik g bisa""",3,2024-11-06 12:54:23,tiketcom
b3120931-28aa-4cd8-b0ab-7566841d43a9,ok banget memudahkan segala kebutuhan perjalanan,5,2024-11-06 10:08:11,tiketcom
0174fbe5-feb2-4a15-8079-83633b0e1c62,the best aplication for traveling,5,2024-11-06 06:23:35,tiketcom
37740545-4633-4461-9590-1b63b7519da2,ok,5,2024-11-05 20:54:44,tiketcom
73aa2ba2-93e5-4330-9d37-49f010050ae9,aplikasi travel yang harganya bersaing dan lumayan murah..,5,2024-11-05 14:25:58,tiketcom
ff8952fa-4724-418a-9a32-df82ca257e3a,Saya mau cek tiket kereta api kenapa skrng d'persulit ya,1,2024-11-05 10:44:08,tiketcom
6e4bb1d9-86ce-457a-91c8-bee45f857989,terbaik,5,2024-11-05 10:25:48,tiketcom
379d34c4-aa51-4613-a252-39ee5d720408,Ribet,2,2024-11-05 09:16:05,tiketcom
bf8c1728-6059-4450-91ad-d9fb10d3216c,nice apps,5,2024-11-05 00:19:21,tiketcom
e19d1921-b698-4680-b0e5-cb0bdf2b1994,"Telat bayar 1 hari, paylatter langsung di tangguhkan. Telpon ke CS GAK ADA solusi. cuma disuruh tunggu² dgn waktu yg gak jelas. Kacruuutt",1,2024-11-04 22:20:21,tiketcom
1c9f2b4f-f1be-4241-b263-e721ede23100,harga murah kalau pas diskon,5,2024-11-04 13:49:34,tiketcom
8d68ad05-f0fa-4003-b324-f8a58b6690f4,1000000% Saya Sangat Kecewa Sekali Sama Manejemen CS Tiket Com Sangat Merugikan Saya Pihak Konsumen Bayar Tiket Boking Hotelnya Malah Tidak Bisa Nginap Ke hotel Karna Sangat Lama Admin Para CS Memberi Informasi Kesalahan Ke Pihak Manajemen Hotel 1Hari Pemesan Tiket Boking sSampai Hari H lewat Jamnya Baru Memberi Info konfirmasinya Ke pihak Hotel demi ALLAH SANGAT KACAU😡🤬😡,1,2024-11-04 08:11:53,tiketcom
e144ab7a-d610-4755-b97b-905e5a60470a,Tingkatkan lagi pelayanannya 👍👍👍,5,2024-11-03 21:08:32,tiketcom
9005760c-60b9-4abf-bbf4-87f642aee9fa,"mantap,bnyak discontnya dan promonya",5,2024-11-03 19:27:42,tiketcom
bd745e34-2e99-4c6e-8cf2-cc069d635a8d,"Kecewa banget dengan pelayanannya. Kadang cepet habis, kadang komplain tidak direspon, kadang tidak sesuai jadwal. Saran saya mending cari tempat lain daripada kalian kecewa",1,2024-11-03 18:04:26,tiketcom
68a5ee01-c9e0-4ba8-a727-88cf45f3a019,always recommended..👌👌,5,2024-11-03 17:20:35,tiketcom
0cde05e3-b0e0-477c-8213-eb0fd95e0ee5,👍👍,1,2024-11-03 15:07:49,tiketcom
25ff3015-32f4-4c48-9eb8-37c33f426750,Ok,5,2024-11-03 14:29:21,tiketcom
c0a5b885-d0a4-44ea-873b-dcd76224f4f8,ok murah meriah,5,2024-11-03 14:00:50,tiketcom
2d19bf24-b0a0-48a1-af07-3dfa69ba32d9,bagus harganya,5,2024-11-02 22:47:34,tiketcom
191cf3e8-a392-48d0-9ceb-b0ceecd64148,ok,5,2024-11-02 20:47:36,tiketcom
938b68dc-7940-49ef-abba-10a978d0dcb5,"Iklannya ganggu bgt, muak, apk apapun nongolnya iklan ini, malah bikin males make dan gaakan pernah pake apk ini untuk apapun, uninstal bye",1,2024-11-02 20:09:39,tiketcom
cb55c1d8-d02a-4a8e-8f1b-2f5798e2b218,murah,5,2024-11-02 19:17:25,tiketcom
cdf2166f-a119-4bfb-83ce-701d7f66655c,"Ngak akan pernah mau lagi pakai aplikasi ini. Di aplikasi udah pesen pas sampai hotel ternyata full. Disuruh bayar lagi sama resepsionis 3x lipat. Kacau. Ini ngerampok namanya. Gila2nya aplikasi ini. Katanya resepsionisnya pihak tiket ngk pernah komfirmasi ke pihak hotel nya. Gila, emang pas kostumer order kamar ngk di make sure ke pihak hotel apa? Ngk profesional kerja nya. Gk rekomen bgt pakai apps ini.",1,2024-11-02 17:08:33,tiketcom
86effba7-3096-4d63-9c00-bb76a31fd693,good,5,2024-11-02 11:55:19,tiketcom
5132be2b-834c-4b18-ad0b-22d1c7e87648,"Buat hubungi masalah refund susah banget, di wa tidak dibalas di aplikasi juga tidak di balas, di telf ga langsung terbung ke agen cs. Jelek banget pelayanannya",1,2024-11-02 10:20:54,tiketcom
f542bccd-3395-4e06-9474-178d946612a0,sangat membantu sekali... perjalanan menyenangkan,5,2024-11-02 10:14:05,tiketcom
28114274-daae-47b3-9606-d3f235fb0af1,"Aplikasi yg sangat membantu dan bersahabat, baru pakai udah dapat banyak fasilitas bonus dan discount, dapat paylater juga.. Aplikasi yang Sangat recommended banget dah..",5,2024-11-02 09:26:05,tiketcom
a1f253ef-3864-4eee-a1ba-476ac1ec423b,sangat membantu,5,2024-11-02 04:08:21,tiketcom
ba6c7d24-87a4-48b9-9252-24be8e536c8d,"AHODD99SAA. GADA MAKANAN GUNHA , APLIMASI SERING ERORR UANG GW HILANG 2.1 JUTA DOLLAR PLANET URANUS , MENDING TUTUP APP AGHODDPENIPUGADAKONTO",1,2024-11-01 23:15:19,tiketcom
d2edeb9e-16f2-4e14-b2b3-03659ef5cbff,Sangat membantu dengan pilihan - pilihan yang variatif.,5,2024-11-01 20:37:47,tiketcom
7b8b3523-b367-4c17-bbed-77620f570d9a,terpercaya n harga paling murah,5,2024-11-01 18:47:44,tiketcom
f802c197-08b2-4381-89f0-c12b35f3738d,Hilang koinku,1,2024-11-01 18:47:28,tiketcom
cdd507c0-37f8-417d-bf7b-ae25fb144e4f,bagus dan mudah,5,2024-11-01 14:58:44,tiketcom
e5af686e-4e13-4573-a0b9-7280184dcc82,mantap,5,2024-11-01 13:08:48,tiketcom
50e8b901-43cb-4c4f-81d9-270503cbeac9,Pesan hotel jadi lebih gampang dan aplikasinya ringan. Terimakasih,5,2024-11-01 10:02:02,tiketcom
e612a7bc-da21-438b-a98f-61615a0b7264,promo terlalu ribet,2,2024-11-01 06:31:27,tiketcom
55982c19-bb66-4b46-b538-631154f4c0b9,"Tanggal pemesanan hotel mengecohkan, sampai2 saya ga bisa refund.",1,2024-11-01 01:14:19,tiketcom
fa6117bf-f3c9-43c1-b0ae-5d9ea7b66709,Untuk sementara bintang 1. Agak ribet,1,2024-10-31 19:27:01,tiketcom
2f62135e-1724-4350-82dd-b87b0a03040a,mantap banyak tiket promo,5,2024-10-31 18:06:12,tiketcom
292911f4-32c4-4a5d-8edd-fd5623edb161,mudah dan cepat,5,2024-10-31 14:18:25,tiketcom
6eba474a-336f-4ed6-b7bc-bb9ad0175329,Muncul iklan terus,1,2024-10-31 12:34:50,tiketcom
080dcf6b-4efa-4cb7-a8e1-9a4f710dbb26,good,5,2024-10-31 08:04:55,tiketcom
d029192d-9382-4a82-b962-6a9c8db1d75c,mantap,5,2024-10-31 05:59:31,tiketcom
a504d68a-d1bd-4859-8975-cff9ebd34952,bagus,5,2024-10-30 22:43:10,tiketcom
20bd7878-f45a-41cc-8c77-fcccfbb25fe4,mantap,5,2024-10-30 17:03:37,tiketcom
3aca08e4-0404-4149-a6a9-38af3d585177,Ok,5,2024-10-30 16:38:08,tiketcom
83fabebd-607f-406b-ba26-4b9042d21da6,Hati2 saat membayar. Harga bisa berubah tiba2. Dan berubahnya sangat banyak. Penipu!!,1,2024-10-30 15:05:35,tiketcom
dc213429-c5d5-427e-8488-598f5fbcf8ad,mantap,5,2024-10-30 14:31:36,tiketcom
d72b76f7-7578-4b0b-be1e-d939c2c9ca4a,"Udh gua hapus,ttp aja masih ada iklan di layar gua,tolol²,tolong lahhh di perbaiki.",1,2024-10-30 07:46:04,tiketcom
31980b36-6c11-4c94-b2cf-f54ee90ff155,Good application,5,2024-10-30 07:21:21,tiketcom
26a7a6f2-48dd-4d24-bec6-b84bf8ef9525,Bravo,4,2024-10-30 06:59:29,tiketcom
4d8ec148-fbe3-4a71-9080-d2478ea780e1,sangat membantu pembelian tiket tidak usah mengantri,5,2024-10-30 05:30:47,tiketcom
6d89694f-cc76-465f-82fa-3d6be0c78903,GK bisa ganti nomer hp,1,2024-10-29 22:35:13,tiketcom
302acd8e-b7f9-44a3-8ecd-1083d0a9e688,selalu digunakan karena banyak poin dan promo,5,2024-10-29 14:34:13,tiketcom
660fdb34-693a-46c3-9cbf-8f339b4ada6c,Aplikasi ngeblank. Sinyal bagus karena buka apk lain bisa. Sudah clear cache bahkan restart. Tapi apk nya masih ngeblank dan stuck di menu pencarian terus.,1,2024-10-29 11:41:23,tiketcom
7079c95b-3b0d-47c9-a79b-f33ae7748ec1,ok,5,2024-10-29 06:19:17,tiketcom
b7526b25-902c-4f9b-ae5f-cd2021d2ba69,"Lebih baik gunakan aplikasi lainnya saja. Saya sudah ikuti tahapan refund yg menjadi persyaratan, tapi setelah di tunggu beberapa hari no id refund tersebut tidak terdaftar di aplikasi nya alias aplikasi nya error. Jadi saya mempertanyakan itu ke cs, saya harus mengikuti dan mengisi kembali persyaratan refund dgn jumlah pengembalian dana 20% dari harga tiketnya.",1,2024-10-28 17:14:05,tiketcom
59550c22-4d78-4cfb-b63b-9ddf87857516,"Proses refund cepat, harga hotelnya jg murah , kdg lbh murah dari sebelah",5,2024-10-28 16:27:39,tiketcom
8c3cbeb8-8dde-474e-a29a-a3c58133e088,good,4,2024-10-28 16:01:20,tiketcom
55834d39-e378-458c-95c6-582870bfaa69,Good,5,2024-10-28 14:28:41,tiketcom
df193d38-a99e-49c8-ab56-09fed3cb6b44,"saya suka aplikasi ini, harga lebih murah dan proses lebih mudah",5,2024-10-28 09:23:47,tiketcom
73e34cc1-9880-4622-8f8e-64512ef79a6a,"saya sudah tf untuk promo Dufan ko,sudah berhasil jg ,ko ga ada info nya lagi ya",1,2024-10-28 03:20:49,tiketcom
d3edfac3-e996-4fb8-a789-63dc02b78ae1,Baik,5,2024-10-28 00:21:47,tiketcom
db82da8d-3054-4636-bce2-f379ebb8d184,"bagus bgt applikasi membantu sekalii,nggk nyesel pakai ini good tetap dipertahankan jgn bikin kostumer kecewa yaa good luck",5,2024-10-27 21:02:59,tiketcom
2ddbb74b-df66-4e25-a73c-bd0ad4470d2a,Sangat kecewa dengan aplikasi ini Saya sudah pesan dari dua Minggu lalu Tiba2 sampai di penginapan ktnya sudah putus kontrak Tolong di kembalikan uang saya,1,2024-10-27 15:31:05,tiketcom
b100c2d6-d011-4188-aba5-c76f9928be6d,good,5,2024-10-26 21:47:38,tiketcom
cb59e04f-b5e3-458a-96f4-55c96d40cd47,hotelnya tidak sesuai dengan ekspektasi.. bikin emosi jiwa hotel the palace cipanas cianjur,1,2024-10-26 15:33:55,tiketcom
ece04bc4-868f-47e2-a294-14a8bf5a28c7,Bagus mantap,5,2024-10-26 14:56:01,tiketcom
1089c111-50b8-44c2-b068-89762c90c436,good,5,2024-10-26 12:42:28,tiketcom
af3f58af-e0ad-47c8-b6cf-e81796c130e2,"praktis, mudah dalam proses, pilihan beragam, promo selalu dinantikan..",5,2024-10-26 11:50:14,tiketcom
7a83ad05-5f03-4f2a-a8ea-56b88b8c6567,Kenapa tidak bisa di buka? Mental out terus,1,2024-10-26 10:58:41,tiketcom
7dd6d811-7f85-4fd0-bd4c-f23109fd1304,"Refund tiket dan pengembalian dana menyulitkan dan lama sekali diproses. Tidak direkomendasikan aplikasi ini, unistall saja mending cek apk sebelah lebih bagus pelayanannya.",1,2024-10-26 10:39:50,tiketcom
83005e23-d008-4bec-9ad4-ad8279b0692e,Bermsnfaat sekali terus tingkatkan lagi pelayanan nya terutama di bagian pembayaranya terima kasih,4,2024-10-26 10:29:14,tiketcom
e53d428b-ddec-4c0c-81c7-32d72d5622fe,mntaps,5,2024-10-26 06:54:42,tiketcom
b86420f1-2873-4f11-b6a2-fa4c02842af3,"Saya tidak merasa download atau daftar di aplikasi ini,tapi ada kode otp yang masuk, jika ada yang menyalahgunakan data saya itu di luar kendali saya",1,2024-10-26 00:37:29,tiketcom
6c3cabc7-a104-43ef-a7d6-ea24f20314d8,TIKETNEW,4,2024-10-25 21:21:37,tiketcom
29f9a2f6-f1bf-4dfc-bd19-ca7a4fcf229a,mantapppp,5,2024-10-25 21:00:14,tiketcom
464d04c7-a931-46e7-b0c8-65b9446596cc,"pilihan hotel nya banyak, hanya disc nya kurang. mantappp deh, semoga lebih bagus lagi",5,2024-10-25 20:14:34,tiketcom
752b419a-1779-4564-ad59-07c7477d9406,mantap,5,2024-10-25 19:07:02,tiketcom
f80ec259-9c6c-409e-9b7f-bc594045b3c1,bagus,5,2024-10-25 19:01:25,tiketcom
f13c562c-dd06-441e-8b66-1dac0aa9b791,"Aplikasi gak guna,abis update malah bug.pilihan searching malah mentok di bli bli trus.",1,2024-10-25 18:43:15,tiketcom
732cf6ed-4a82-49c4-bf04-4ae5d439f273,mntap,5,2024-10-25 18:38:03,tiketcom
d7884088-8252-4561-aca4-4288f59f1e37,wao.diTiket com.ada bayang.diskon dan promo.menarik.mantap... me memang terbaik.👍👍,5,2024-10-25 16:45:42,tiketcom
327c75fb-e832-40e5-b839-082be3020bb1,seneng banget dunk,5,2024-10-25 15:53:16,tiketcom
8619021b-cba0-4551-82a8-93c4b953ea4c,Kecewa sama ini apk. Tolong dong hotel yg udah putus kontrak sama ini apk atau reddorz dll mohon didata ulang. Masak ia hotel yg udah putus kontrak masih tetep di pajang mana harganya murah. Gw udah terlajur booking mau refund ribetnya minta ampun.,1,2024-10-25 11:46:50,tiketcom
1d6b9838-1d95-491c-b9a1-88dfffce144d,Sangat membantu untuk hilling,5,2024-10-25 08:25:58,tiketcom
d4b488a3-8895-4bb2-ab5a-0fbdcd665b7e,sangat memuaskan dan cepat,5,2024-10-24 20:19:16,tiketcom
1deb6b4d-56b6-49c7-b86c-9f2e1a7edcf7,Tolong hentikan iklannya,1,2024-10-24 19:40:09,tiketcom
7d4ecff5-c0c4-4c4c-9c9a-7002d5d45f88,ACl Gamestip,5,2024-10-24 18:37:37,tiketcom
0440cd07-f333-4567-9dc8-225d4cfbbae0,ok,5,2024-10-24 18:10:48,tiketcom
c7788fa8-bc63-49a4-9706-d9fe1ba24c01,mantab,5,2024-10-24 13:56:03,tiketcom
fbe38371-e80b-48ea-b6d1-b32d374f4c32,terbaik,5,2024-10-24 10:29:46,tiketcom
8082afc6-c98e-45bd-b4fe-b880b1a47c3d,good apps,5,2024-10-23 23:18:21,tiketcom
186c000f-3e3b-4ce6-87f8-e6d62496c8c3,"Harga tiket yg ditampilkan berbeda dengan ketika mau bayar,",1,2024-10-23 19:55:12,tiketcom
366cb2af-cd4b-4abd-a567-8194c1eea3d2,"Katanya promo harga gledek, tapi tiap mau dibayar harganya tiba tiba naik...penipuan",1,2024-10-23 17:15:50,tiketcom
7b267448-5605-436a-bda1-5ddf5ea27952,Oo dd Doddy oo OOO Om,4,2024-10-23 07:02:05,tiketcom
ac9423fa-bd2e-4eae-bf23-59ac8c38e20e,Membantu dalam perjalanan dan pencarian penginapan,5,2024-10-22 21:51:28,tiketcom
a4e056b4-bc43-4167-adc9-305d6fa19f56,Mudah mudahan membantu dan ngak ribet,5,2024-10-22 19:36:41,tiketcom
f7d202d5-a931-4613-bebd-93a5c4ae0deb,Ok,5,2024-10-22 17:56:32,tiketcom
e0510a0b-c5f1-4a03-aee9-a67a27be3f58,Memudahkan dalam mencari segala hal dan sangat membantu walaupun tidak pernah dapat harga promo seperti yg di iklankan tp terima kasih. Teruslah berkembang menjadi lebih baik dan perbanyak promonya,5,2024-10-22 16:56:13,tiketcom
a0dc8df6-1fb4-4fed-91d5-4a5f132270b5,tiket dot com keren,5,2024-10-22 10:58:53,tiketcom
800d6903-6c7a-492d-9b49-32eded7f9f17,"Harga murah, pelayanan bagus, dan terpercaya",5,2024-10-22 10:42:13,tiketcom
beaa1e4d-e737-4ac4-b8cc-be52fc2b34e2,Pelayanan buruk. Booking hotel jam 6 . Pihak bilang gg ada kerja sama sama aplikasi. Nomor tertera hanya membalas jawaban template dan sangat lama respon. Komunikasinya tidak bagus. Nunggu dari jam 6. Di suruh nunggu sampai jam 9 . Udah jam 9 di suruh nunggu lagi sampai jam 2. Udah kaya jam kerja disuruh nunggu 8 jam. Komunikasi yang di oper sana sini entah berapa orang dan perantara. Aplikasi ternama. Semoga bisa di perbaiki lagi manajemennya. Kasian bgt orang orang yg butuh kepentingan dadakan,1,2024-10-22 10:05:47,tiketcom
60f4f701-2641-4b7b-8ac1-6257bbf6c518,"Tolong kembalikan dana refund saya, sudah jelas pihak hotel yg salah & disni saya korban yg ditipu. Kenapa kalian mempersulit saya. Padhal sudah jelas kamar yg d berikan tidak sesuai dengan yg d aplikasi. Sudah pengaduan tapi gak ad jawaban.",1,2024-10-22 04:07:28,tiketcom
5831a561-63c6-4030-81c6-97992639271a,bagus,5,2024-10-21 17:43:56,tiketcom
e8f72496-fc45-4960-bd62-19df8d3ee92a,Buat ada email ada notifikasi paylater kalo tiap pengajuan ga pernah di ACC. . Mending ilangin paylater nya.,1,2024-10-21 15:58:38,tiketcom
89d838e9-8ee7-49af-8330-e292203cff51,sangat membantu dan saya rekomendasikan bagi yg sering perjalanan,5,2024-10-21 13:13:09,tiketcom
e56d5886-9f21-4e0a-982e-4c9bf951fa9d,Nama sudah di ganti baik di aplikasi maupun setelah pemilihan paket namun nama tetap tidak sama kocak di suru refund tidak ada tanggung jawab sama skali,1,2024-10-21 12:48:38,tiketcom
3c924c54-9e7b-4c6a-adac-5e9d5de07c3b,Kecewa uang refund saya belum dikembalikan !!!!,1,2024-10-21 08:19:55,tiketcom
cc0b378a-fa18-4561-9dd0-d63814a412da,"Saya pertama kali pakai aplikasi ini dan kebetulan ada kendala dengan penyedia jasa pihak ketiga, akhirnya saya ajukan refund dan dilayani dengan baik dan relatif cepat.",5,2024-10-21 06:07:19,tiketcom
7efc7e09-0cfe-431e-a394-76a8ce263d79,bagus,5,2024-10-21 02:45:54,tiketcom
e159641f-7fd1-49bd-8b3a-ca946a490155,"lebih murah dr yg sebelah, sayabg refundnya kurang cepet untuk yg ke rekening bank",5,2024-10-20 21:02:48,tiketcom
3a57b7b6-8503-46bb-bccd-7955509e3d20,"Aplikasi sangat buruk.cek tiket harga gk sesuai.lihat di pencqrian tanggal murah saat pilih mau pembyran malah tarifnya naik bisa semhal itu.dari 1,4jt bisa naik sampai 2,5jt.",1,2024-10-20 17:16:34,tiketcom
e126f68e-19c9-4674-9499-15d31cef393c,membantu sekali untuk memenuhi kebutuhan perjalanan kita,5,2024-10-20 14:47:38,tiketcom
981f4aa9-0840-4e45-ab04-99d1af06d5ec,Lumayan bagus tapi kurang nya Promo,4,2024-10-19 13:37:25,tiketcom
69b0fe71-1214-4d24-898b-12e09e2287a1,bagussss...,4,2024-10-19 12:22:24,tiketcom
c72322f3-2166-4cba-a44b-3966cf9fd6c6,"pilihan terbaik untuk kebutuhan liburan, perjalanan, dinas keluar kota",5,2024-10-19 11:07:56,tiketcom
370a8e54-8f1c-42d3-895e-d17e40bab340,Bintang saja yang bicara,5,2024-10-19 09:40:46,tiketcom
ae3b8101-83e1-4695-bf6a-732628756125,Jelek,1,2024-10-19 00:07:57,tiketcom
54de2db4-2e95-4505-be4c-398add224ed7,"Tukar poin dream on ternyata settingan Saran :bila ngadain ga jgn suka dipilih sendiri pemenangnya oleh pihak tim terkait yg dikatakan publik jakarta selama ini,masih kurang berpengalaman tim anda apalagi anak anak baru tamatan sekolah suda diperkerjakann di perusahaan tiketcom & blibi karna sdh byk publik kota Jakarta tidak percaya lagi dengan segala even ga tiketcom mohon sampaikan ketim biar mereka tahu apa yg dikatakan publik yg sudah byk unnistal app anda alis tak percayalah 100%",1,2024-10-18 18:48:25,tiketcom
82c40f47-4cfe-4b0e-9c87-58b5fc3ef8d7,Bagus sekali apk nya,5,2024-10-18 18:29:01,tiketcom
194ceeaf-a943-4d21-ae7e-3601d33c6303,Sangat recommended. Pesan tiket pesawat mudah dan banyak promonya👍,5,2024-10-18 18:16:14,tiketcom
54eb5dba-993d-4865-998d-e3beb410e262,sangat membantu,5,2024-10-18 16:33:04,tiketcom
9c5f545a-1fba-48df-aa72-f12a53ebc013,"Gak jelas bgt app-nya skrg. Buka menu munculnya ""Selamat datang di ekosistem blibli"", klik tombol ""Ayo mulai"" tapi gak ngerespon apa"", stuck dan diam ditempat. Aneh"" aja, bukannya makin bagus malah jadi ampas.",1,2024-10-18 13:31:45,tiketcom
8fd2af1b-b4a3-468a-9a22-0444aca53851,mudah dan tdk ribet dg embel2 biaya lain lain,5,2024-10-18 09:40:12,tiketcom
7b732c68-df85-425b-afa9-5252fa169dd3,keren,5,2024-10-17 20:28:51,tiketcom
8c1b3a02-00fc-4492-8ea6-c629cc660ac2,sangat bagus 👍the best,5,2024-10-17 17:43:40,tiketcom
4a4cd920-c903-41ac-b7c1-37b5703d0575,"udah paling bener mending TRAVELOKA, pesen udah bayar malah pesanan gagal. pas ajukan pengembalian dana malah dipotong. iklan gratis buat TRAVELOKA",1,2024-10-17 10:22:37,tiketcom
2bff732a-ef17-45a7-af4f-d7ac30efe74c,WOI BUKA TIKET MOTION IME LAGI,5,2024-10-16 19:29:55,tiketcom
994d8831-08da-4d36-ab5f-1a0e0adec2ce,Sangat ngebantu tuk cari hotel Dan pesan ticket pesawat,5,2024-10-16 15:25:16,tiketcom
dba70bd2-9ad1-4349-abaf-3eb4431501f4,Handle permasalahan sangat buruk... Tiket tidak terbit.. saya 4x telpon tp tdk ada solusi... sangat merugikan konsumen,1,2024-10-16 06:24:57,tiketcom
48650e9f-8935-4cb6-bdc5-0559c1b0dda4,Iklan ini sangat menggangu aktivitas pengtikan di wa,1,2024-10-16 05:46:29,tiketcom
f5fbe2dc-b5b1-48b7-b5b8-c0186977bc9f,"Penipuan uang tidak kembali setelah refun , data diwayat orderah hilang",1,2024-10-15 23:41:42,tiketcom
8bec76ce-ee29-4c93-8c13-1b270d866109,stelah di update apk nya tidak bisa di gunakan,1,2024-10-15 23:00:46,tiketcom
45517380-1fc5-402e-90fa-b1915ed6b6ce,berguna bangeeet. mudah pesannya banyak pilihan pembayarannya,5,2024-10-15 21:08:21,tiketcom
b109ed84-f1c1-4ab9-bded-94dd47b6061d,mantap,5,2024-10-15 19:13:02,tiketcom
a506d6a2-e15b-40f3-abe5-f807d8134dc6,"Pesan tiket dufan tgl 14 Ada recomendasi untuk sekalian pesan tiket masuk ancolnya Setelat di payment ternyata tiket ancolnya tgl 13, 1 hari sebelum nya At the and of the day, ga bsa terpakai. Call cust service sangat slow respon, saya di suruh menunggu lebih dari 15 menit tp ga ada feedback apa2. Sangat kecewa, dengan strategic nya dan tidak ada problem solving dari kendala yang saya hadapi, dmn yang apk nya merecomendasikan untuk saya sekalian co masuk ancolnya. Sangat2 kecewa!!!",1,2024-10-15 16:15:34,tiketcom
1e20244e-ab43-4f85-ba72-99d4b99a53ee,"Jadwal penerbangan dimajukan, mau protes ga responsif, sekongkol sama maskapai memang kalian ya",1,2024-10-15 15:17:48,tiketcom
9a39c3ed-cb0a-4532-ab8c-cb9d80af7e9e,good job..,5,2024-10-15 12:16:56,tiketcom
515f5a61-40b5-4a53-8c29-51dd061fdccd,mantepp,5,2024-10-14 23:38:06,tiketcom
59a64360-677c-4350-939f-b1f7c8986e59,keren KAI,5,2024-10-14 21:36:07,tiketcom
c0f55a33-cc95-4c7c-9874-13b02d7d05de,Tiket tidak terbit..padahal id pesanan sudah ada..di adukan ke cs yg jawab robot...check your order kosong.. bagaimana ini pelayanan,2,2024-10-14 14:15:43,tiketcom
474cd20c-b7b3-4f2a-932c-bdf1d687848a,sangat membantu,5,2024-10-14 07:33:25,tiketcom
c7ec9e75-88b7-4f86-9cae-94562495c124,sangat bagus,5,2024-10-14 06:30:58,tiketcom
4335a06f-4ff9-4a5f-b222-6299d950c982,Point sudah banyak gak bisa login,1,2024-10-13 17:13:10,tiketcom
05a3f1e4-1939-43fe-9666-eacaa77fcf58,ga ad diskon 80% dg indodana pay later,1,2024-10-13 14:24:49,tiketcom
4874aae9-570b-4521-a3de-d704e51568ce,"harga tiket ditampilkan di awal, voucher jg langsung bisa pilih jd gak perlu copy kode dl, vouchernya gak habis2 jd kepengem transaksi lagi 😄",4,2024-10-13 12:28:16,tiketcom
6e9263f0-9cd8-4c08-91e5-7fee82b3c1ee,Aplikasi paling buruk.. susah dikembalikan dana... Berbeda dengan aplikasi yg lain... Cukup kali ini aja,1,2024-10-13 11:40:17,tiketcom
b52bf359-b295-4c83-a317-f68f6002f0a9,"Aplikasinya tidak merespon (macet), setelah di update juga g ngaruh.",3,2024-10-13 07:14:30,tiketcom
70e4283d-a1df-425c-94c3-f4f0b1a39a1f,best,5,2024-10-12 17:16:59,tiketcom
4fbb631d-a2fb-4f5e-bea6-5b08b890f5d8,Ok,5,2024-10-12 05:42:36,tiketcom
db5c2435-f11e-46f3-a6e0-7bdcd485fbe8,crash app,1,2024-10-12 05:19:46,tiketcom
0f5512bf-2758-47e7-9a02-476f8e7077fd,bagus,5,2024-10-12 04:09:49,tiketcom
383ba682-5631-4829-bdb5-9d269817b1d9,Sungguh mudah dan terpercaya,4,2024-10-11 21:34:23,tiketcom
5b0c3bb8-2f83-4e46-bd41-d3d257d22ade,baik,4,2024-10-11 20:23:04,tiketcom
0d8a6603-188a-4fc9-8e2e-b507f3a85131,Sumpahh yaa gw psen tiket bus lwat aplikasi ini katnya VIP ehh bau apekkk aslii nyeselll bngettt,5,2024-10-11 20:09:11,tiketcom
24f97cff-234e-482d-b43e-eedbe172d43d,Tidak ada pilihan pesawat+Hotel jadi ribet untuk budgetin nya pdhal bagus ini apk sayang sekali,1,2024-10-11 16:43:03,tiketcom
5eac6969-0164-4f6d-8e63-ffdcf84601d2,Oke,5,2024-10-11 12:01:22,tiketcom
46eff2b7-b0a9-4668-958b-ec465edb7f56,"Saya kecewa dengan pelayanan aplikasi ini, pembelian tiket abang saya sudah direspon email namun tidak ada kejelasan. Telpon call center nya juga saya kebanyakan habis pulsa untuk telpon. Padahal uang sudah masuk di aplikasi namun tiket pesawat tidak ada. Tolong perbaiki dong, cari uang beli tiket itu gak mudah, gak semua orang punya finansial yang sama. Terima kasih",1,2024-10-11 10:51:52,tiketcom
33d42151-6b4d-43c1-ac83-0cb2061fbe50,pencarian tiket cepat mudah,5,2024-10-11 06:51:36,tiketcom
7e5924ce-c2bf-4b59-a42c-d753f421e3d1,"Sejak tgl 6 Oktober sampai sekarang tgl 10 Oktober beli tiket selalu gagal , CC dan paylater msh full, tapi pas pembayaran tidak berhasil dan ketika kembali ke ubah kursi, malah sudah terisi, dan selalu begitu, akhirnya pindah ke Traveloka dan lancar2 saja, tiket Dotcom minta di uninstall? Sya menghubungi cs tapi sampe skrg gda jawaban",1,2024-10-10 20:23:18,tiketcom
13d72a03-0756-4108-b7a3-7dda48799570,aplikasinya sangat membantu saya.,5,2024-10-10 17:42:49,tiketcom
23d887ad-61de-40b8-a090-2486a9cd162b,Aplikasi susah di gunakan,1,2024-10-10 16:17:28,tiketcom
63d8d22c-2d02-40aa-a673-20b9ee369a43,"Perbaiki secepatnya, saya ga bisa cek pesanan saya",3,2024-10-10 15:54:08,tiketcom
332a3395-150e-42e1-9727-376fa9e3acf3,"Kecewa banget pesan hotel padahal masih ada kamar, pas saya pesan kamar gak ada terus di suruh pesan kamar baru atau refund tapi gak bisa, padahal saya sudah hubungi pihak hotel masih ada tapi tergantung travelnya,sudah hubungi cs tapi gak ada keberlanjutan padahal sudah pake aplikasi ini dah lama jadi kecewa banget",2,2024-10-10 14:21:17,tiketcom
57533c73-dc3a-4d02-af8f-ba913f50748f,Puas sih pakai apl ini,5,2024-10-10 12:30:47,tiketcom
21078b03-d703-441c-8dce-a5821e891ec5,Sangat bagus banyak bantu buat cari tiket dadakan,5,2024-10-10 06:48:04,tiketcom
e9f40610-638d-4f5d-a082-8bf4c3f040e4,"Ko jadi aplikasi ampas,minta di perbarui,udah di perbarui malah gk bisa di bukak,,",1,2024-10-09 18:41:32,tiketcom
0b31173b-29f7-45f4-a277-e05ea9bfe8bf,"Saya suka banget sama pelayanan costumer servicenya ramah banget, waktu itu saya ngajuin reschedulle hotel yg g bisa diaplikasi saya hubungi langsung costumer servicenya dan langsung ditangani dong 😍",5,2024-10-09 15:00:21,tiketcom
de660886-7877-447b-9c89-f9fff88d82fb,Aplikasi recommended harganya paling oke,5,2024-10-09 12:16:52,tiketcom
d59be43c-d1ed-4a86-bbf5-9cf231bcaaa8,Pelayanan buruk,1,2024-10-09 09:49:10,tiketcom
b4ab9121-438f-4ce1-9814-52a281d405ce,memudahkan,5,2024-10-09 09:24:33,tiketcom
310e762b-fe36-4beb-a2b8-3f7088c96129,Harga Kompetitif,5,2024-10-09 08:03:44,tiketcom
eb77fbda-dccd-4cd0-ab16-bbed413f6285,Kenapa setelah update ga bisa dibuka sama sekali??,1,2024-10-09 07:33:34,tiketcom
c0547316-3769-49e6-8b4e-769889f897fb,"mantap, promo nya di perbanyak lagi untuk penerbangan Domestik",5,2024-10-09 00:18:44,tiketcom
291d697e-5405-4ab0-af5f-67916b663760,Ini kenapa habis upgrade tidak bisa dibuka sama skali?,1,2024-10-08 22:18:43,tiketcom
ab3c9e3d-4f11-48dc-9727-5389476975d3,Lebih Mede Harga2nya,5,2024-10-08 21:31:56,tiketcom
506770f2-916d-45bc-8066-9e8ed5683762,"Mau pesen harga hotelnya 259000 setelah pajak 313470 pajaknya ga kira"" mahalnya",1,2024-10-08 21:05:46,tiketcom
67c3fbab-5dc8-47fe-9d22-7deb3051e505,Ok,5,2024-10-08 20:18:25,tiketcom
8d2c2fbe-2ec8-4cc8-b836-29341da4c584,"Kenapa aplikasinya ga jalan ya? Cuma menampilkan ekosistem blibli, sudah berapa hari sperti ini",1,2024-10-08 17:08:22,tiketcom
e1306f44-cf90-4461-9e84-ee539b22913d,terbitin eticketnya cepat dibanding aplikasi lain. kalo asa perubahan juga dapet email. cuman harganya emang lebih mahal drpd aplikasi lain,5,2024-10-08 13:46:39,tiketcom
54ef942d-1ca4-4dcb-86e9-8016f39746de,Sangat membantu membeli tiket apapun,5,2024-10-08 13:04:36,tiketcom
10e16a0c-0832-4eef-8449-bd2452607481,Ok,5,2024-10-08 09:52:17,tiketcom
f1175810-be71-42f0-b04b-9e3736730034,Aplikasinya mantap... User friendly,5,2024-10-08 09:11:04,tiketcom
8ba1bd66-7df9-4df5-bc84-2ea789ce9258,mantap,5,2024-10-07 20:26:56,tiketcom
1d24eb96-3bf1-42eb-9d21-90d54b2c764d,"skr harganya belum termasuk pajak, baru check out ternyata lebih mahal 😥",3,2024-10-07 19:30:00,tiketcom
3ce02025-0e9a-4a11-8a44-cb37b5b0aed4,kereeeen,5,2024-10-07 18:30:28,tiketcom
35d772aa-716d-49df-87e7-623acf700dec,bagus,5,2024-10-07 09:38:36,tiketcom
f0f35eb4-498f-455c-8476-7fcf0563aaf6,terbaik,5,2024-10-06 22:58:36,tiketcom
3a77b84e-328b-4b2d-81a6-befc3de04bd9,Mantap harga bersaing,5,2024-10-06 21:51:20,tiketcom
1b03925a-4b8d-439d-b138-57f39981a5df,Setelah di update knapa apk tidak bisa dibuka ya. Lgsg ke close sendiri trus,3,2024-10-06 21:15:26,tiketcom
98dd2c31-50e7-4d87-a35b-36932e985273,"Cs whatsapp dihubungi tidak bales""!!",1,2024-10-06 20:57:28,tiketcom
d1f25b14-9644-4e87-8864-0429ace4b126,Sangat bagus,5,2024-10-06 11:50:00,tiketcom
9490dfb2-e6b1-42d1-9a6e-b2a240ffcdf7,"Aplikasi yg sangat Bermanfaat bagi orang"" yg mau Booking Tiket secara Online.. 👍👍",5,2024-10-06 10:59:12,tiketcom
f66e0241-c1a9-4fd3-be22-fbba2cfff4f6,APLIKASI PENIPU! PESAN HOTEL PAS UDAH D TRANSFER GAGAL GILIRAN TELPON CS GAK ADA YANG AKTIF. BANGST,1,2024-10-06 10:18:31,tiketcom
b3c7525b-7bec-4a4a-89dd-dafb4a66bebb,Terima kasih sudah merespon komplain saya dengan baik,5,2024-10-06 05:13:06,tiketcom
d76fc9b3-7a09-41b7-9a50-8a899b381fe3,good,4,2024-10-06 05:11:04,tiketcom
607e7ea5-25ad-4923-94ce-6e8cc7fe87be,Barusan di update kok malah ga bs login min,1,2024-10-05 21:03:42,tiketcom
db671362-cc70-448f-aebf-6364127c8e56,sangat cepat untuk refund,5,2024-10-05 14:31:24,tiketcom
c5f91408-396e-4009-84d3-194f4c1df7fa,Respon lambat,1,2024-10-05 13:30:01,tiketcom
a83c7302-61d5-414f-aa4e-6e6b0425c0f9,"Sering error, transaksi tidak jelas notifikasinya, tiba-tiba di cancel",1,2024-10-05 11:25:46,tiketcom
b8ca89d5-f1e8-42e5-81b9-1d10099828a9,Jelek. Buffering mulu. Engga jelas,1,2024-10-05 09:05:14,tiketcom
61db8339-0b57-4b4b-9271-f59b0ece2b31,sangat membantu..dan lebih banyak promo lagi.,5,2024-10-05 04:53:38,tiketcom
3b57ee3c-a7af-48a5-8724-15b30ac4a66a,"sudah saya email anda, tolong diperbaiki, nanti bintang saya update kalau sudah normal",1,2024-10-04 23:13:24,tiketcom
a4ab098a-3a2b-413f-8e9f-2d0c0e2923f2,"Aplikasi sampah, tidak ada kebijakan rescedule karena salah input tanggal. Tidak rekomendsasi ini aplikasi",5,2024-10-04 21:41:42,tiketcom
aa2700bb-0e1c-4ac1-a020-df93a71cd16d,mantap servisnya,5,2024-10-04 21:14:24,tiketcom
3d7623d0-37e2-4a77-bef0-a69b14b9432b,"Sangat kecewa dengan tiket com, setia dengan Traveloka saja. Udah jelas2 akun saya kena hack udah ditelpon cs nya bahwa yg pesen bukan saya dan itu penipuan, ttp aja diproses pembayan. Masa dri tiket com ga bisa cancel. Sangat kecewa banget. Kalo ga bisa kasih terbaik buat customer mending tutup aja dah. Masa harus bayar cicilan orang 12 bulan.",1,2024-10-04 19:57:28,tiketcom
7d5ae938-90f8-4b83-a69b-be1ebc449977,aplikasi langganan kalo trvling.,5,2024-10-04 15:23:02,tiketcom
825ee93f-7c43-4276-96e3-2346b0bfe4b6,"Apanih kok aplikasinya jd gak bisa dibuka? Di klik Ayo Mulai, gak bergerakkk tolong perbaikiii",1,2024-10-04 15:09:14,tiketcom
9beac063-157d-403e-b663-88c646e766a3,"jdi mudah mau pergi""",5,2024-10-04 12:37:29,tiketcom
61683bbc-8326-491d-a1f9-70a5d8cb7969,okee mntp,5,2024-10-04 10:05:51,tiketcom
1b201a9b-a881-4e78-9d51-ab25609e00cd,Aplikasi gak bisa dibuka,1,2024-10-03 20:47:45,tiketcom
1c0932aa-8ab9-4a9b-a9b5-e6eda31647ec,"Memudahkan untuk memesan tiket kendaraan ataupun hotel dll, recommended buat yang mau travelling atau untuk keperluan pekerjaan..",5,2024-10-03 20:37:31,tiketcom
902acd23-83b4-472f-99a4-4eeca975c69b,Ok,5,2024-10-03 20:27:09,tiketcom
4920040e-86a0-4ee6-85ec-c9bae0f1f277,God job,5,2024-10-02 22:01:59,tiketcom
006526fe-a1c8-47fb-a643-f31a8f2cd526,banyak promo,5,2024-10-02 20:42:09,tiketcom
f794bca8-7312-409b-bf90-2b5c476e6ed5,Easy to use,5,2024-10-02 14:00:34,tiketcom
43f66f5f-d9d5-446a-9cec-77f73678d82f,"baru pertama kali,Telfonan cs dari malam sampai siang habisin pulsa cuma Masalah gk bisa cek in saat di hotel padahal sdh nunjukin kode booking. Lain kali tidak usah kerja sama dengan hotel2 sampah. Uninstall,Beralih aja ke Traveloka aja pasti",1,2024-10-02 13:31:25,tiketcom
8b18e5bf-01bf-44c7-9a50-8416ab5a0070,mantap,5,2024-10-02 10:31:38,tiketcom
73aa00af-76fc-444d-b6f1-103a19ff6a3a,Mantap,5,2024-10-02 10:24:37,tiketcom
018b1a6b-d42f-4803-ab03-3e51e1b930b4,Ok,5,2024-10-02 09:42:06,tiketcom
4f1db6b9-e343-40c1-977a-a3a27250a49d,JOB,5,2024-10-01 19:04:48,tiketcom
569f5580-b7e1-485a-bd5e-971b7aa7d198,oke. cuma untuk pjsat bantuannya agak membingungkan. terlebih ada beberapa penginapan yang klpas di datangin tidak sesuai penilaian,4,2024-10-01 16:35:07,tiketcom
2cd90b00-5aab-45f5-9449-2ffb2e740ab8,bagus dan meluaskan,5,2024-10-01 15:15:15,tiketcom
a2469067-fe4d-4a41-bf1f-831e69f1d56b,Fulus,5,2024-10-01 13:51:40,tiketcom
e01a139e-4a82-446e-9f83-aaccee755f08,Mantab,5,2024-10-01 13:37:28,tiketcom
0e1df746-6a4a-424c-8a94-d664d08701da,Lengkap sekaliii,5,2024-10-01 11:34:33,tiketcom
9cc73b6e-757d-4156-991f-f20b338f51ef,2x pakai paylater .. saat masih proses pembayaran tiba2 akun paylater di tangguhkan ..padahal saya selalu bayar tepat waktu bahkan 2-3 hari sebelum waktu pembayaran... jadi males pakai aplikasi ini..cicilan paylater lunas langsung saya uninstall aja aplikasi ini..,1,2024-10-01 11:16:40,tiketcom
976b7f36-5998-4fdc-8146-bbcc5878969a,"APLIKASI BANGSATT BISA-BISANYA RE SCHEDULE GA ADA NOTIF DARI APLIKASINYA. GA BECUS KERJA ADMINNYA 👎👊 TOLOL, PESAN KARNA DISKON AJA INI GA BAKAL LAGI DAH MENDING PAKAI YG DISEBELAH AJA YANG PASTI PASTI!!!",1,2024-10-01 10:08:57,tiketcom
cc1ca5f4-4abb-415a-8334-dd6e2308dcea,mantap..,5,2024-10-01 07:36:39,tiketcom
9a15ba05-5acc-44a9-b6bd-5c4aa56d7ab5,Bagus bNgett sumpah berguna bgt se gsrcep ituuu,5,2024-10-01 02:36:48,tiketcom
242ae47a-c689-4b86-b091-90ed4bad8f9e,"Abis update, kenapa tiap buka menu rewards selalu error? Tolong di respon dong, update aplikasi bukannya makin bagus malah makin error",1,2024-10-01 00:54:21,tiketcom
096db7dd-fb40-4ea1-9b9f-aebb66a5323d,Ok keren,5,2024-09-30 21:02:33,tiketcom
6d26fb10-6125-452c-81d6-2721d58ea1a2,"Ohhh sekarang berpajak ya, ga kira2 pajak nya",2,2024-09-30 19:58:20,tiketcom
f403724a-a19e-40d1-a02f-554d30aeba3c,DI LIHAT SEKIAN BYK KOMENTAR TERNYATA APLIKASI ABAL ABAL TERPAKSA GAK JADI DOWNLOAD AH..TKS PARA KOMENTAR SEMUA ATAS INFONYA,1,2024-09-30 19:01:12,tiketcom
0f5d6a60-6742-4a12-9a87-7a3fd478d8c6,"Terjadi Error. Nama pemesan tambahan (nama lain) tidak bisa ter-input otomatis seperti biasanya, namanya selalu sesuai nama pemilik akun. Saya jadi harus Refund.",1,2024-09-30 16:11:08,tiketcom
fda2ad6c-0bee-44fe-950e-1e0a4293787a,sangat bagus,5,2024-09-30 14:32:47,tiketcom
9dc95773-7e9f-4a7f-baf9-ec834005f0ff,aplikasi yg baik,5,2024-09-30 13:44:01,tiketcom
70887b2a-5505-4082-8305-75b22b634b73,lumayan membantu,5,2024-09-30 11:57:36,tiketcom
f67f9f70-2085-4566-9c2c-4acfe8d9527b,Good job...,5,2024-09-30 09:13:14,tiketcom
077566e5-766d-4c28-adb9-fac8c90be82a,Bagus,5,2024-09-29 21:16:22,tiketcom
3f3bcac6-a04f-4277-ad63-1c026503ee9c,Bagus sih mudah,5,2024-09-29 16:58:21,tiketcom
cef38318-d6c1-4708-9fe1-89445ea70a3a,Habis update malah eror,1,2024-09-29 14:45:13,tiketcom
d8467b9d-90ca-4623-9539-dbd20871708a,Maaf saya uninstall dulu. ngelack gk bs dipakai sama sekali aplikasinya. padahal oke lhoo klo gk ngelack.,3,2024-09-29 14:12:23,tiketcom
14ef84a7-88de-410a-b2fb-f5a4a819f0ac,sangat membantu,5,2024-09-29 13:57:48,tiketcom
ec4a7814-7b91-4e08-9494-c99ce67c231a,Sangat membantu,5,2024-09-29 12:53:08,tiketcom
38348631-a33a-4d0b-aca9-14f17a8b30b8,Kenapa halaman rewardnya sering ga bisa kebuka?,4,2024-09-29 09:31:41,tiketcom
e429a9fc-6558-496d-bffc-2c2ab52c614d,Setelah up date kok ngak bisa di buka ya,1,2024-09-29 06:24:28,tiketcom
f4a6c88d-6a07-4ed1-b1b4-c6f81a139216,"Lambat prosesnya susah x mau up date tangal bulan dan tahun nya tolong lah perbaiki kalau ga niat jualan ga usa buat app ini hapus aja , merugikan sekali bagi pengguna app ini",2,2024-09-28 23:10:01,tiketcom
778b0bbd-c6b1-4d2d-bf5b-c7eb4b62b948,ngehank cok aplikaainya,1,2024-09-28 22:13:36,tiketcom
e788a191-6087-4225-a7ba-8b9fae739357,mantap,5,2024-09-28 20:35:23,tiketcom
1d483817-5298-4086-a2c0-a86ae503d2fd,"Setelah update aplikasi menjadi lag, tidak bisa di pencet.",3,2024-09-28 20:10:08,tiketcom
78a1b82d-d4aa-470b-b077-099d6f7e1727,MANTAP,5,2024-09-28 19:17:03,tiketcom
4c41e2cb-e113-4788-b0d1-f1539a3bca0d,Kecewaa,1,2024-09-28 12:07:02,tiketcom
1ad984b1-0c13-40e8-8f64-598e022319ab,good,5,2024-09-28 11:37:52,tiketcom
e332d04e-5c6d-464c-bd6b-916788b3abd9,Ini knp habis d apdate. Malah cari tiket kreta ga bisa.,1,2024-09-28 09:48:47,tiketcom
eac0d28d-8e19-4180-9215-9c11520b933b,"Parah pas tau harga tiket on the spot hotel sama order disini selisihnya jauh banget, percuma pakai aplikasi ini malah dobel lebih mahal dari harga aslinya.",1,2024-09-28 09:16:43,tiketcom
90479721-c71d-4278-802a-a232fa6ddf80,Paylater sy dinonaktifkan..padahl saya tdk ada tunggakan...heran deh,5,2024-09-28 08:42:06,tiketcom
b8f7df7a-8cc1-4e4b-bddc-8aceb01a1ab2,Bagus,5,2024-09-28 07:01:41,tiketcom
d5f2bfdb-05a6-4629-8139-636aabe589be,"Kenapa tiket yang saya pesan tidak bisa di buka e tiket nya ya?. Saya tau ada gangguan tapi untuk perjalanan saya sebentar lagi ,saya tidak mungkin harus membeli tiket lagi. Tolong pihak developer segera selesaikan perbaikan ini.",5,2024-09-28 06:53:51,tiketcom
77f3cd02-cc4a-4dfa-b03a-64f2398cde3b,nice,5,2024-09-27 18:53:50,tiketcom
00287a4a-0a85-41b1-be27-a1d09dccf8b2,Luar biasa,5,2024-09-27 18:24:14,tiketcom
778daf3c-1a32-4af0-b194-fcdba8d55677,banyak bug . mau beli tiket pake kredivo kadang biasa kadang engga,2,2024-09-27 16:25:27,tiketcom
c78fe0d7-438b-44c6-8ed1-95175ddf5134,"Nggak perlu ribet cukup mainkan tombol jari Anda, nggak perlu antre is the best",5,2024-09-27 15:39:47,tiketcom
e08a79c0-8009-4035-999b-7a37501335cb,mantap,5,2024-09-27 11:40:05,tiketcom
7c38561a-3e9b-4221-86b0-34748d530147,Sangat membantu sekali,5,2024-09-27 11:39:21,tiketcom
db8f8fd9-eb1a-4719-b3f7-5201eace85f2,Apk busuk di upgrade malah gabisa di buka,1,2024-09-27 11:37:19,tiketcom
10b0c054-5b71-42e1-b88a-b99ba4f7b986,"Bagus, mantap...seimbang",5,2024-09-27 01:55:14,tiketcom
a5ec3ae2-b48a-4d54-a1f8-0eb4395ce052,ayo dooong untuk promo cashback poin saat booking hotel di adain lagi..,3,2024-09-26 15:51:56,tiketcom
102cf7d6-5a0b-44fb-b0b3-1f6beb332bb9,Bagus,5,2024-09-25 13:35:17,tiketcom
8f3a74a9-89b3-4381-98a6-85fd47e620b0,Baguuuuus....puaaaaas....triiims,5,2024-09-25 06:09:07,tiketcom
3b04b34d-fa5a-4e44-af56-3aa40ee536a9,Setelah di update kenapa aplikasi ga bisa di gunakan ya? Kaya nge-lag aja gitu . Tapi bkn krn hp nya yg nge-lag emang apk nya yg kaya down gitu.,2,2024-09-24 21:54:33,tiketcom
7eab3db6-2784-4b61-940d-ab6ee9b82cdc,Kurang solutif dalam melayani costumer yg sudah dirugikan maskapau,1,2024-09-24 21:22:11,tiketcom
6b8fec4d-8ae5-41a7-b2cb-5f90a2bfa63a,terbaik,5,2024-09-24 19:56:41,tiketcom
68a3fd81-4d25-41e3-a3b3-578b2cb688b7,Omg,5,2024-09-24 16:05:15,tiketcom
a41124f7-c35d-4dc6-841b-c4e07b0bed0c,"Alhamdulillah, sangat membantu saya selama traveling..",5,2024-09-24 15:02:05,tiketcom
37782100-3ec1-4f08-8f92-3dc7394f8f7f,ulasan...,5,2024-09-24 10:21:43,tiketcom
621cd2a5-9bbe-432f-8963-c3dacb4d7fe4,keren,5,2024-09-24 08:23:38,tiketcom
a5e8f9f7-dc26-4af5-9cd3-057923feafac,sangat mempermudah dunia perhealingan..😁,5,2024-09-24 08:20:46,tiketcom
58f89f0b-4f0a-4596-a2a2-b771d8ca8635,"Harga nya sangat terjangkau dan banyak promo diskon sangat bermanfaat bagia kami yg Selalu berpergian, semoga Amanah sesama manusia",5,2024-09-24 06:31:43,tiketcom
ebd81109-1c5b-4b0e-8985-f9228555a102,semoga semakin banyak promo nya,5,2024-09-23 17:34:14,tiketcom
722ba9be-567e-4a60-b160-160bf100cecb,Suka nge hang gini sih,5,2024-09-23 11:04:40,tiketcom
c1c76dd7-8f89-4d53-bcce-45f691ffe0ee,good,5,2024-09-23 08:58:10,tiketcom
75da030b-e35f-4c0f-872e-7d3ac08346e4,Knp setelah di upgrade aplikasinya tidak bisa d buka hp Jadi eror,4,2024-09-23 05:46:58,tiketcom
d706f445-c9a1-4863-8581-ba3583df949c,APLIKASI PARAH BISA KLAIM REFUND DILUAR APLIKASI FRAUD... REFUND KE NO REK TAK JELAS,1,2024-09-23 05:13:28,tiketcom
a856b2ef-44ed-499d-9b02-c2a492eab0a9,sangat membantu,5,2024-09-23 05:06:34,tiketcom
227b93c7-8c14-41c0-aca7-92f799a1fd42,"Sangat buruk,kapok pake aplikasi ini",1,2024-09-22 23:02:33,tiketcom
87b5b534-f55d-4d33-a6cc-ec001680722b,goodapp,5,2024-09-22 19:26:30,tiketcom
a0cb6ad9-5541-41bd-88e4-6dcdd225d0ad,Tiket kereta murah meriah,5,2024-09-22 14:13:09,tiketcom
7beebff5-c0af-4110-9b18-a19332de60d4,"kok e tiket nya di apk gabisa di buka, udah berhari hari error. gimana iniii????",2,2024-09-22 05:03:25,tiketcom
6945216a-cfb8-4752-9e77-deb4002eabdd,"Menuh2 in email, di nonaktifkan gak bisa",1,2024-09-21 22:18:27,tiketcom
c79fcd37-f7f4-480e-8e92-fb5d534830dc,"Level ku tiger gold, apakah bisa mengajukan paylater ?",5,2024-09-21 21:01:20,tiketcom
a36fb0e2-5086-45c0-a052-ced60df9c297,sangat membantu,5,2024-09-21 19:25:41,tiketcom
1445a857-142a-4f6e-9bab-0c5e98ebd0b4,mantab byk promonya. poin nya pun banyak bisa buat diskonan,5,2024-09-21 10:21:49,tiketcom
434e84ad-ddb8-4b56-bde3-73334a5d4b1d,baguuusse,5,2024-09-21 06:14:44,tiketcom
5cad3dc4-dc35-41a2-8d52-34b34ef720c5,"harap di update lagi, agar dapat promo",5,2024-09-21 05:08:33,tiketcom
e758e8e1-6da4-4f93-ae5a-4c8a54111d7a,mantap,5,2024-09-20 21:50:23,tiketcom
195816cf-5fb9-446f-86fb-7a4494a6e548,Kenapa setelah di upgrade aplikasinya jadi nge leck ya Ngak bisa disentuh apa apa Saya kira hp saya yang eror ternyata aplikasi nya ngak ngak bisa digunakan Apakah sedang ada perbaikan ?,5,2024-09-20 20:20:45,tiketcom
d87da60b-a909-4dd0-8e1b-6c072f6660b8,Setelah diperbaharui kenapa ndak bisa terbuka ya,5,2024-09-20 03:25:23,tiketcom
4a708166-42a1-4f5e-8020-79d5a0277b05,ok,5,2024-09-19 21:28:05,tiketcom
f6961e84-2289-42a8-80ca-555c5205cb00,customer care komunikatif dan jelas memandu pengajuan refund dan proses refund sangat mudah melalui aplikasi,5,2024-09-19 16:41:15,tiketcom
bf06d9cc-2079-4b74-a352-24d42f1dce7c,lumayan,5,2024-09-19 12:31:56,tiketcom
1c1a97ee-3476-402f-b5e7-9f4ce9e31e19,Pelayanan ok,5,2024-09-19 11:00:02,tiketcom
2da279b3-ee86-4e14-8d6f-b725fcc2e902,"sehabis update kok malah stuck appnya, android 11",5,2024-09-19 08:29:44,tiketcom
a4c44302-b4f8-4aa7-87ea-ef351bd65358,"mudah, bnyk diskon",5,2024-09-18 16:27:22,tiketcom
7b16aca9-41b2-42d0-9fae-dac0ec55444f,"Aplikasi error , pesan udah bayar tiba2 ga terproses. mau refund aplikasi nya error, mau pesan lagi ga bisa juga.",1,2024-09-18 14:06:59,tiketcom
d3f8e739-986f-4e14-b3d5-16565707e9a1,Bagus,5,2024-09-18 13:29:52,tiketcom
4bea3c00-b3f7-4679-9597-a3055a2a7c90,Apk yg sangat membantu dalam booking tiket pesawat,5,2024-09-17 19:31:40,tiketcom
469abecd-661e-4e0e-a034-f78918e8b395,"Kesalahan pada penampilan gambar ketika order yg ternyata aktual tidak sesuai dengan foto yang di tawarkan dan setelah komplain, foto baru di update. Dan saya tidak jadi menginap karena tidak sesuai, namun proses refund sangat sulit. Dari pihak vila juga tidak ada cooperative coba di hubungi via fitur chat pada aplikasi namun tidak ada jawaban sampai hari H. Beda dengan traveloka yg selalu mengutamakan customer. Aplikasi dan vila tidak berarti tanpa customer. TANPA EMAIL KONFIRMASI CASE DI CLOSE",1,2024-09-17 13:56:43,tiketcom
9b6b154b-576a-4976-bd05-214a6f072fce,"Pelanggan sudah tertipu. Malah aplikasi tidak membantu. Pasalnya, tersedia villa. Setelah dilakukan pembayaran dan sesampainya disana info villa sudah full. Sy hub customer care sangat sangat slowrespon dan tdk ada feedback sama sekali hingga akhirnya saya merelakan uang yg telah terbayarkan. Puji Tuhan, hari ini selang 3 hr. pihak customer akhirnya menghubungi dan mengkonfirmasi sehingga sy dpt refund. Terimakasih.",3,2024-09-17 13:28:02,tiketcom
9ebdcd42-2905-4862-8538-0eef2293111a,Keren,5,2024-09-17 13:12:15,tiketcom
506a439a-f258-47de-8c9c-dc0d4375292b,"Saya update per hari ini, malah ngelag ga bisa di klik sama sekali, tolong perbaiki, kalo ga yah terpaksa ke aplikasi sebelah.",1,2024-09-17 09:35:59,tiketcom
3ca34ec9-f05c-4d40-badb-f6eba850b395,nice,5,2024-09-17 09:01:03,tiketcom
68b1b4dd-b28f-4404-8195-f87f2edced3d,"Tidak bisa refund atau reschedule, aplikasi payah !!! Mau kuhapus aja aplikasi ini👎👎👎",1,2024-09-17 03:52:15,tiketcom
0cc610d6-0dfb-4d56-ab4e-65b1aa4cf299,"Sblmnya pake lancar2 aja, malam ini buka mo buat cek in online tiket yg sdh terbeli minta update aplikasi, begitu diupdate setiap aplikasi dibuka ilang, semacam auto log out. Bukannya tambah baik malah tambah ga karuan",1,2024-09-17 00:28:15,tiketcom
5876584c-6fe6-4d34-94c4-0a5a49f66a89,Harusnya hilangkan input paspor kalo penerbangan domestik...,1,2024-09-16 16:46:05,tiketcom
91fc40c2-1f1f-4974-8c98-b518348cb71d,"Hotel cukup bersih, makanan bervariasi dan cukup enak overal all sangat recomended buat liburan keluarga",5,2024-09-16 14:12:50,tiketcom
719a89b7-a17b-4765-810e-1ba8f6ebb15f,"Aplikasi yang sangat membantu, mudah dan bermanfaat",5,2024-09-16 10:37:16,tiketcom
38f60fe8-cd02-4c52-b855-0b639edd412e,"Dipenjelasan bisa reschedule diperiksa tidak ada, mencoba menghubungi cs malah bot yang jawab, mohon bantuannya min",1,2024-09-16 10:36:08,tiketcom
ea6e8a12-320f-4040-93b8-9ff41a858a6c,"payah, minta ulang resecdhule sangat sulit, promosi aman klaim refund dan rescedule hanya klik bait. penindakan yang lama",1,2024-09-16 07:27:18,tiketcom
c14ee430-c1c7-40e4-bab6-b10a1a309239,"ini kok harus masukin data pasport kan ke dalam negeri doank, gak jelas ini apliaksi",3,2024-09-15 20:39:29,tiketcom
7895a846-6c62-4690-a8a8-8b92e6d7c105,Sudah booking 2x tetapi dibatalkan terus,1,2024-09-15 13:09:33,tiketcom
efb06fac-bf3e-4064-8e1c-e5ab4b4a10cd,oke,5,2024-09-15 13:01:08,tiketcom
40b496a9-78df-468b-9bd6-9000b3ea197c,"setelah diupdate, apk down tidak bisa dibuka:((",3,2024-09-15 12:30:25,tiketcom
e30c4127-cd14-4526-81aa-6136d77a43f8,Beri kami promo lebih dari yg lain..,5,2024-09-15 11:33:54,tiketcom
7c3188b6-3e17-4771-8c1d-4205c03d8318,"Reservasi apartemen mahal"" malah kenak tipu mau di refund gak bisa developer ya di hubungi udah gak kerja lagi cs ya di hubungi gak di respon .kau makan itu duet ku lapet",1,2024-09-14 21:34:56,tiketcom
e0618fd3-b324-4138-acb3-5e4c9bb4b69a,"Abis update yg versi gabungan masuk aplikasi aja jadi susah,stack di logo",4,2024-09-14 18:45:32,tiketcom
40bc1a3d-96e6-43ff-9077-abd9c6004e56,Good,5,2024-09-14 16:47:43,tiketcom
101332f6-4984-4be2-aa3a-605eaa86394e,Terima Kasih masalah saya terselesaikan!!!!,5,2024-09-13 21:01:09,tiketcom
9dd00090-2f2b-44ad-a9ad-bd151c81df1a,"Pelayanan CS buruk, hanya bisa menjawab dengan balasan template. Ketika merasa customer sudah tidak terkontrol walaupun masalah belum selesai, pengaduan langsung ditutup sepihak",1,2024-09-13 18:35:46,tiketcom
aec8e9cc-ccea-40fd-81c0-238c7d4a24b0,Saya tidak bisa login,1,2024-09-13 16:19:44,tiketcom
6eace472-e2c9-421b-947b-5ea8ddf13093,cepat dan terpercaya,5,2024-09-13 16:08:04,tiketcom
ed931f1d-7de8-434a-adf4-c8f74784614e,"Aman kak, tadi aplikasinya sudah di install ulang, kendalanya tadi setelah di update. Setelah di uninstall dan install ulang, semuanya sudah kembali seperti semula 👍",4,2024-09-13 15:14:14,tiketcom
58f869f9-849f-4a3f-87a8-08f024378cac,Keren,5,2024-09-13 09:15:21,tiketcom
813350a8-18a9-45e3-944e-680e1a556417,Diminta perbarui malah gabisa di buka 🫥,1,2024-09-13 08:48:12,tiketcom
2f9137f9-ea5f-4386-8d54-dbb7f4279bdd,Cs nya sigap kalau ada laporan. Terimakasih aplikasi ini sangat bermanfaat bagi saya,5,2024-09-13 05:03:21,tiketcom
08209f1b-eabd-4970-8bcf-d97794ad0617,habis update gabisa masuk home screen,1,2024-09-12 23:09:00,tiketcom
2cf0641d-d261-4db8-a034-12c30545740a,Habis update malah ruwet.... 🫣,1,2024-09-12 21:37:09,tiketcom
16e37cf5-8772-4bd8-866f-a7bd6888d333,Keren sih ini aplikasi yg mudah untuk pesan hotel dan tiket pesawat ada masalah apa aja cepat ditanganin...komplain apa aja cepat di bantu prosesnya ....,5,2024-09-12 14:57:25,tiketcom
97b2cfbb-51d0-4d01-aa1e-09130c4bec19,"Bohong bohong ini....dalam hitungan kurang dari 5 menit berubah drastis harga , capek deh ....berubah nya selisih 400-500ribu pula",1,2024-09-12 06:37:06,tiketcom
b1c9c28a-4141-4f92-9f78-735ac1253091,aplikasi yg keren dan tdk lemot,5,2024-09-11 21:43:45,tiketcom
fb3bfa93-d7a9-4ffc-85b1-264f2d54bb6f,ok,5,2024-09-11 18:16:58,tiketcom
66c00f7a-bec5-4994-a066-90967a16cd13,Oky bngt,5,2024-09-11 16:04:42,tiketcom
57487495-7d2e-4cc2-b225-9d327f5cdc5d,proses cepat,5,2024-09-11 08:32:09,tiketcom
f5e2941c-c759-4965-b9f3-c7ff85d53dba,Kok bisa donlot tiket dot com malah ditawarin pake BLIBLI lagi. Agak lain apk kalian wee..yg kudonlot cm 1 kenapa kalian saranin apk yg gk kubutuhkan. Apk dodol,1,2024-09-10 22:51:04,tiketcom
39b380cb-a354-453b-87ac-20587f9ad42b,"cepat , mudah , praktis , jujur & pasti",5,2024-09-10 21:57:11,tiketcom
b7c3812e-695f-43ea-a34b-99e51ada326d,cepat dan terpercaya,5,2024-09-10 18:47:20,tiketcom
e68760e8-cb55-45d9-9f59-d4b0a1408271,"Cash back nya banyak, juga up to date",5,2024-09-10 18:29:11,tiketcom
d858f20b-7672-4856-9691-5eff7d500847,mangtawp,5,2024-09-10 17:54:54,tiketcom
3bb79c4d-5f8f-4722-bfdb-a4623201984f,aku selalu pake tiket. com👍👍👍,5,2024-09-10 15:54:46,tiketcom
00bef554-8d5d-4a64-9f4e-a177e5a446f7,"Terima kasih sudah di respon dengan baik, walaupun harus mencari"" kemana kita harus komplain dan minta refund. Mudahan kedepan lebih baik lebih di permudah baik dari pelayanan dan ketika ada kekurangan bisa tepat tanpa harus lewat chat bot. Saya naikan bintangnya thanks for support",4,2024-09-10 10:44:39,tiketcom
a520f617-1057-479e-ab96-13aa1dcd11b9,"Bagus, yg jelas lebih murah dari sebelah",5,2024-09-09 17:29:53,tiketcom
38f2bbc0-0e4b-40fa-ae9a-4b3b79db978e,bagus,5,2024-09-09 09:12:16,tiketcom
dd5445aa-a86e-4b65-a02f-0b94ad415f52,mantap,5,2024-09-09 09:07:45,tiketcom
84627c74-92c8-4a2d-bcbe-a032adac3899,Lenovo K5 Note,5,2024-09-09 05:04:58,tiketcom
4a2ad95a-8bf8-467c-bf02-92a178cea4f1,Kalau butuh mobil travel dor to dor do jemput ke rumah di antar sampai tujuan Install saja aplikasi TRAVEL KU mobil nya bagus²,5,2024-09-09 04:31:19,tiketcom
d349d747-7bd0-4606-860b-5798ae6d8768,Habis diperbarui kok malah gk bisa dibuka,1,2024-09-08 23:15:13,tiketcom
08e04177-2016-4105-baeb-9eb40c89e654,"Apk sampah, banyak bug nya gila sih... masa mau pesen tiket kereta gak bisa, mau ngetik stasiun tujuan gak mau sama sekali, pdhal jaringan internet bagus. Langsung uninstal iuhhhhh",1,2024-09-08 22:06:38,tiketcom
40e184fb-5224-4b87-bda0-0599effb9eab,Saya buka aplikasi kok gak bs ya?,1,2024-09-08 21:09:52,tiketcom
1bc1c5b9-8196-4083-a000-95a05fef4353,ok banget,5,2024-09-08 10:53:05,tiketcom
ff48f4ed-d09d-42f5-87c9-7d7e7904a830,lebih murah dibanding toko lain,5,2024-09-07 23:24:55,tiketcom
6e1a9545-19d7-409d-8667-99e7be9e54b4,"Minta tolong dibantu. App tidak bisa dibuka ket nya. ""selamat datang di ekosistem blibi tiket""",2,2024-09-07 21:51:25,tiketcom
2bfc7c55-4ce0-4bd5-b377-6cb1e0b93fb2,Baru d update kok malah ga bisa ke buka? Di klik ga mau.,1,2024-09-07 18:04:03,tiketcom
86965d29-4691-4a37-a6f5-7f6073f94e0a,"Limit paylater tiba2 nonaktif, bayar tidak pernah terlambat bahkan selalu lebih awal.",1,2024-09-07 15:00:41,tiketcom
2436584e-a6fb-47fb-b100-1931b6212069,Mantap,5,2024-09-07 11:04:38,tiketcom
1f95455a-e19a-482e-8de9-0ff9599a43e3,"tolong perbanyak voucher diskon, bukan voucher cashback",5,2024-09-07 10:57:10,tiketcom
150be35a-340c-4072-9801-eeffab02d75a,sangat membantu,5,2024-09-06 22:42:45,tiketcom
7ab91eb2-ffc8-4ee2-b3cb-4316d74410f5,"Aplikasi gajelas, bukti pembayaran sudah dikirimkan di email, tpi status pemesanan Gagal!",1,2024-09-06 21:42:20,tiketcom
002bb0b4-9640-4a95-919d-bc6266d5cab2,Aplikasi lambat respon,1,2024-09-06 15:33:28,tiketcom
8f3ff5a2-a908-4150-885d-c3c36b18ed43,Nice...,5,2024-09-06 10:05:50,tiketcom
74ece02c-8a1d-4cf5-8476-fe6e48f3eb9a,Ok,5,2024-09-06 08:21:09,tiketcom
4912e78a-1346-4945-b360-d882f800bcfd,"Konyol salah nulis jam di event tinju, acara malam ditulis pagi",1,2024-09-06 08:02:50,tiketcom
0a6a287d-69d4-461b-ab07-b6fb56e3a4ad,"tadi ya saya sangat suka aplikasi ini, tetapi makin kesini sangat susah untuk dibuka akhirnya saya uninstall deh",2,2024-09-05 20:11:44,tiketcom
07fc69f4-81e2-4117-890c-2967c78c933c,mantap saya pengguna lama 🫶,5,2024-09-05 17:38:55,tiketcom
ba9870d6-4d20-4844-8f20-b8a5dc436549,ok,5,2024-09-05 16:39:36,tiketcom
29527167-2e08-4fe3-abb2-472493ed6eb9,InsyaAllah bagus,5,2024-09-05 15:42:52,tiketcom
28afca13-4619-4b8f-82bb-4b8a3bf3cdbf,"Bagusssss, Sangat Baguss",5,2024-09-05 09:21:49,tiketcom
36a9e09f-e47f-40cb-b194-2b6dc8552419,Nice,5,2024-09-05 04:49:02,tiketcom
810638d6-15a1-4b07-9b70-183670de6596,Bagus banget nih aplikasi terjamin ok dan tiket nya pada murah murah jangan lupa untuk download,5,2024-09-04 18:01:11,tiketcom
fce3c15d-f71c-406d-b272-365dd91508a9,2 minggu yg lalu saya pesen tiket penyebrangan via apk ini. Saya ikutin smua prosesnya sampe setelah saya lakukan pembayaran e-tiket gak dikirim saya tungguin sampe 1 jam bulak balik buka email dan gak dikirim2. Sampe besok dan sampe saat ini gak jelas. saya merasa sangat dirugikan. Udah kontak cs dll tp gak ada kejelasan gimana ceritanya. Kecewa sih.,1,2024-09-04 16:53:51,tiketcom
b2cb0332-509c-407d-8f9b-cdc26838ba0a,Jelek pelayanan dan buruk gaya diang melayani konsumen tp gak jelas,1,2024-09-04 15:03:29,tiketcom
3e5c2ba0-cd9a-4e4f-9d52-b46f59c5cfa4,sangat membantu dan dengan harga tiket yg sangat murah.,5,2024-09-04 14:54:27,tiketcom
d0676775-085f-4cc3-a45d-d0219cdf9560,Tidak memuaskan Padahal saya udah konfir untuk refund malah ga bisa refund,1,2024-09-04 11:58:34,tiketcom
621857e9-c386-4507-9035-16c34f514bcf,Harga hotel yang tertera di awal tidak sesuai dengan harga hotel pada saat akan melakukan pembayaran,1,2024-09-04 07:27:00,tiketcom
da49403f-031e-4890-89d5-7af7fb2006c5,mantapkan lagi,5,2024-09-04 06:32:44,tiketcom
f227e5c2-2931-4a1c-abeb-1ea8a232d33c,"Gak amanah,gak tanggung jawab,cuci tangan dan terkesan ada kebohongan publik",1,2024-09-04 04:01:30,tiketcom
62a7db68-a6b1-432c-b911-818d669735d5,sangat membantu untuk perjalanan udara dan penginapan kota seluruh Indonesia,5,2024-09-03 22:56:54,tiketcom
e3710321-d424-4e76-a112-cd79174aa877,Uedannnn.... Isinya copas permintaan maaf,1,2024-09-03 22:25:43,tiketcom
3ad65992-425e-44fd-858d-78be7ccd8493,"cs nya Mantapp sekali, pengaduan langsung di tindak lanjuti semoga kedepannya tidak ada kejadian yang serupa:)",5,2024-09-03 18:05:06,tiketcom
2ec13781-2b6b-40c5-b379-e72ce3e5df60,Sangat Memuaskan.,5,2024-09-03 13:03:41,tiketcom
3e4b8ba0-eb56-4db5-9a90-baa48f4a5a12,Masa reshedule aja ngak bisa. Aneh ini aplikasinya. Pokoknya ini aplikasi nya sangat ngak rekomendasi. Katany di tolak pihak hotel padahal pihak hotel bilang tidak ada informasi masuk dri pihak aplikasi.,1,2024-09-03 11:20:20,tiketcom
814ccbd5-114b-4057-9dc2-061bcbc0c459,Easy to use,5,2024-09-03 09:11:15,tiketcom
47d9545c-0fae-464f-beb1-2da80fd8d9cb,Ngus,3,2024-09-03 04:08:16,tiketcom
98d58f20-6892-4580-a613-e32e9609dfba,bad,1,2024-09-02 22:29:06,tiketcom
08ab4899-e10c-461d-bd70-92cc29365a5d,sering disconect,2,2024-09-02 20:54:08,tiketcom
ae6666f7-04a0-4b0f-a1e1-6686278d2f64,top,5,2024-09-02 19:38:13,tiketcom
35d6f5e5-ead5-482b-8dd7-c65388111845,"saya tarik bintang 1 saya untuk masalah reschedulle. tidak mesti reschedulle saya diterima, sudah ditelpon oleh pihak tiket. com dan dikasi kejelasan sudah sangat membuat saya puas, terimakasih tiket. com untuk kepeduliannya",5,2024-09-02 18:07:17,tiketcom
a2800da0-5177-4a9e-a98e-29f0ae5bcce9,Setelah di update malah apk tidak bisa d buka,1,2024-09-02 12:41:18,tiketcom
41370a0b-dba0-422c-a834-6e4f7c1d2994,Tabarakallah,5,2024-09-02 09:06:51,tiketcom
4e378d78-5afc-432a-abdf-96f9594c8f6c,Harga hotelnya lumayan murah dari aplikasi lain.. dan banyak diskonnya..,5,2024-09-02 06:06:05,tiketcom
89bc3d26-0097-4458-a0a4-03355cfbde4d,recomend,5,2024-09-02 03:55:41,tiketcom
7669afa1-a17f-475f-88ee-c0922645639f,easy to use.. good looking,5,2024-09-01 23:31:05,tiketcom
cac1a3c1-cf91-4271-b0d3-c8cb04077ab4,pelayanan makin parah mau reschedule tiket jawaban nya ada gangguan mulu,1,2024-09-01 23:21:09,tiketcom
19e2e817-1647-406b-9ea0-7e2ad5acb992,Alhamdulillah,5,2024-09-01 21:48:24,tiketcom
47fde1ab-e5cd-4fe8-93d2-b41545e62751,oke,5,2024-09-01 10:35:33,tiketcom
908d9699-5dcc-4853-b169-a14662d00661,"ga bisa diakses, macet di blibli",1,2024-08-31 22:39:23,tiketcom
b02aabf5-e421-46b3-8c1d-bf4358dd5b29,"Tidak bisa refund dan reschedule, sangat sulit jadi berhati hati dalam pengisian form",1,2024-08-31 22:24:10,tiketcom
8b514feb-f4ed-4333-afbe-49ae568abd11,ok,5,2024-08-31 17:20:00,tiketcom
fe030272-a94f-4d16-ae9b-a14068df079a,promonya mbantu pas keadaan duit menipis,5,2024-08-31 13:57:09,tiketcom
dc79b633-1ff3-4091-9a81-73d662418deb,sangat bermanfaat,5,2024-08-31 10:32:09,tiketcom
65de9e24-7bfd-4f29-9e4c-41917b092aa5,Good App,5,2024-08-31 10:30:12,tiketcom
12903e79-c407-454a-9b78-992a76fa9cb4,"aplikasi pembohong, laporan beberapa kali jawaban nya hanya tunggu dan maaf. bintang 1",1,2024-08-31 08:11:41,tiketcom
7ecef855-aee9-43b9-927f-199e417cfd37,promo sudah banyak yang berkurang dan kebanyakan promo bersyarat/related bank/ kartu kredit/ payment,1,2024-08-31 05:12:37,tiketcom
c81a7dad-6905-4851-9945-19ea4144b007,"Gak jelas.. pesan tiket pesawat 2 orang penumpang pada tangal 27 agustus tapi pada hari H, mau cek in malah gak bisa... keterngan nya valid. Tidak ada keterngan bawha saya oder.. Padahal uang dah terpotong. Menyesal... rugi 2 juta padahal itu uang satu2 nya...",1,2024-08-31 02:24:58,tiketcom
fc5555b3-d63b-44be-b786-5a2a2d912ff2,Aplikasi gak jelass ini...... Jual voucher hotel fiktif. Alias hantu........ Dasar aplikasi gak jelas,1,2024-08-31 00:35:55,tiketcom
c478447d-de12-4806-8e6f-71fc220cb5a0,"Tolong berkordinasi lagi dengan Pihak Hotel, kemarin saya disuruh nambah uang untuk kamar hotel. Jangan menipu konsumen dengan harga promo baru sampai di hotel ada tambahan untuk kamar klau tidak dimau disuruh refund.",1,2024-08-30 09:12:07,tiketcom
0741904c-4129-4e91-ade4-adcb4923cbd4,HUAAA BAGUS BAGET KOOPERATIF BUAT TIM KARENA MAU MENANGANI MASALAH RESCEDULE DAN PIHAK HOTEL JUGA MAU BEKERJASAMA,5,2024-08-30 08:33:03,tiketcom
317f0bc1-92ed-4a1c-8270-c234ef579ea6,Pihak Tiket tidak dapat memberi jalan tengah terhadap transaksi dengan layanan yang tidak digunakan,1,2024-08-30 00:43:22,tiketcom
afe5f7a4-bfab-46ba-9bf7-66f3fca98d92,"Edak pernah dapat tiket promo, padahal keman2 pasti pake tiket. Com",1,2024-08-29 19:49:13,tiketcom
2194d680-e74a-482f-a0b5-d80a1ddc3690,mantap,5,2024-08-29 17:24:41,tiketcom
d70bf5d8-4f77-4d60-8034-7ddb7f79368e,Rekomended,5,2024-08-29 09:33:13,tiketcom
243eee05-5e95-48de-a3c7-8a780175931a,Terima kasih udah dibantu. Jadi tenang🙏,5,2024-08-28 17:14:26,tiketcom
f7164584-4923-45d4-8444-435720bdf90c,good,4,2024-08-28 12:17:42,tiketcom
8bc7e755-87bc-4f2e-9d69-73ef19ae8a3b,tolong tiket domestik lebih banyak harga murah lagi 😁👍,5,2024-08-28 11:20:28,tiketcom
a13a303c-273c-4b72-8096-24872bfbcd7c,"Login di smartphone baru karena hp yg lama dah rusak. Ehh pas cek tiketpaylaternya malah disuruh selfie tp gagal mulu pd hal dah sesuai instruksi, emg makin aneh ni aplikasi. Gmn gue mo bayar tagihanya kalau verifikasi dibuat gagal mulu! Bikin emosii tingkat tinggi!",1,2024-08-28 05:53:18,tiketcom
e5c68caf-13a9-4236-974e-fbf3acb9ed47,"Ini kenapa pas pilih bayar via blibli tiket paylater aplikasi selalu crash ya, parah amat",5,2024-08-28 01:06:28,tiketcom
7c50f42c-2078-4fce-b850-649acc975fa3,mantap,5,2024-08-27 23:35:05,tiketcom
3b231dca-5a8b-49e9-9e56-c898241d348e,Salam ya Salam sehat selalu amin ini dengan saepudin wildiansyah Yudhoyono swy,5,2024-08-27 21:42:04,tiketcom
6f086c10-3464-4918-834b-3eed555c9f19,sangat membantu,5,2024-08-27 12:17:17,tiketcom
5a2bd01c-e7d6-44e2-8b31-df7c170a76e8,ok,5,2024-08-27 07:58:56,tiketcom
71c5b292-f91d-4797-b0f6-9a5f71ddf2b5,keren,5,2024-08-27 03:12:44,tiketcom
bcadb077-7c65-482c-a96e-38ca64d514a6,"Parah refund ga di balikin dana nya hati"" apk tidak amanah.",1,2024-08-26 20:07:07,tiketcom
dcbf7985-d442-4609-a6c6-7c039c8dad39,"ini gimana dah, belum melakukan transaksi apapun, promonya juga belum dipake, tapi pas mau ganti tanggal/kembali ke home, tiba2 promonya ilang? coba lebih diperbaiki lagi",1,2024-08-26 19:38:34,tiketcom
eed5f56a-80f1-49f7-b677-bc3820f4109b,mantap,5,2024-08-26 19:09:10,tiketcom
92a130ce-63c8-4b51-8c2f-1c86dac5979b,"Admin atau jasa nya pembuatan tiket kapaL ferry semakin ke sini semakin naik terus menerus , mau sampai harga berapa tiket kapaL nya , sangat KECEWA .",1,2024-08-26 16:49:20,tiketcom
5f98b451-f586-4599-bd6c-b52c2db554f2,aplikasinya joss,5,2024-08-26 11:15:06,tiketcom
4e69c563-4259-4a79-8625-ef62c13bf2f0,sangat mudah,5,2024-08-26 08:35:21,tiketcom
e2375c21-66cd-4de3-9fc6-2d86eaa6c32c,says beli tiket di sini bayar di indomaret tp pas mau cetak tiket dana nya blm masuk di kereta api.,1,2024-08-25 20:04:28,tiketcom
d76ea83c-7da2-49ef-a383-8c013ed2680e,Terimakasih fasilitasnya,5,2024-08-25 18:11:44,tiketcom
8af82333-2530-4121-8252-4758b68ae6ac,wOw,5,2024-08-25 18:04:38,tiketcom
f42db14f-3fb5-497f-b69c-ce85375c1230,Ok,5,2024-08-25 16:38:26,tiketcom
174f2770-eb2a-4c80-ba33-2fcfd076b095,Mantap,5,2024-08-25 15:31:48,tiketcom
16b9d914-7ce6-4a03-8065-ebbc99e725a7,the best,5,2024-08-25 13:54:22,tiketcom
3995c7dd-6a66-41b4-b22d-a57c70b256d0,ok,5,2024-08-25 13:40:10,tiketcom
446d4bdb-beb9-4e90-899c-0a2eaa52dcae,sangat bagus,5,2024-08-25 11:44:50,tiketcom
154725ab-24a8-4a20-8abb-0ea2bf96bf38,Oke,5,2024-08-25 09:47:43,tiketcom
0659ffae-1869-4de2-8065-49b2f82fdf31,Pliss tambahin fitur SIMPAN untuk save hotel favorit kita donk biar gak capek lagi search kalo lupa nama hotelnya.,5,2024-08-25 01:56:07,tiketcom
6da043d8-99a4-4836-9327-c8c51ee51d90,"Gw uninstall, brand ambassador rezim",1,2024-08-24 23:48:24,tiketcom
48be8100-6838-4d2b-b626-9c2b5c67c1f9,Layanan bobrok.,1,2024-08-24 19:54:01,tiketcom
f841dd3b-8bdb-46f8-b641-0a640f7eb6ce,"Sangat menyenangkan, cepat akurat",5,2024-08-24 19:06:06,tiketcom
770fbc12-101f-4c76-8147-698c25137aca,mantap,5,2024-08-24 14:41:05,tiketcom
b340fadf-4d72-45c8-9b3a-674832e498ab,jos,5,2024-08-24 12:29:28,tiketcom
b45d19ca-5f69-4023-8bc7-fda356315e40,Sangat bagus,5,2024-08-24 12:08:41,tiketcom
9a9a5a59-4805-4336-b01c-9b8e111a1a52,sangat membantu,5,2024-08-24 11:18:37,tiketcom
03702a33-ffcf-41de-95d8-57210ac9970f,Mudah dan fleksibel,5,2024-08-24 11:00:15,tiketcom
d28c765d-3e75-4ccf-aedf-5a47c8ca21b2,Ok.,4,2024-08-24 02:28:35,tiketcom
f68a5ae2-4c74-4009-be82-f005c0a83054,ok,5,2024-08-23 16:33:59,tiketcom
e54e691f-60f0-4ca4-93ef-f64729a50295,"nominal refund jauh berbeda, dari yg harusnya dapat 1,6jt tapi cuma dapat 190rb saat proses refund",1,2024-08-23 16:04:46,tiketcom
bae5022c-0177-4ede-80cb-c473276e7c59,sejauh ini sangat membantu,5,2024-08-23 14:13:35,tiketcom
83b1cf40-abb9-4c9a-866e-6ba0d2646908,"terbaik event olahraga sepakbola untuk tiket away, tpi sayang skrang gak ada lagi :(",5,2024-08-23 08:30:32,tiketcom
9ac532c0-39f2-462f-a42f-1d716b97ef0a,aplikasi goblog,1,2024-08-22 21:22:29,tiketcom
24f91986-e637-4ddb-a9eb-3c05a99254a5,mantap,5,2024-08-22 20:22:00,tiketcom
e7b3a77c-a1c1-4188-9f90-979960c24f40,ok,5,2024-08-22 17:07:19,tiketcom
ba1c8de9-7fa2-4407-bc3b-21ab4c32f079,Sangat membantu aktivitas,5,2024-08-22 10:44:21,tiketcom
0d6e22e5-5cbc-4c5e-b6f8-330351b45aa7,oke,4,2024-08-21 17:12:15,tiketcom
c9f79329-b4f5-4247-b603-90090791280a,"Aplikasi nipu, Kita udh pesan penginapan, malah kata org penginapan bilang nggk kerja sama lagi sama apk ini. Mana udah 2x order. Dana nggak di balikin. Parah sih",1,2024-08-21 16:08:09,tiketcom
567c13cf-52bf-42ec-a81a-ba788ca962ae,ok,5,2024-08-21 15:53:34,tiketcom
8c972e5d-c905-484d-8a6f-2499821a8e9f,juara,5,2024-08-21 13:52:39,tiketcom
b7b782f4-d957-4bc4-9c01-ddbc77ad12f8,tingkatkan pelayanan lebih baik lagi,5,2024-08-19 12:07:33,tiketcom
5fd76110-1c7b-457d-a3f3-67145ec98e16,Terimakasi Tiket . Com pelayanannya ucapkaanterima pelayanan,5,2024-08-19 09:57:49,tiketcom
a49a6466-4b51-4551-9925-c954b478a51f,Sangat membantu,5,2024-08-19 05:15:37,tiketcom
10fb1849-59b9-45a1-aedd-011d0ad349db,Setelah liat ulasa bintang byk bermasalah dgn pemesanan hotel.. ini mah terlalu byk yg bermasalah.. jawabannya cm bisa minta maaf.. ini udah gk benar mending pake aplikasi sebelah yg sdh pasti,1,2024-08-18 22:58:44,tiketcom
4ba26767-de25-4d5d-84f9-b6032c4cc180,👍🏻,5,2024-08-18 19:01:31,tiketcom
a470145d-10d5-4642-9ff7-ddec5eec5738,Dasar Pelit ga bisa ajuin paylater udah boking langganan beli tiket,1,2024-08-18 17:21:41,tiketcom
4a422503-a64c-49ad-a766-4d126a0a86b3,Baik,5,2024-08-18 16:08:23,tiketcom
b72b8097-2516-4ae2-81ae-16296526b3e2,Saya mesen tiket yang sama 2 kali dalam stau akun kok e ticket yg kedua ga muncul kenapa yaa? Heran,1,2024-08-18 07:21:40,tiketcom
3d130c19-a8e0-4fd6-9b9b-7bcaaa18e95a,Itu cashbacknya kok ga balik2 ya uangnya? Trus pas udah pesen tiket knpa ga dapet poin? Biasanya langsung dapet poin,3,2024-08-18 07:11:11,tiketcom
c5cc4233-e154-4162-83cd-30e0ff88d4b6,paling ok utk war tiket😂,5,2024-08-17 18:08:46,tiketcom
5d83d927-1363-40cd-b83e-8ce3423b3fa2,👌oke,5,2024-08-17 18:03:07,tiketcom
147215e6-7c97-4872-8ea3-e520d37218f3,Sangat berguna,3,2024-08-17 13:33:37,tiketcom
ff739396-8245-433c-9c4f-88b2767663cb,kesulitan dalam mengakses aplikasi.,4,2024-08-17 11:15:26,tiketcom
d9e8989b-1b93-44ef-984f-cd40c46ad777,Tolong harga jgn dirubah saat mau bayar,4,2024-08-17 07:26:03,tiketcom
263259bc-a7d5-4963-a97b-ebf1360c5905,Aplikasi Mantappp,5,2024-08-16 22:28:54,tiketcom
68813b4a-42b2-4af1-a882-64cce0c9b95e,Login ribeeet,1,2024-08-16 19:47:01,tiketcom
4fb6dca0-ee25-420b-9912-4f1d05b751e5,Karen...,5,2024-08-16 11:43:31,tiketcom
43775c9b-743c-4de2-9340-27b9deab50fc,"Apk sama situs kok malah murah situs, besok di situs dr smg ke banjar 750, di apk koo 1,05jt. GILA",1,2024-08-16 09:53:17,tiketcom
7a796316-4bde-458c-b7c3-4bee99863cbc,keren banget,5,2024-08-16 08:23:13,tiketcom
5cc4fa87-d8f5-4500-b210-2b1437e75fa3,Bermanfaat,5,2024-08-16 07:52:10,tiketcom
cee3b243-e093-473a-a5b7-9e7696a809ac,"proses claim re fund sangat lama sekali, nomor kontak yg saya dapat respon dari robot WA kayaknya, karena pertanyaan saha tidak terjawab hanya pengarahan pilih opsi jawaban saya pesan kamar hotel dan sudah bayar full, tapi tidak terbit e ticket mungkin koneksi ke hotel nya tidak update gitu. Kalau pengunaan aplikasinya mudah",1,2024-08-16 07:21:52,tiketcom
be902c08-722b-43e5-b263-766001e71f24,bagus,5,2024-08-16 06:23:55,tiketcom
cb09826a-2769-4610-900a-5337287fa0ed,"Saya memesan tiket pesawat secara cash namun msuk ke tgihan paylater,",1,2024-08-15 09:48:59,tiketcom
e9119b6d-805a-4cea-b839-f531a0d8e0bb,"good, tolong banyakin promo nya",5,2024-08-15 08:03:57,tiketcom
a2b4c6cf-49b1-4190-8d77-36bb67ea1913,Menginformasikan kepada saya,5,2024-08-15 07:14:15,tiketcom
b980d443-eade-40e4-ab52-492a28208404,"terlalu banyak embel2 diskon setelah dicekout sama aja harga nya kalo dengan pajak, ceritanya diskon independen day harga dicoret, eh ternyata belom sama pajak, akhir nya sama aja dengan harga normal, mending siburung biru tidak banyak embel harga harga real tidak tipu tipu",1,2024-08-15 02:43:48,tiketcom
d0de91d7-9a81-4c31-ab85-4a961d22f043,Kualitas Terbaik,5,2024-08-14 19:39:41,tiketcom
1b8101ce-0bb8-482c-833f-5846014bf415,Gede banget fee nya skg sampe 35rb..etdah,2,2024-08-14 17:46:12,tiketcom
17de20fc-98cb-4d1c-b034-ba39a701f877,ok,5,2024-08-14 17:42:47,tiketcom
484308fc-b96b-4c6c-be0b-ac3937d70d5b,Bagus pelayanannya,5,2024-08-14 13:23:51,tiketcom
b801fb1f-c764-43e9-be46-d77f746b5ff4,Sangat bagus,5,2024-08-14 05:42:07,tiketcom
bd930632-e414-44c8-af66-27f95a7e4592,keren,4,2024-08-13 21:14:32,tiketcom
1a4cead2-589f-4981-8548-a0d1d1f88a54,Ini lagi satu aplikasi tolol sudah tercantum harga 800 ribu pas di klik taunyta dua jutaan . Tolol,1,2024-08-13 19:44:21,tiketcom
4ef84c58-9fb0-48f0-b8d6-e2b2b062d722,Lengkap,5,2024-08-13 16:40:58,tiketcom
77b74fbb-d553-460b-a79b-35b2db392558,Klo buka Tiket. Com ada Soundnya keren bgt Sy suka bgt 5 tahun pake Tiket. Com Promo tiket pesawat selalu ada Mksh tiket. Com karna mu aku bisa terbang,5,2024-08-13 13:04:48,tiketcom
d78250a6-e537-4e54-b9ab-e07106e93255,mantap,5,2024-08-13 11:00:32,tiketcom
defdccec-b31f-47e6-8c92-8de570aaff68,Jelek bgt aplikasi gak mutu Masak SDH 8 bln di tolak pke Pay leter.. Gak usah disetujui..aja .cok..Krn mau ku hapus aplikasi GK bermutu,1,2024-08-13 09:38:48,tiketcom
2bf44117-81f6-487a-a554-d2567ecde13a,jozzzz,5,2024-08-12 22:18:11,tiketcom
d3bff6d2-1523-46a7-939a-63e93c263c02,mohon agar limit saldo saya ditambah,5,2024-08-12 18:23:17,tiketcom
2e071264-5112-4dc7-898a-8dfc956894e5,mempermudah mencari tiket,5,2024-08-12 16:53:42,tiketcom
05aebfbc-2eac-4487-af6f-29096bd27d20,baik sekali,5,2024-08-12 14:00:50,tiketcom
723babe7-66fd-4aa3-bef8-8b1f6cc4bce1,Ok,5,2024-08-12 08:40:43,tiketcom
85188031-ba17-4405-843d-e93d9f3f5041,sangat membantu dalam pencarian akomodasi ke destinasi wisata.dan banyak promo2 serta discount yg fantastis 😎🤩,5,2024-08-12 05:14:27,tiketcom
f08f5278-3fef-42c7-bba4-84fa098a41f3,mudah,5,2024-08-11 19:27:22,tiketcom
d2b383c6-3dfe-4cff-991a-1c2da3be281f,perbanyak diskon,5,2024-08-11 19:07:15,tiketcom
180f85cb-8ba7-4dae-9fc8-2a00db20fa9d,terbaik,5,2024-08-11 15:10:42,tiketcom
b08a4405-7cc3-462b-8c4b-3fac4d76d88d,informatif,5,2024-08-11 13:52:59,tiketcom
2154eb43-61a8-47b5-a4c5-35ef104ba765,"Ga bisa masuk ke menu utama, loading terus padahal baru donload",2,2024-08-11 10:38:50,tiketcom
84868fd2-e390-4e4c-a1f7-a50fc01206ec,"jelas alur informasinya & lengkap, UI nya juga gampang diikuti, proses bayar & refund bukti nya cepet juga.. beneran ga pake lama *gak endorse emang konsumen.. sukses terus tikom <3",5,2024-08-10 22:51:22,tiketcom
5c0a66c3-e544-466e-bc33-c3221bfb95fc,"aplikasi yg selalu membantu perjalanan dan menginap saya. mudah dioperasikan, dan paling murah dibandingkan lainnya.",5,2024-08-10 14:52:16,tiketcom
6ed7de92-d6a3-43f5-b9c0-a9599744e21f,Nice,5,2024-08-10 13:33:09,tiketcom
0e64cbdf-5d4a-4a07-b4bd-9f1e4bd5073e,"tiket murah, banyak promo, sangat membantu",5,2024-08-10 13:01:46,tiketcom
ca61ff05-0bbf-455f-a9a0-3109fc0dee7d,mantap liburan jadi makin nyaman,5,2024-08-10 12:52:11,tiketcom
1e1fc0ee-474d-4550-9966-0dcd6908da52,terbaik,5,2024-08-10 10:54:57,tiketcom
b01f1bad-ee3f-435a-8dcd-d2cf76e9e020,keren,5,2024-08-10 06:09:31,tiketcom
a75952a6-b4f9-4bad-a8d7-b6259372a03a,Biasa saja,3,2024-08-09 07:10:13,tiketcom
f9955d55-9a6f-434c-8215-387978db2c9c,"Udah dimintain untuk melengkapi bukti2 dari pihak hotel untuk proses refund, ujung2nya uang gak bisa balik. Gak lagi pake aplikasi ini!!!!",1,2024-08-09 00:41:34,tiketcom
6392a249-77ef-4610-ad25-7b3f34badfd5,app selalu lancar dan informasi nya jelas serta harganya oke. mantap 👍,5,2024-08-08 22:16:50,tiketcom
ca84577a-458b-4bea-bc97-958576b62645,Informasi yang saya Terima masih kurang solutif. Saya masih diminta untuk hubungi sendiri pihak maskapai. Padahal harusnya aplikasi membantu kami menyelesaikan masalah ini,1,2024-08-08 14:34:44,tiketcom
a87b826c-b8bc-409a-badb-cae7e5986f53,harga yg tertera kasih yg setelah pajak dong,4,2024-08-08 12:38:48,tiketcom
41240ea3-3e37-4154-9114-689c76d682de,"Kemarin kehilangan tiket lewat apk setelah hp error , jadi instal apk ulang dan lupa akun kira bakalan hilang tiketku, terus ku konfirmasi lewar IG resminya akhirnya kembali . CSnya good respon mantapp",5,2024-08-08 10:34:27,tiketcom
4346cf63-d2f3-4042-8ab5-1f6e1602c493,Ga bisa daftar akun aneh,2,2024-08-08 10:17:23,tiketcom
7330491f-aa11-471c-a0e8-99cc28d2d2e1,Asuransi nya useless,1,2024-08-08 07:52:56,tiketcom
e3ba5e99-7c9e-4bb2-8806-6dc65777e02b,Tidak update saat ada perubahan jadwal. Sudah berulangkali complain tapi mohon maaf doang tapi tdk ada perubahan dan terus berulang bgtu. Padahal sudah menjadi pelanggan Diamond.,1,2024-08-08 00:57:31,tiketcom
19257329-fcad-475e-a7da-fa16d830a1af,mantap benar. lebih diperbanyak lagi promo murah nya,5,2024-08-07 23:44:41,tiketcom
94c0423d-5ff3-43be-ba0c-73f3a6a3aff4,Sangat Membantu kemanapun saya pergi,5,2024-08-07 21:00:41,tiketcom
ccbfbb4a-806b-4e14-a8f7-70a216f70b64,di app hotel tersedia. stelah sy transaksi gagal krn trnyata pnuh. 2x transaksi dlm 1 hr ini. parah,1,2024-08-07 20:53:17,tiketcom
6e45c8b7-e2b3-4104-b8b4-a775b39e51dd,ok,5,2024-08-07 19:44:16,tiketcom
36b05ca6-2b6b-45be-b4b6-bbb5a9213e0b,Untuk tiket bus/travel harap dimaksimalkan kembali,4,2024-08-07 19:04:11,tiketcom
ed1317b5-68b6-456a-a62e-2d0135a0ed56,Boleh dicoba saya dapatkan bintang 5 untuk anda,5,2024-08-07 16:09:29,tiketcom
c31fd995-ec03-48a6-b120-5ba907b06c4b,mantap,5,2024-08-07 12:53:21,tiketcom
3367f504-3c10-4719-aa2b-ffb78160e7b9,"harga listing kamar 480rb, pas mau dibayar jadi 680rb, gede juga ngenaikin pajak nya",3,2024-08-07 06:36:18,tiketcom
cda6c03a-8e02-408a-8d8f-f2bb9627cade,Mantap,5,2024-08-07 05:25:56,tiketcom
00d68f95-d449-4147-91ee-3f0b58fa5632,Sangat bagus,5,2024-08-07 04:40:41,tiketcom
f39c14a5-d578-49e8-9bae-531221ed3502,apk andalan traveling🤩,5,2024-08-07 03:17:48,tiketcom
e07633a0-02b6-4780-b4cc-26fd063d50a0,Hati2 pilih tiket yang free bagasi karena di e tiketnya ternyata tidak dicantumkan free bagasi alias harus bayar. Ini penipuan customer. Kalau tidak free bagasi ya tidak usah ditulis dong. Bukan soal harga bagasinya tapi jelas2 menyesatkan!!!!!!!,1,2024-08-06 22:11:15,tiketcom
a5e000cb-506f-4cf9-a374-3e146c19e6b4,Harga sudah kurang bersaing lagi. Promo minim banget tdk seperti dulu lagi.,2,2024-08-06 21:39:36,tiketcom
fad516d8-e968-460c-a5e1-584aad893ab3,oke,1,2024-08-06 19:31:43,tiketcom
02f92140-4430-4aa6-b722-cef555626fb2,Bagus,5,2024-08-06 11:09:45,tiketcom
da49d8c0-476d-47df-a483-3daaf5211c7a,"Setelah di update jadi gagal masuk ke aplikasi,dan ada gangun",1,2024-08-06 09:56:02,tiketcom
77ea60b8-1ea6-4049-a9b4-0522740af149,good,5,2024-08-06 03:39:49,tiketcom
1eb50187-bd99-493a-a3f9-84e35503c90a,"bagus, harga terbaik",5,2024-08-05 22:12:36,tiketcom
eafec4c5-dee0-465f-8832-aef142203738,Apknya sngat brus tdak bsa mendaftar atau log in,2,2024-08-05 18:59:52,tiketcom
902e380e-d1ac-4960-b4a5-2b68a68a9dba,"Kenapa ditulis harga murah di tanggal, tapi setelah dicek detail, loading hasilnya ngak ada. Jangan buat sistem yang membodohi, susah ya untuk jujur menampilkan data?",1,2024-08-05 18:54:25,tiketcom
90807782-a9ee-4913-9e71-5a03422409ae,mantap,5,2024-08-05 18:45:39,tiketcom
da589855-5fe0-402d-878b-51a254d25ef8,banyak promo nya,5,2024-08-05 16:13:21,tiketcom
867a0eae-3555-41e1-a83c-a3382308f1f9,good,5,2024-08-05 12:29:12,tiketcom
8ccde1c8-3951-4eb1-a973-c2068f9991d3,Memudahkan Segalanya,5,2024-08-05 05:22:02,tiketcom
6514e97b-e1be-43c1-a28c-92ad9aa3ea24,Mantap banget dah apikasinya.,5,2024-08-04 22:12:33,tiketcom
4361ef6c-d00c-47f9-b823-05506cc7324e,"Saya merasa di tipu oleh aplikasinya... Hotel sudah tidak bekerja sama dengan aplikasi ini. Tapi, masi ada di daftar pencarian. Dan tidak bisa rivan CS tidak membantu, buruk",1,2024-08-04 17:34:38,tiketcom
446aa07b-6229-473c-a490-1d9c36680588,Good job! :),5,2024-08-04 16:26:54,tiketcom
188135f3-912c-48c0-8dbc-a1599f332e88,keren ini aplikasinya sangat membantu untuk perjalanan kami trimaksih,5,2024-08-04 12:06:00,tiketcom
8d7727cb-bc35-47be-8fad-c37e348288af,"Tolong min, kalau tiket di undur dr sananya terus kita mau minta refund gmn. Knpa di alihkan trus saat mau coba buka tiket.",1,2024-08-04 05:01:25,tiketcom
82160836-48b1-477a-8907-bd85e313daa4,"Bagus dan membantu, oke thankyou",5,2024-08-03 18:53:01,tiketcom
c06ff8ba-608a-4633-9f2b-4dee75b61fb7,murah mantap,5,2024-08-03 14:55:36,tiketcom
b6f18323-0f15-4719-83cf-0e7fa9bcdb2e,"Aplikasi yg sangat membantu, mudah, layanan ok.",5,2024-08-03 12:29:49,tiketcom
dbbb1132-2e14-488d-95ad-1db9c770958e,"Aplikasi ngga bisa dipakai, RIBET diminta login ke akun blibli dan ranch SAYANG SEKALI PADAHAL SAYA SUDAH DI TIER TERTINGGI DIAMOND DAN KARENA SISTEM YG ERROR JADI DIPAKSA PINDAH APPS OTW PINDAH PAKAI TRAVELOKA GOOD BYE",1,2024-08-03 07:33:34,tiketcom
bbb2f471-2ae3-4a65-b3d6-c61dba345382,"Tampilkan harga hotel sesuai yg dibayar customer aja, jgn nge prank harga murah, giliran dipilih baru harga plus ppn nya di munculin. Menyebalkan.",1,2024-08-03 06:41:54,tiketcom
de8498e9-7285-463f-88d9-082b9a7c5b8b,the best lah pokoknya,5,2024-08-03 06:20:47,tiketcom
0478f28c-aee8-4c10-b5c1-db67128c65fb,bagus,5,2024-08-03 05:12:28,tiketcom
c5675989-b0f0-4d68-9320-a48d863cc7af,top,5,2024-08-02 23:44:11,tiketcom
96ca5569-26c9-47cf-bb4a-47d24ac9b8d7,sangat puas,5,2024-08-02 18:09:48,tiketcom
012fad31-859a-4ae5-8707-8ccf78036deb,nice,5,2024-08-02 16:06:01,tiketcom
681e06a4-4a7d-417b-9068-dbfc5ab664db,daebak,5,2024-08-02 13:52:30,tiketcom
a3773997-6f1b-48a2-916d-e144cd4e5486,sangat membantu,5,2024-08-02 12:45:05,tiketcom
61aec74a-76f8-4f2a-9929-6754b4e69839,Mantap,3,2024-08-02 12:40:10,tiketcom
d8f1dc86-1e78-4c42-85de-b18ea4769bf9,"Aplikasi nya bagus, sangat membantu, customer care nya juga melayani dengan baik keluhan saya , terima kasih 🙏",5,2024-08-02 10:50:17,tiketcom
20f21428-1eeb-448a-8595-f43f12ddf3a2,Terima kasih kepada pihak pemilik Aplikasi Sangat Luar biasa,5,2024-08-02 10:31:49,tiketcom
ad133cc4-8efb-49b6-a4dd-a95ab45b5834,"Kelihatan murah didepan, rupanya mahal",3,2024-08-01 21:46:13,tiketcom
4f8891c0-c7b9-41fd-934b-485f4e9a586f,Lom ada agenda jl xx,5,2024-08-01 19:47:53,tiketcom
0e4d53c7-7799-4b8e-a2d6-ef90a4752163,IklF,2,2024-08-01 11:21:23,tiketcom
8ed685db-e40d-46dc-8a82-333584f56520,Review gak bisa diedit,3,2024-08-01 10:03:34,tiketcom
7ac0b508-0a8c-4b1d-8fbd-43cfc1e11fc7,good,5,2024-08-01 09:49:36,tiketcom
0622355f-69bb-4a15-9197-36821e1811f3,perbanyakin tiket tiket pesawat dan hotel murah ya,5,2024-08-01 06:24:41,tiketcom
5fa00325-ece9-4265-b7f1-0f5acc2eee8d,"Cs tidak menjelaskan dengan detail, kecewa, pelayanan tidak memberikan solusi.",1,2024-07-31 22:42:44,tiketcom
cf85ebd0-6904-4f9b-8921-c9774d74d530,Sangat mengganggu,1,2024-07-31 22:14:44,tiketcom
5bc3526c-5db0-4b21-a567-14429877cdfb,sangat nyaman pakai tiket. com untuk berpergian,5,2024-07-31 22:01:07,tiketcom
7f0dcbe0-f19d-494c-9761-f893870317e5,Sangat membantu,4,2024-07-31 21:43:52,tiketcom
9d356687-c44f-4e2b-875c-9cee8934e80b,keren,5,2024-07-31 20:19:59,tiketcom
0afb6536-ebbe-4a0e-92db-a41ee83027a4,"Kenapa harus daftar akun blibli, bikin males, gw cuma pengen pesen tiket doang",1,2024-07-31 20:01:14,tiketcom
ef22df38-418e-43f8-9a22-f3532c354263,okay,5,2024-07-31 15:58:45,tiketcom
e1e5bc43-c47a-4726-98ce-f0d1ca2232d7,Kenapa iklan maksa untuk naik ketas dalam aplikasi???? Sampe sampe gw mau pilih hotel di nawahnya ga bisaaa,1,2024-07-31 15:44:39,tiketcom
1a042d4f-9ed9-4023-a775-102702832548,Tiketnya mahal mahal gak bisa bersaingan dengan Traveloka,1,2024-07-31 08:18:52,tiketcom
2b94f88c-eb50-4e48-88b4-26fdf3d0b52d,"Aplikasi ini sangt membantu dan tidak perlu ribet lagi mau pesan tiket , tingal klik langsung brangkat",5,2024-07-31 06:21:12,tiketcom
cb263684-9e4d-49d8-bc93-6a68df5f05a4,Ank anjing,1,2024-07-31 05:04:19,tiketcom
34477183-50e3-401e-a32b-204c10ab719c,Suka banget,5,2024-07-30 21:13:03,tiketcom
7838c338-6611-42c6-a11e-433c63046f34,baguss,5,2024-07-30 19:21:58,tiketcom
aa3a01e9-4392-4336-b96c-9231d4e0e4c5,Bagus,5,2024-07-30 19:15:36,tiketcom
6538d9f9-623a-4cb4-b4cb-4be268cc3e93,Keren bgt gampang dan aman,5,2024-07-30 19:06:35,tiketcom
c6ad3cf8-1087-46b6-a46f-45ddb990428a,Harga lebih bersaing,5,2024-07-30 15:18:05,tiketcom
afd23102-ef9f-4930-85ed-f3aef1eeeea4,promo banyak dan lebih murah,5,2024-07-30 14:24:58,tiketcom
a186094e-4ea7-493a-8bdb-88f182a09b84,mantap,5,2024-07-30 14:04:14,tiketcom
98255d68-0a17-4b1c-9cf0-6cd2fe21b248,mempermudah segalanya sangat membantu....,5,2024-07-30 11:35:58,tiketcom
d0eead42-196c-41f4-ad45-ad7c713db7ba,good,5,2024-07-30 09:08:04,tiketcom
ee2466c9-d195-49af-9a92-a36ed414fd90,Aplikasi ta*,1,2024-07-30 06:02:36,tiketcom
4ce5bef5-bb27-4f6d-b0dd-a2e5d9895913,Akhir2 ini sering ngebug dan keluar sendiri (dalam proses pencarian hotel),2,2024-07-30 00:48:51,tiketcom
7f58330a-d528-4a30-85d9-76b6916933d1,"Sangat bagus, mudah penggunaan nya,",5,2024-07-30 00:22:43,tiketcom
5a9038c6-ae16-4bdc-b496-75fc96154e50,𝑺𝒂𝒏𝒈𝒂𝒕 𝒃𝒂𝒈𝒖𝒔,3,2024-07-29 22:45:36,tiketcom
feb2fd37-78e2-4845-aa00-0c9f4ee37a6a,ok,5,2024-07-29 17:59:12,tiketcom
b6df5d69-8c4d-416c-a8d2-716930144162,ok,5,2024-07-29 15:40:16,tiketcom
146e3586-304b-446c-bc19-da253c52cf53,Ivvbhcxz10qwwd. Cpfvxepyg33he xfipit 1 ㅡㅇㄷㅇ흐.ㅈ,5,2024-07-29 14:56:34,tiketcom
ad36147e-f94b-46cd-8c83-eb093991b4c2,Ringan dan mantap 👍,5,2024-07-29 11:35:53,tiketcom
a9321499-a62c-4606-a0e0-f51c84092cf1,Oke,5,2024-07-29 08:10:07,tiketcom
5934cee7-4231-4960-996e-4b18e3937ff6,"Terdapat opsi fast track check in di bandara tujuan, tapu ternyata opsi itu tidak dapat di gunakan. .. So Mending di hapus aja kalau mmng tidak dapat di gunakan..",1,2024-07-28 19:08:33,tiketcom
55f52763-b16a-45a3-b984-f8f62d81c03b,membatu banget sih,5,2024-07-27 17:59:09,tiketcom
acd75aaa-febc-4dca-8805-ca3c444e6aea,"Awalnya saya udah bayar penginapan plus dengan pajak nya sesuai dengan harga yang ada di aplikasi dan setelah itu tidak ada kendala. Sampai di penginapan harga nya malah gak sesuai dan jadi bayar double dari harga awal yang sudah saya bayar sebelumnya, bener bener gak prepare bakal ada pengeluaran lebih begini. Kata receptionis yang di penginapan mereka udah mengajukan pergantian harga tapi aplikasi tetap menampilkan harga promo.",3,2024-07-27 15:21:43,tiketcom
1a93b216-c1ab-49d8-aaf5-828055e121c4,"sangat membantu, praktis dan mudah digunakan",4,2024-07-26 22:09:19,tiketcom
38db4566-20d2-4d35-82bc-d261b097db8b,nice.,5,2024-07-26 21:24:30,tiketcom
4f6c7296-2527-4b96-a2c5-785e1bf669cc,Mantap,5,2024-07-26 20:39:03,tiketcom
26e6bca6-54e2-4897-8d66-b93bc16ee0d6,👍👍👍👍👍,5,2024-07-26 19:44:09,tiketcom
9a51e987-3d84-4b51-b92d-0c82226c63d9,bagus. semua berjalan sesuai harapan.,5,2024-07-26 16:31:55,tiketcom
7199fdb2-8ec4-43ea-a4bc-4abed5c8ea0b,Aplikasi travel paling mantap,5,2024-07-26 11:14:37,tiketcom
96ab81ed-6d85-4b36-9594-92746032dd03,baik,4,2024-07-26 00:24:29,tiketcom
ac05c25b-c56b-48bb-92f4-be2f50e10094,keren,5,2024-07-25 22:18:12,tiketcom
e298ed4d-5f85-4dd8-90b1-5620ab3eb84f,Bagus,5,2024-07-25 21:17:06,tiketcom
5b384baf-78b2-4b93-8b3e-11793c2e50b5,Aplikasi nya ngelek saya masukn pin ovo selalu salah padahal itu pin sudah benar dan sudah saya coba juga di aplikasi ovo ny sendiri,1,2024-07-25 18:31:37,tiketcom
624e845a-63c7-462c-9438-1bfbc60c9def,biasa ajaa,1,2024-07-25 16:07:47,tiketcom
a76324ea-5bcb-400d-9f56-6c6782b4e31c,aneh,1,2024-07-25 13:14:03,tiketcom
707ee197-7219-4a13-b7f7-3f9e908fde7b,"Pesan hotel di surabaya... Karena agenda di surabaya batal... Maka hotel saya cancel... Ternyata ditolak... Minta refund juga tidak bisa... Ya sudah hangus biaya hotel nya... Gak banyak sih cuma sekitar 900.000, _ . Yang menjadi ganjalan adalah tidak ada penjelasan alasan penolakan. Un install saja... Member platinum gak ada artinya ternyata. Salam...",1,2024-07-25 11:00:22,tiketcom
f4089d8c-8b2a-4471-a123-788203ebea4a,Mantab,5,2024-07-24 23:23:42,tiketcom
62454f85-dfd7-407b-87fd-ae2fad31a60a,pake yang pasti pasti aja lh..,5,2024-07-24 22:57:37,tiketcom
198c0dda-d03a-4180-9536-a2ac07f100ab,"Aplikasi baru saya instal krn mau pesan hotel, setelah baca2 komennya banyak yang bintang 1, jadi ragu2 untuk menggunakannya.... Auto uninstall dulu",1,2024-07-24 22:34:20,tiketcom
bf11764e-f876-4a23-8c2c-091da483673f,"aplikasi simple , harga ok",5,2024-07-24 19:19:15,tiketcom
19a62e40-f173-4d08-a653-5c34d3671ec5,Aneh paylater gk di setujui,1,2024-07-24 17:21:53,tiketcom
b9c577e2-0c6c-4bd6-ba16-ff68503b31f9,Good,5,2024-07-24 14:37:51,tiketcom
0aba5775-d88b-4df7-a99f-591afdce78fd,"Bertanya di aplikasi ini,jawabannya mutar2 dan lelet jawabnya",1,2024-07-24 13:57:32,tiketcom
55b5d33c-ff09-4ed5-8edd-f6857b9560e5,bagus,5,2024-07-24 08:37:12,tiketcom
1bc277a5-0169-42f4-badf-ae97b0e55c4e,good,5,2024-07-24 08:23:54,tiketcom
1ac115e9-c5f0-4168-a711-77fdbefb3f84,"E-tiket tidak keluar, padahal sudah membayar, tolong gimana cara memperbaikinya :(",5,2024-07-24 08:14:42,tiketcom
2fedb40a-e60f-4d71-b4c4-c166d00f5991,"Pengalaman yang gak akan pernah lagi saya pake aplikasi ini : pesan sewa mobil lepas kunci , di dalam vocher yang terbit dijelaskan syarat syarat nya , sudah dikumpulkan , ternyata syarat sewa mobil lepas kunci nya ribet tidak sesuai didalam vocher syarat nya.... Kapok ga bakal gunakan lagi (uninstall)",1,2024-07-24 05:07:33,tiketcom
c9c941a4-38a4-46f4-9c1a-349f9d7ceb91,"Refundnya lama bgt udh 1 Minggu lebih dan gagal terus sudah di rubah beberapa kali rek bank atas nama pribadi sama aja gagal terus, entah mau di balikin atau tidak hya tidak tau,, tapi jelek deh kalau refund pokoknya, mohon di benahi, juga tidak ada call admin centernya yg bisa di hubungi",1,2024-07-23 21:48:59,tiketcom
62733d5d-d5a7-4149-8a2c-e59690a17c9e,Limit booking tiket pesawat domestik terlalu pendek sama rata 60 menit. Biaya layanan yang tidak fair dan transparan harga berubah2 kadang dibawah 1.5 jt 15.000 kadang 18.000 kadang nyampai 35.000 biaya layanan domestik. Nggk dlu deh mending issued langsung ke lion atau citilink mggk ada tu pakai biaya layanan. Kebanyakan ambil untung kalian biaya layanan sampai 35.000,1,2024-07-23 21:12:00,tiketcom
4a228000-2805-4e0d-89cf-4e1cdb471a85,bagus,5,2024-07-23 18:36:15,tiketcom
bf74aaff-2150-4281-87e5-99ea8153892d,Kenapa sekarang harga yang ditampilkan adalah harga belum termasuk pajak,2,2024-07-23 17:57:05,tiketcom
117fb324-1689-4640-84ad-8d9ac194760d,"Hati hati pesen disini, kalo penginapan penuh, tutup, atau tidak beroperasi dana tidak akan kembali, gak kaya aplikasi sebelah",1,2024-07-23 10:22:48,tiketcom
7424ae81-f5cb-4236-bf38-2df0dd2436df,Aplikasi brengsek.... Penerbangan yg sdh gak ada tapi dijual tiketnya. Pas ke bandara ternyata zonk. Memalukan! Kalo gak mau ketipu jangan pake aplikasi ini!,1,2024-07-23 08:45:13,tiketcom
38171cc6-097f-4eaf-8b4c-e7dbd2f53fa1,"Hati2 terhadap CS nya jawabannya maaf suara tidak jelas dan itu terus yang CS sampaikan selama setengah jam padahal suara dari CS terdengar dengan sangat jelas. Mending langsung melakukan pembelian ke maskapainya tidak melalui aplikasi ini lagi, ribet dan tidak profesional. Padahal saya sudah member diamond lho",1,2024-07-23 08:36:39,tiketcom
371e7df0-a27b-40cd-8e48-7722f3353e78,Amazing,5,2024-07-23 07:32:43,tiketcom
bcd5bc22-e608-441c-a959-cd38502ec1ee,ok,5,2024-07-22 23:24:54,tiketcom
886fab70-ca7d-431e-b507-126d4e269b32,ok,5,2024-07-22 20:06:39,tiketcom
d5a3efc5-bb79-4adb-8e4f-945b6b8fbaab,"proses pembayaran cepat dan jika ada refund juga lancar, plus banyak promo nya",5,2024-07-22 20:05:12,tiketcom
586d00eb-fbeb-4d4c-8f2f-1ab05b92fd0f,"Mending di uninstall aja, aplikasi nya buruk banget, masa nampilin informasi penerbangan jelek banget,",1,2024-07-22 19:27:23,tiketcom
9f97e93c-da35-424d-b310-d2928865d446,sangat membantu dalam proses traveling saya,5,2024-07-22 18:12:59,tiketcom
886c9d9f-8245-409b-a6a4-492836d2773e,"Bagus, baru pertama kali pakai. Ga ada keluhan apapun. Aman semua 👍",5,2024-07-22 13:15:12,tiketcom
37577023-8130-4d75-b82e-977eb5a00934,paling murah banyak diskon,5,2024-07-22 07:01:16,tiketcom
37bca6fc-4d6d-4014-9f59-4bc5de384ac1,"Pelayanan sangat sangat sangat sangat sangat JELEK. Mending pakai TRAVELOKA saja. Permohonan Reschedule sengaja dipersulit biar hangus. SANGAT MENGECEWAKAN, SAAT INI JUGA SAYA HAPUS APLIKASI INI. 👎👎👎👎👎👎👎👎👎",1,2024-07-21 22:10:43,tiketcom
a728e722-6df8-4cb6-bba5-20db75e76992,"Penggunaanya mudah, dan saya sangat senang dan berterimakasih untuk tim yg sudah cepat tanggap membantu kendala saya.",5,2024-07-20 18:38:26,tiketcom
d2271279-42b0-4817-a59e-8a73df64e05f,Good,5,2024-07-20 18:15:23,tiketcom
53135d66-ea4c-4704-91aa-bd52eaa029ab,Hati hati eticket lama. Kawatir aktual nya full,1,2024-07-20 14:53:30,tiketcom
300b4fe9-5cbe-4a22-88c8-f680c3b17174,App bagus,5,2024-07-20 06:01:32,tiketcom
8f1f92bb-3fdc-4ddc-915d-d27350a4d815,alhamdulillah,5,2024-07-19 19:09:07,tiketcom
de5686a3-2d7d-44ae-8d17-bd67a5f83d5a,Kenapa skrg harga hotelnya jd mahal tiket com,1,2024-07-19 13:50:49,tiketcom
9983b019-aa58-4ba3-9504-a2152bb60e7d,Sangat membantu,5,2024-07-19 12:16:45,tiketcom
92e36fb4-6bbc-478a-a87d-c630da7fb5f2,Apakah harga tiket penerbangan yg tertera sudah harga final (include pajak)?,5,2024-07-19 12:02:33,tiketcom
1b5efa4f-1d21-415a-8178-166ae72e1bde,Good,5,2024-07-19 10:22:25,tiketcom
10bce810-c030-4177-8381-25aedaa5e1ab,bisa enggk konek,4,2024-07-19 08:36:13,tiketcom
a5c74825-4d02-4991-9968-e03f24b11a9d,Bagus,5,2024-07-19 08:24:16,tiketcom
1f1152e8-5e97-4033-825a-12943d4e5cd1,"Halo cs , disarankan seperti kemarin aja yg sudah termasuk pajak. Jd simple dan langsung menemukan harga aslinya . Semoga ada perbaikan kedepan . Terimakasih",3,2024-07-19 01:10:08,tiketcom
f7cffc3b-e9ae-43b9-b38a-9faa3afcafb3,"Kayaknya udah gak terdengar lagi tagline kalau nemu harga pax jauh lebih murah di aplikasi lain ketimbang di aplikasi tiket, akan diganti 200% selisihnya. Karena saya kaget dengan sistem pricing tiket sekarang gak masuk akal. Dari harga tiket di awal cuma Rp120.000 tapi pas checkout pembayaran kok jadi Rp190ribu? Biaya layanan + pajak nya gak masuk akal.",2,2024-07-18 22:46:14,tiketcom
0f49cce0-2d9a-43e5-ba00-111efbffbb29,good,5,2024-07-18 20:13:31,tiketcom
8d0f4520-7020-47b8-b7f3-f77b4651186d,"Hati hati menggunakan aplikasi ini , karena terkesan aplikasi ini seperti menjebak. Saya memesan hotel dengan menggunakan aplikasi ini dengan iming-iming promo diskon 30 k. Tetapi setelah saya booking kamar dan melakukan pembayaran melalui transfer bank . Pihak aplikasi dengan sepihak mengatakan bahwa kamar yang saya booking sudah full dan pesanan saya gagal , dan harga kamar yang saya booking sudah berubah dari harga semula. Sementara pembayaran sdh sukses dan untuk refund hrs menunggu waktu 10",1,2024-07-18 17:48:52,tiketcom
0a154b47-4566-405c-8078-18be24c76ce8,Jhosss,4,2024-07-18 16:57:33,tiketcom
a2a4c561-12f2-4678-8504-5fb4a18fd27c,Rekomendasi banget aplikasi ini dan saya sudah dibantu dalam permasalahan saya. Top,5,2024-07-18 16:34:11,tiketcom
eedaec62-026b-467e-84d1-d83932d55f71,alhmdulillh sangat membantu,5,2024-07-18 14:29:14,tiketcom
a3df0410-c46c-48c0-b534-5bdbe00dc80f,"Sip mantap, selalu mudah dalam pesanan tiket penerbangan",5,2024-07-18 12:38:36,tiketcom
5500b5df-fb01-45dc-866c-98cfab585182,sangat membantu,5,2024-07-18 11:32:08,tiketcom
e6dad90e-1475-4a78-b98d-5288f53676fb,di rekomended,5,2024-07-18 10:11:41,tiketcom
e93b880e-f645-4ca7-877c-fea6bb82654d,sangat membantu,5,2024-07-18 09:07:19,tiketcom
e6658dca-f529-4a6e-9875-803af721b9f2,Happy,5,2024-07-18 09:03:07,tiketcom
d99764ba-b1c3-4269-9169-e96fe529927a,"memudahkan pemesanan tiket pesawat, memudahkan liburan",5,2024-07-18 07:13:24,tiketcom
ba103043-6437-4072-ab1c-d9c69418e5f5,keren,5,2024-07-17 19:50:43,tiketcom
918a0203-2548-4c3c-9437-65b77ffd4ff2,Beli tiket harus jauh dari pelabuhan kan gila ngapain di buat apk kalu cuma mempersulit,1,2024-07-17 15:58:25,tiketcom
9cc5080c-4217-47be-9e40-1d5382886c51,Mantabbb..Hati riang dan gembira..Semoga jualannya berkah selalu..Aamiin yra 🙏🙏 sempurna untuk dipakai semua kebutuhan,5,2024-07-17 15:13:18,tiketcom
b1264447-a52e-4f04-ad3d-809fe6b26a34,cukup baik,4,2024-07-17 14:21:43,tiketcom
954da188-11a4-4cfe-a423-916de60cdbf9,Mantappp👍,5,2024-07-17 13:53:36,tiketcom
035dbbb1-8cc7-4629-a3a2-76eb042d81ab,harga kompetitif pelayanan cepat dan OK,5,2024-07-17 10:21:53,tiketcom
cf2f2d35-b990-4aed-aeb5-25f778cfdbbd,👍🏻👍🏻,5,2024-07-17 10:02:38,tiketcom
ec14334a-1628-449a-9e58-c7d1cda0f62b,"Cukuplah sekali ini kena prank. Ada perubahan jadwal pesawat 15 menit dan di email penawaran untuk reschedule atau refund. Tp ga dikasih tau refun hanya bisa jika perubahan jadwal 60 menit keatas. Saya pilih refund, eh baru di konfirmasi penolakannya di jam keberangkatan kalau refund ditolak dan hanya bisa dikembalikan tax airport yg hanya 65rb Saran kalau memang ada perubahan jadwal tp tidak berlaku refund, kita jangan ditawarin untuk refund apalagi tanpa ada penjelasan! Sangat merugikan",1,2024-07-17 08:51:33,tiketcom
5a90d78f-dd4d-48d1-8908-8d9f441b8009,good respons,5,2024-07-17 08:35:59,tiketcom
f915d9ac-49f5-4648-bcfd-c368554e2524,Harga tiket sangat bagus hanya saja pengembalian uang dari bandara ngak bisa,4,2024-07-16 23:50:07,tiketcom
5dc88ec6-8469-462e-9a4c-99ed2df64ad7,Ok,5,2024-07-16 23:14:22,tiketcom
4c3fda95-43cb-46d5-b638-8a67de46df6b,Kenapa sekarang setiap dibuka munculnya blibli sih harus login ga jelas banget.,1,2024-07-16 07:56:23,tiketcom
75a8b33d-26ad-4890-b004-7d23595a3a24,tdk terintegrasi antara pesanan yg dibatalkan dan transfer biaya pesanan.,1,2024-07-15 20:03:30,tiketcom
271ff19d-330b-4e8a-9a64-75face074160,Ok,5,2024-07-15 16:32:35,tiketcom
b5f1306a-0dba-41d5-9daf-53bb10929cd1,Tiba tiba paylater ditangguhkan,1,2024-07-15 16:27:04,tiketcom
4f8bcf7a-1199-4b14-a30d-4b95e878af22,tolong ini kenapa sistem reschedule nya lama responnya pengaduan juga lama,1,2024-07-15 15:54:57,tiketcom
b74b1836-74db-4ed8-9b63-f1f25d18eb15,Pengajuan reschedule reservasi tidak bisa .. hanya berselang kurang dr satu jam setelah tiket terbit...,1,2024-07-15 15:47:46,tiketcom
b5c2d4b4-e6b0-4af0-afff-429ca5ebc56f,good aplication many diskon,5,2024-07-15 13:07:19,tiketcom
92e318a1-9e0f-4394-be93-b982a07ea4d2,good apps,5,2024-07-15 06:47:05,tiketcom
4397f810-a4ca-45e1-a4a1-496a863121a3,Baru download 3 hari minta update,1,2024-07-14 16:33:25,tiketcom
8e9a2c1c-334e-40a0-b659-47899f1a0006,Tdk dapat info perubahan jadwal baik di aplikasi maupun di email. Maaf doank... Semua juga bisa...sangat merugikan pelanggan Auto uninstall,1,2024-07-14 16:26:10,tiketcom
f9175cba-1f74-45ac-9413-1a22890b8524,Mantap juragan,5,2024-07-14 08:56:47,tiketcom
3e9d9575-3f7d-4bff-bbe5-5648a9379ae9,rekomendasi,5,2024-07-14 04:44:11,tiketcom
3045675d-ea40-4ece-a87f-3710e5b6538a,aplikasi bagus untuk pemesanan hotel,5,2024-07-14 03:56:14,tiketcom
2d362762-0a69-4c96-b709-f8b9a1136972,Mantap,5,2024-07-13 22:14:06,tiketcom
d3acbd21-c1fa-468d-93ac-8ed79675c367,Awesome,5,2024-07-13 16:11:05,tiketcom
83b55051-5a8f-442d-9924-236e8904b5d9,"Pusing nengok interfacenya, puyeng gimna cara mesen tiket disini siii, dri tdi gak bisa bisa, kacau lah pokonya. Bintang 0 ada gak? Kebanyakan teks, alur pemesanan ntah kek mana sakit mata liatnya sumpah.",1,2024-07-13 11:22:45,tiketcom
c984b8f9-5a7d-450d-a07a-7483e9f6a848,okeee joooss gandhioissss tenaaan👍👍👍👍,5,2024-07-13 08:34:24,tiketcom
341b7465-8af5-4966-a36f-81760dab6917,Good enough,4,2024-07-13 07:44:24,tiketcom
f14d1ad5-a5ce-48a6-98a5-03122f906882,mungkin perihal harga hotel sangat menarik dengan promo nya tetapi ketika memesan harga berbeda dengan tampilan sebelumnya. karena ada biaya tambahan... tidak seperti aplikasi kompetitor Tiket harga tampilan sesuai pada saat memilih kamar karena sudah termasuk pajak...,1,2024-07-12 22:32:37,tiketcom
3bc67cce-b3a2-48f9-b6ee-1b49bae0af1e,Download bukti pembayaran kenapa tidak bisa??,5,2024-07-12 22:23:03,tiketcom
d4ca839f-8d05-469d-a499-fde817308305,"Mending beli di traveloka, lebih murah",1,2024-07-12 15:10:27,tiketcom
27510a42-e6ab-44af-81f1-a0e205ef5256,"Ketika d cek tnggal masih ad,,pas mw booking ngilang... Terpaksa balik k aplikasi sebelah",2,2024-07-12 07:56:58,tiketcom
168ec086-8cfb-4746-b02d-e71f77731fed,sangat membantu,5,2024-07-12 06:03:27,tiketcom
ca13826e-ccd8-4d46-a919-e26db4e7b338,good,5,2024-07-12 05:20:11,tiketcom
b8c4961c-5345-4413-bd69-30dd43505c46,pemesanan gampang tapi tidak selalu yang termurah,5,2024-07-12 01:23:04,tiketcom
9a0a1e1c-5242-4439-87d9-8f16910f411c,"Makasih atas penipuan dan scam nya, ditulis di website saya mendapat bagasi tetapi ternyata zonk, saya tidak mendapat bagasi dan disuruh membayar bagasi sendiri, padahal sudah terpampang jelas dapat bagasi. Dari sini saya tahu, aplikasi ini menipu. Dan lagi harga tiket banyak klik bait, yang aslinya berapa sekian tiba tiba naik 3x sampai 4x lipat dari harga tertera. Sungguh aplikasi yang tidak bermutu dan bermanfaat. Semoga pembuat apk dan seluruh kru. Hidupnya tidak tenang. Makasih.",1,2024-07-12 00:40:57,tiketcom
546c092c-3572-4d83-a33a-8804f2f810cd,"Maaf ya saya kasih 1 saja karena tidak dapat refund, dan 1 tiket sia sia, jadi nya sebelum nya tidak dapat penjelasan dalam pemesanan untuk pembelian tiket untuk anak dan dewasa hanya iklan dan diskon saja, boleh ditanya dengan yang lainnya juga.",1,2024-07-12 00:36:03,tiketcom
0853c1cc-8d6f-4f61-927b-0af58e21d4d7,"Aneh ya, cek tiket pesawat cgk - lbj di bulan okto 24 ada yg 900 tapi setelah di klik ga ada, adanya 1,4 jt. Tadinya ga gitu lo pdhal.. aduh mending aplikasi sebelah walau agak mahal tapi realtime harga nya",1,2024-07-11 22:33:14,tiketcom
52ff27d9-34d8-49b3-b6f6-9a1a100a5cb0,Bagus 👍👍👍,5,2024-07-11 21:55:30,tiketcom
f5f0cd75-8853-4d7e-90b7-620b7eacaa35,"terima kasih telah berhati"" buat pengguna baru",5,2024-07-11 19:39:14,tiketcom
70a407c4-7303-4261-a16a-3153179105a6,Terima kasih atas latihan,5,2024-07-11 15:52:08,tiketcom
8f8c2793-7756-4686-aad0-4c4fca5f2f39,Oke...bang,4,2024-07-11 12:55:20,tiketcom
68220820-ea41-4ab1-8e58-5eaaec0f6dd7,the best,5,2024-07-11 05:14:55,tiketcom
c6429742-e369-48c8-b043-d9c382c285b3,Sangat membantu sekali,5,2024-07-10 22:47:20,tiketcom
809663ae-9272-4c88-9879-5de4437d49f7,terima kasih,5,2024-07-10 22:29:52,tiketcom
5dc0e4f0-88d1-404c-99f4-adb776f6e609,respon cepat n data akurat,5,2024-07-10 17:34:29,tiketcom
c9b49a20-bc94-4f8d-a035-bd664fc10e43,the best good job,5,2024-07-10 16:43:42,tiketcom
71fe5bce-bfc7-4c6d-9e01-86bce6a18858,Layanan pengaduan sangatlah mengecewakan. Tidak ada tindakan ataupun solusi dari agent ini. Thx ya,1,2024-07-10 15:53:48,tiketcom
66078ff5-4c2b-4e46-b6c6-9b9989558f2b,Memudahkan perjalanan pesan semua tiket disini terbantu pokoknya...,5,2024-07-10 08:00:02,tiketcom
4497a098-d4a5-4793-a48e-9b921e810017,paten sekali,5,2024-07-10 07:17:17,tiketcom
877ba4c8-f93d-4701-ae10-f9689af0a294,bersih dan nyaman,5,2024-07-10 07:14:56,tiketcom
368c524a-1fd0-4380-8a86-33b1cb5de6bf,"customer service sudah downgrade, kasus hotel penuh yg biasa 15 menit selesai sampe 5 jam belum kelar",1,2024-07-10 06:13:25,tiketcom
1a26ddec-70d4-402b-987a-e5e346d299e3,Ok,5,2024-07-10 00:59:13,tiketcom
67e65e9e-f13e-45be-a3e8-98c5eda32fda,"Mau revisi nama tamu aja susah, katanya bakal diperbaiki dlm 24jam, dri tgl 6 sampai tgl 10 ga ada kabar sama sekali.. Akhirnya saya langsung ke pihak hotelnya, pdhl hal sepele aja ganti nama tamu yaampun",1,2024-07-10 00:24:20,tiketcom
4e6b4dd1-c2c6-4a5d-8896-91aa3e781a70,"Pelayanan customer service sudah bener2 menurun, kasus hotel penuh yang semula 15 menit kelar gini harus tunggu berjam2, Yang dimana cs past respon kini jadi low respon, di janjiin terus 10 menit sampe sekian jam menunggu gak kelar2",1,2024-07-09 23:18:17,tiketcom
121f2158-3bc6-4bc3-8cad-3e40453b8cc8,Penting.,5,2024-07-09 23:00:25,tiketcom
1024798b-13c9-4c6b-aa62-2cbebfa1564e,biaya jasa mahal untuk kami penjual tiket kapal karna tidak bisa menaikan hrga yg sudah ditetapkan ASDP banyak pembeli komplin jika hra tiket dinaikan. dulu biaya jasa 0 naik jdi 1.500 sekarang malah 2.500,2,2024-07-09 21:39:49,tiketcom
bff372db-b25a-42f1-ad1a-1f4aad290abe,membantu sekalii,5,2024-07-09 20:52:35,tiketcom
6f397bc1-5303-4a3f-a3a4-489fc884b3c6,Aplikasi tidak berguna masa bus dari jakarta ke bali gak ada,1,2024-07-09 20:38:02,tiketcom
71aff197-3be2-4fbf-b300-54d3f36c66d1,Aplikasi buat traveling sangat bermanfaat,5,2024-07-09 19:49:51,tiketcom
437d43e6-c57c-4dbc-a803-78fa16525bd5,Cepat terpercaya,5,2024-07-09 10:05:26,tiketcom
97f8ddc8-3fd5-43b0-bd2c-7d23ea0a93cd,"Mudah digunakan, banyak pilihan nya.",5,2024-07-09 09:04:24,tiketcom
3f55694c-21be-48d9-b986-97422d561bbf,Aplikasi asu...cari searching..tujuan awal dan akhir(diisi)..muncullah nama² keretanya...pesanlah...taunya nga berhenti di stasiun tersebut....Angus duit 1 juta..gara² nga berhenti keretanya....seharusnya nga muncul kalau emank nga berhenti di stasiun tersebut..,1,2024-07-09 09:02:30,tiketcom
971da8dc-e9e8-494b-96f1-cc7d5147c573,Paling mantap,5,2024-07-09 05:48:34,tiketcom
e0729757-874a-4f94-a30e-a8a098444dcc,Mantap ini sih,5,2024-07-08 22:19:35,tiketcom
e1e02929-0690-4c3f-875a-746fe6548e2d,sangat membantu,5,2024-07-08 19:19:51,tiketcom
f0f4c6d0-8de9-4b39-bff6-cdd76d13ccc9,Bagus,5,2024-07-08 18:47:17,tiketcom
c6fa786e-3d09-49c9-afa8-df0312dcb447,mantep,5,2024-07-08 18:32:04,tiketcom
1893eb69-2b8b-4eee-8439-c177e6bf7e41,Pelayanan Hotel sama Pembelian tiket Bagus,5,2024-07-08 18:28:33,tiketcom
b421771e-bd72-4bf0-a138-bffa40f84892,Tolong ini ada admin kreatif tiket. Com menawarkan hadiah jika download dan daftar aplikasi tp setelah daftar dikick dr grup tolong ditindak lanjuti tim nya agar tidak mencoreng nama baik tiket. Com,1,2024-07-08 18:21:10,tiketcom
df1ff1cb-2127-4102-8c7a-91f253e2570b,beli tiket pesawat dan booking hotel jadi mudah,5,2024-07-08 12:33:17,tiketcom
65388841-3b92-4491-a7e7-9415d1dac067,"Sekarang exclude taxes jd kecele kirain murah ternyata belum include pajak mending ke trveloka yg gd hidden fees sdh all in. Eventhough they put the final price but it is deceiving because it is so small, just a marketing trick i suppose",1,2024-07-08 11:29:07,tiketcom
fcddf9ad-3730-4fdb-af33-c2f8fa757ce9,Cepat & Mudah,5,2024-07-08 10:18:51,tiketcom
3c8c5421-bf91-4b66-96af-c8c65cd6098b,Good,5,2024-07-08 05:12:48,tiketcom
01a72352-95e6-4533-b95c-984a0e2e2a21,mantul alias mantap betul,5,2024-07-08 03:40:25,tiketcom
bd6ddd80-72a2-46c8-b3b0-c59263d4bdef,Semoga bermanfaat bagi kita semua,5,2024-07-08 00:28:56,tiketcom
2763d390-9484-4b5f-aa97-f2318490b797,Mantap,5,2024-07-07 23:45:24,tiketcom
c6677da0-f50b-4e85-a0d2-11a40fdfaf8e,Mantap trimaksih,5,2024-07-07 22:16:04,tiketcom
df25ea88-e367-4c92-9cc3-784305c41a42,harga termurah 🤗☺️👍,5,2024-07-07 21:22:48,tiketcom
204b1565-fefd-46a2-b278-9234dfc34243,Semua kebutuhan perjalanan ada di aplikasi ini. Saya sangat puas menggunakan aplikasi ini.👍,5,2024-07-07 18:59:51,tiketcom
1c6522a6-9c2d-4bc2-bc4e-5626cb73e321,Disaram kan jgn instal dan beli tiket apa pun disini.krn akan menghambat saj..Sy sdh membayar tiket 2hr lalu.tp etiket tidak terbit.ber kali2 tlp cs hanya bs menunggu2 sj..untuk membeli tiket ulang sdh habis. Ya jwb an ttp sm hanya bilang kirm id.kirim.email.mohon menggu..tp pd akhirnya ttp blm ada jwb an pasti..yg dirugikan hanya la pelanggan..jaminan hanya uang kembali..bagia mn resiko km yg sdh tidk dpt membeli kembli krn kehabisan akibat menggu2 sj..pelanggan la yg rugi..,1,2024-07-07 18:59:16,tiketcom
712da16c-ebc3-40ff-8dc6-8519056759fa,sangat membantu,5,2024-07-07 15:25:19,tiketcom
e90094db-e602-407f-ad06-cace0bd473d6,"Cleam asuransi keterlambatan diaraahkan ke ansuransi cleam center,. Melalui aplikasi tetap nga bisa dibuka untuk isi daftar penumpang ,.sepertinya ada modus kesengajaan,.",1,2024-07-07 15:02:29,tiketcom
b91af070-d6ad-4de7-bc4b-72588b2d4691,"Pelayanan bagus, fitur lengkap",5,2024-07-07 09:26:27,tiketcom
22baaa19-86eb-4f1f-843f-1e409a4edc35,"Baru sekali pakai aplikasi ini , di pemesanan tertulis bisa di refund tiba mau refund transaksi tidak ada orderan tersedia, trus yg mau di refund apa ?",1,2024-07-07 07:51:27,tiketcom
08e1e964-29a9-4908-b30e-235893b1f4bb,"Ini aplikasi kacau sih Pesen ditanggal apa tb tb bisa berubah Dan pas kroscek langsung di hotel, anehnya bookingan sy terdaftar dari aplikasi lain dengan data kontak nomor hp dan email entah punya siapa Aneh bgt sumpah, padahal sy nggak punya aplikasi tsb, dan benar pesan dari aplikasi ini Makanya kok kita kroscek id pemesanan sesuai e tiket tidak ditemukan data,ternyata dilepar ke aplikasi lain Mana pas pengajuan refund susah bener, dan sampe sekarang nggak ada kabar",1,2024-07-07 00:00:44,tiketcom
3bdfc585-774e-4ec0-bac1-7861d5291eca,mantappp..mudah di gunakan.banyak promo.dan hadiah,5,2024-07-06 22:03:11,tiketcom
77cf875f-a5d1-48fd-b0e1-7a60a8c74a2f,Aplikasi selalu gagal login gak tau knp sejak kolab Ama Blibli JD gak bisa dipakai mana masih ada poin nya lagi,1,2024-07-06 17:04:35,tiketcom
54caf45e-2a2c-40b4-9803-c2f4b72fe749,"Terbaik, banyak sekali promo dan permudah saat Travelling, 🎉",5,2024-07-06 15:25:03,tiketcom
57a7cb68-cb83-4696-8294-5f74fadaf4bc,"Sumpah jelekk banget, udh 2 kali aku ama keluarga ku booking villa kena double booking, mana ngga ada solusinya semua lagi, trus 1 kali order villa pas sudah sampai malah disuruh cancel karena villa nya lagi diperbaiki Jelek banget ges, mending jangan kata akuteh",1,2024-07-06 13:52:22,tiketcom
ceb2d489-4d51-474d-a451-f093508a2065,"Bagus, dan tidak mengecewakan. Selama memakai aplikasi tiket com",5,2024-07-06 10:55:15,tiketcom
005e038e-5db0-4252-940e-1b6ac28e3276,mantap,5,2024-07-06 10:08:35,tiketcom
87397367-3fba-427d-926b-9dbf592b6750,bikin mudah dan bermanfaat,5,2024-07-06 08:45:14,tiketcom
e17fc89a-b885-4354-8aff-284fb7c83d70,Kurang puas dg digital marketing nya,2,2024-07-06 04:03:29,tiketcom
b1627397-6945-484f-b5b3-999bd779a21e,nice,5,2024-07-05 21:58:22,tiketcom
92f34d81-d8ea-4b55-8866-95611be1c0c9,"Baru instal lagi aplilasi ini, tapi tiba tiba disuruh ngelink ke aplikasi yang jadi satu dengan bli bli, gajadi pake aplikasi ini deh payah",3,2024-07-05 18:13:28,tiketcom
ccd56c3e-e9e5-457e-9a7f-21bdb34ca124,"Lebih baik uninstal, saya pesan hotel jam 10 pagi, mau chekin jam 5 sore, tau taunya pesanan belum masuk padahal pembayaran sudah sukses",1,2024-07-05 16:52:15,tiketcom
e4698af3-8b31-437a-93f7-f52adcabd3a6,"sejauh ini, bagus dan top,, membantu sekali, semakin di bagusin fasilitas dan segala hal yang menunjang,, nanti mampir lagi",5,2024-07-05 15:47:26,tiketcom
37d2a197-7518-466a-a2c7-1aa6473c0de1,Disuruh menilai atas nama Siti Maharani dalam grup Staycation Reward Bonanza.,1,2024-07-05 13:26:52,tiketcom
363f6226-b661-4c3d-b0f5-3630789e6dee,"BUAT KURIR SHOPE EXPRES CIPONDOH MAKMUR TANGGERANG BANTEN,RT 1,RW,2 SAYA ANDRI FAUZI ATAU OJI ATAU KIWIL,OJI, MEMINTA MAAF SEBESAR BESARNYA KETELEDORAN KONSISTEN LALAI DAN LAIN LAIN SEBAGAINYA,MEMINTA MAAF SEBESAR BESARNYA TOLONG,DIMAAFKAN,YA,TERIMAKASIH",5,2024-07-05 08:34:44,tiketcom
5bb40bb5-b78f-4f78-b9ce-3aa3312ff27f,Aplikasi sampah. Harganya berubah²,1,2024-07-05 08:06:02,tiketcom
6830595c-fc3e-47c4-b10c-895f3e51a21a,"JANGAN DI INSTAL !!! APLIKASI PENIPU Ini aplikasi yg gak bertanggung jawab. PARAH BANGET.... Klo ada masalah dgn pesanan hotel, CS nya akan menyarankan pindah hotel dengan iming2 di bantu pengembalian dana di hotel sebelumnya. Tapi aktualnya GAK ADA ( BOHONG ) sepertinya mereka satu komplotan... semua hanya MENIPU...",1,2024-07-05 04:34:30,tiketcom
4a1474d1-8756-4cc0-81cf-4a9aa7bffc4a,"Jangan pesen kamar disini karena tidak sesuai dengan yang dipesan, dan saya ada buktinya, ini aplikasi kebanyakan affiliasi. Kalau manajemennya tidak suka dengan komen saya, mari kita ketemu.",1,2024-07-04 18:22:23,tiketcom
ca29a2fb-4a6f-41c0-9a7a-f80a2759167d,mantap,5,2024-07-04 16:15:21,tiketcom
443d20d1-b980-40fd-9dfd-75befe35bab7,Lengkap,5,2024-07-04 15:26:59,tiketcom
8c263f59-8b13-4446-8077-2c8fba7a9afc,"apk taikkkkkk, banyak admin2 kontolya",1,2024-07-04 14:03:39,tiketcom
9c33cdfb-96ce-4872-9627-d787f6f1883b,Mantap,5,2024-07-04 13:48:40,tiketcom
299a6991-a517-44af-8f24-88fe9e41c272,good,5,2024-07-04 13:37:02,tiketcom
189a11c8-dd02-4981-9992-9269b68e5e71,bagus,4,2024-07-04 12:27:16,tiketcom
cdb7fdc3-9b47-4e62-8019-6637f14b9e9c,Harga tampilan sama harga pas bayar beda. Pajak sama biaya tambahan nya terlalu mhal,2,2024-07-04 12:11:47,tiketcom
76a20665-30f1-476e-aacf-fe5d439e7b06,"terimakasih, Sangat membantu",5,2024-07-04 11:46:50,tiketcom
ce47bc71-72e7-4671-9368-dbace5a98f9f,"Kecewa sama aplikasi ini,,udah dari 2019 setia sama ini aplikasi,,udah sering mesan tiket perjalanan juga,,masa mau tes ajukan paylater ga bisa,,sangat kecewa,,mending bagusan Traveloka ,,selama saya make Traveloka sering ada diskon harga tiket pesawat,,",1,2024-07-04 08:51:46,tiketcom
c4246550-6de9-4109-86a5-4d9906ea3b87,mantaff,5,2024-07-04 08:45:19,tiketcom
a9816e4e-9126-483a-a423-17e0aef2579a,Apk nya ribet salah pesan gak bisa diretur dan uang saya hangus,1,2024-07-03 22:28:54,tiketcom
b8960057-d488-486a-8d76-853b4b7720dd,"harga terlihat murah setelah di diskon, taunya belum sama pajak...",4,2024-07-03 22:22:46,tiketcom
fbdbf868-6f8c-4ee2-8efd-977bbebc993d,Tidak di rekomendasikan,1,2024-07-03 20:39:19,tiketcom
8f6bb612-467f-482f-87df-bc0443d47d11,Kok jadi ribet banget sih sekarang update jd terbaru udah logika kirim otp gamau login duhduh RIBET,1,2024-07-03 20:22:30,tiketcom
6b0cc0b0-9721-461a-9e87-1a50ab49a524,banyak promonya,5,2024-07-03 17:46:05,tiketcom
23026fa0-7c10-4ea1-a3a7-373c4bf8d04e,Aplikasi Pilihan dari sekian aplikasi lain..sejauh ini tidak pernah mengecewakan,5,2024-07-03 16:42:07,tiketcom
087c3476-edac-4c1a-9558-690bd4a46421,Jangan nyuruh oknum buat install aplikasi dengan embel embel reward,1,2024-07-03 15:39:04,tiketcom
c033c5b1-33dd-4915-a294-255e12c59c65,👍,5,2024-07-03 12:53:00,tiketcom
4bc719fd-c18f-4675-8a24-4c744ce7a87d,Awal² bagus apps nya. Tp makin kesini makin mahal. Harga hotel plus pajak klo dihitung bisa nambah 20%. Pajak nya apa aja yg dikenain?,2,2024-07-03 09:26:05,tiketcom
fb762a48-4df1-4b12-9da1-21eae37a0a25,Aplikasi yang bagus,5,2024-07-03 09:10:42,tiketcom
f34f08ce-50f8-4d0d-bb06-6d9a9dc7aae4,Banyakin diskon 😁,5,2024-07-03 08:53:04,tiketcom
de70e1c7-db12-449d-b88d-c346aae9e63b,mantap harga miring,5,2024-07-03 06:24:48,tiketcom
9b843f7c-c7e3-4359-b383-14f9d3909f1f,"Ngecancel hotel yang bisa refund sebelum tenggat waktu dan gagal, akhirnya bayar full tanpa ada notifikasi bahwa refundnya gagal. Udah protes ke CS WA, email, Twt, semuanya ngasih respon seadanya, ga peduli sama kustomer, padahal yg ngalamin ga saya aja. Stop using this platform :)",1,2024-07-02 22:58:20,tiketcom
f7df6bcf-9e79-4446-8149-9caf4bd9cce1,sangat membantu untuk bepergian bersama keluarga,5,2024-07-02 19:21:29,tiketcom
963d90a2-4442-42fc-9e16-3a55ac6927b9,Jelek regulasi refund mu Masak masih diatas 72 jam dari keberangkatan refund dipotong 25‰. Sangat memalukan ambil untung tidak wajar. Sudah dipaksa untuk beli proteksi lagi.,1,2024-07-02 19:04:01,tiketcom
430133ef-485e-485c-b937-799b9eddb376,Barusan di masukkan grup katanya dapet reward eh ternytaa bodong wkwkwk,1,2024-07-02 15:59:04,tiketcom
7093708a-fd4b-4f7f-b522-db4208ea14f6,great deal,5,2024-07-02 12:11:09,tiketcom
1910f4bf-8ee2-4c81-b35a-f0721c30785a,Good,5,2024-07-02 10:52:27,tiketcom
23dc1652-52ae-4c4f-bf76-4f773a7e6d27,"Tidak ribet, hrg sahabat. mantap",5,2024-07-02 10:08:10,tiketcom
4820d982-c289-4080-85ab-4f4de8d613b1,Masih banyak yg perlu diperbaiki,2,2024-07-02 08:08:52,tiketcom
33645a9f-1f67-4997-aa38-c2ef5942e2db,Ok,5,2024-07-02 07:15:21,tiketcom
91ad2e79-8783-4072-8142-95461dde1fba,penerbitan tiket kadang terlambat,4,2024-07-01 21:48:31,tiketcom
b1fe1b27-e606-48df-b02e-7c7deffa5f09,bagus .. proses cepat,5,2024-07-01 21:45:13,tiketcom
5bbb194b-cae2-4fa0-8a17-4d765dc00a75,cukup lumayan membantu,5,2024-07-01 18:52:18,tiketcom
1db8e96c-6d79-4538-b2b3-5ba2b87211b3,Menunjang pekerjaan yg tiba2 harus ke luar daerah,5,2024-07-01 17:12:07,tiketcom
bd8238c9-9e33-4cb2-b1aa-588217442151,yg pastinya jaminan harga termurah,5,2024-07-01 13:57:56,tiketcom
3d5edad7-6485-4030-86be-dd7637ad9bd7,Baik,5,2024-07-01 09:58:45,tiketcom
1698ca94-6052-42cc-8d63-6bc5d4dc8dae,"Aplikasi yg mudah utk akses segala aktivitas yg kita mau, pesen hotel, nonton konser, tiket pesawat dll, puas dgn apl ini, krn bayar sdh terhubung dg gopay, mantabb pokoknya.",5,2024-07-01 06:15:09,tiketcom
d8d30e9a-36ca-40f3-ac8b-11c2f6b0fb06,"Jangan di instal neh...banyak penipuannya masa mesen penginapan blom daftar bisa di bayar,giliran email di pake buat daftar ,eror terus...chek in blom tapi dana nggak bisa di refund...apk sampah ini",1,2024-07-01 00:24:54,tiketcom
4e656df1-7082-4a47-848a-78a3212e78ca,mantap,4,2024-06-30 23:04:42,tiketcom
f7a3602c-8a32-4033-bb2b-b437b7548cdd,"Aplikasinya dibuka menu awal/dashboard kok ndak bisa y, ada keterangan mngakses blibli atau RANCH dg satu akun, itu gmna y min",4,2024-06-30 22:26:52,tiketcom
17cd96b7-5484-445c-a338-982808496e4f,"kenapa sih ga bisa lsg dibuka, emailnya ga bs nerima, mau ganti email jg ga bs, ribetbgt",2,2024-06-30 21:51:56,tiketcom
2b41ff84-a79a-4783-88ca-e8a81d1202db,"Tolonglah.... harga yg tertera jangan di rubah, balikin seperti dulu, jadi harga yang tertera sudah termasuk pajak",5,2024-06-30 21:27:45,tiketcom
bd84d4bf-f400-4c85-ba59-0b95bbdacaa8,"Ko tiket ga kaya kemarin ya, setelah update setiap mau pesan hotel kena pajak yg besar sekitar 40 RB an pajak, kemarin saya pesan hotel gapernah kena pajak sesuai dengan harga asli, tpi skrg malah kena pajak yg lumayan besar dari harga 200 setelah kena pajak bisa jdi 250 an, hufttt",1,2024-06-30 18:39:15,tiketcom
a39321dc-83e8-433b-92bf-2b4f7fc957ac,Murah dan Gampang gak ribet banyak promo Nya,5,2024-06-30 18:01:30,tiketcom
024a0234-d7ae-43fa-bc32-6ac34a584cd6,harga yg tertera belum termasuk tax service ya..klo bisa display harga realnya utk booking hotel biar tdk tergiur harga promo,5,2024-06-30 17:04:33,tiketcom
96fbec3e-cf3c-40e1-a871-e2609eeb6151,mantab,5,2024-06-30 15:26:57,tiketcom
70fe3a34-8762-4b51-b083-1abf9fad01a6,👍,5,2024-06-30 13:51:25,tiketcom
b7b2384d-4e44-4b81-ba21-160f4f891611,diskon nya buat ticet pesawat lah,5,2024-06-30 12:03:12,tiketcom
254da192-e980-4cb3-a660-1eefdb7dd8c3,tolong di bantu aktifkan paylaternya dong,5,2024-06-30 09:33:09,tiketcom
224034c5-9d40-490d-854d-c3a9f8e3ddff,banyak dan sering diskon.. saya suka saya suka saya sukaa,5,2024-06-30 07:49:00,tiketcom
ca075ac6-b0dc-4bfe-b10e-38d65ade600d,"Harga yg ditampilkan jadi sebelum Pajak, Jadi tidak Real ! Lebih Baik kembali seperti awal, Harga real tanpa ada biaya lain lain !",1,2024-06-30 05:37:41,tiketcom
edb9f8d8-aa09-443d-b165-f29b6405c135,Good,5,2024-06-30 00:08:37,tiketcom
722e41ee-46b1-4a99-9ca1-e5feb3515b4a,"HARGA HOAX, BELUM TERMASUK PAJAK, DLL. GA ADA OPSI BUAT LIHAT HARGA FULL 👿👿👿",1,2024-06-29 22:45:18,tiketcom
e2a714f0-ebf4-4163-8520-912199a63165,"recommended, utk harga paling murah",5,2024-06-29 20:32:01,tiketcom
02f43cf4-7a12-4cd7-ace5-9d9a891d9907,Sangat membantu,5,2024-06-29 19:50:34,tiketcom
a436d06d-6ff7-4dac-9ec6-2065ccefa3ab,Setelah jadi Member banyak manfaat dan Bonusnya,5,2024-06-29 14:03:43,tiketcom
361dc059-d9b7-4214-bda9-60582b916407,"skrg susah mengunakan aplikasi ini,ribet,biasanya sy booking tiket & hotel via aplikasi ini,skrg karna ribet,pake aplikasi yg lain saja",2,2024-06-29 13:28:25,tiketcom
603237d9-e9c5-4c18-a154-488457c14ee4,Pemasar nya menjanjikan uang untuk mendownload nya tapi langsung di blok!!,1,2024-06-29 12:24:06,tiketcom
b27d5913-6a98-4a84-957c-775709ce8bea,aplikasi yg recomended,5,2024-06-29 12:23:37,tiketcom
030c76ff-8f11-4bc4-b5cd-512fca9baa84,bagus,5,2024-06-29 07:47:21,tiketcom
4fd8d3cb-a2ec-4c8d-991a-61ef93988f5a,mantul,5,2024-06-28 23:51:16,tiketcom
83319a50-cd07-41f0-89a3-8b1dd28918d1,aman dan terpercaya,5,2024-06-28 20:11:36,tiketcom
f97c8d77-ec60-4362-aaac-1b21b0d03984,mantap,5,2024-06-28 18:28:45,tiketcom
f2b1c92b-ab98-46d5-ac19-8f98690770e6,Ok,5,2024-06-28 16:46:21,tiketcom
f8616da3-7074-4292-a094-2bf3365323cb,"Coba dulu soalnya pengguna baru , ta kasih full kalau bagus nanti ☺️",3,2024-06-28 12:36:07,tiketcom
61e4b02a-79e5-4730-8ae6-5bc8a3186372,sangat baguss pelayanannya,5,2024-06-28 12:23:11,tiketcom
4eb9ca11-f135-4248-a2bd-ece8dc448b35,aplikasi nya lengkap dan banyak promo nya,5,2024-06-28 10:27:00,tiketcom
1cb75f55-b7eb-4d8a-a631-8da32157ddcf,"bersih,rapi,nyaman pokok nya",5,2024-06-28 09:46:17,tiketcom
e27b5a6c-5661-4047-9639-df646e46478e,Aplikasi nya bagus,5,2024-06-27 21:52:04,tiketcom
4f519938-0990-482e-99b4-1ee9630a8ad8,Mantap,5,2024-06-27 21:09:49,tiketcom
dfb64ea5-d8cf-4d75-8ac4-1a482622556d,Alhamdulillah aplikasi terpercaya,5,2024-06-27 20:07:53,tiketcom
469d68bf-5c68-4132-83f5-6c7a493fc0d8,Mantap,5,2024-06-27 17:47:52,tiketcom
be4fd011-28b5-416f-b5bb-4c22b42ec2ee,"Mau masuk lagi ribet bangat, pelayanan yang sangat buruk sekali...",1,2024-06-27 11:47:46,tiketcom
5503dc2d-653a-402f-8343-bcd6b3b0556f,Proses reskedul yg bertele-tele dan tidak menghasilkan solusi yg jelas. Uninstall..,1,2024-06-27 11:20:23,tiketcom
1f940e03-2f7c-4e83-996a-d026e95aad09,"aplikasi terbaik, keluhan diproses dengan sangat baik dan cepat",5,2024-06-27 10:56:26,tiketcom
05c34597-8039-468d-ac43-3028e85a3a03,Awas ada penipu buzzeer yang memanfaatkan kita untuk menginstal aplikasi ini...penipu semoga kau diadili oleh tuhanmu,1,2024-06-27 09:54:00,tiketcom
8cbe172f-16e1-4b75-b31c-c5506064c90f,good.. promo2nya di banyakin lagi,5,2024-06-27 05:24:10,tiketcom
0242eb2e-b9b8-4ee4-97fc-d0e02b2eeb28,Akun ovo saya di lokasi pak bos,3,2024-06-26 21:03:47,tiketcom
5e8b9029-7ed2-45d8-aa63-2708e4a2ec1a,good aplikasi,5,2024-06-26 20:54:40,tiketcom
85d335a1-030a-476f-bd49-aa37a9de512b,"Aplikasi erorr... Uang refund lbh 3hari blm jga masuk. Di email gk ada balasan, ngchat agen cs dlm pengecekan. Lbh dri 3 hari pngecekan teruss...",1,2024-06-26 20:40:03,tiketcom
4e6ea12a-bb0d-4ef1-8560-f66c422e9eea,"Pmbatalan tiba2 2 hari sebelumnya, bikin kita susah cari2 tempat lagi",2,2024-06-26 17:08:19,tiketcom
64f9ad3d-038a-4bb9-9e23-f89f0c8b338d,"Penipuan berkedok bagi"" uang 25rb awas",1,2024-06-26 16:31:00,tiketcom
3d21d97d-def1-4f19-9405-3f6eec0b5e3d,Biaya layanan nggk sesuai sama pelayanan,1,2024-06-26 15:34:32,tiketcom
907d41bd-6a57-4009-b297-e401ce90282d,Admin nya penipu,1,2024-06-26 15:13:50,tiketcom
e9cd47ca-a268-4b1c-912d-e3940189bc54,"Saya pernah dihubungi dan dimasukkan ke grup lalu disuruh melakukan misi soal aplikasi ini dan katanya dibayar, tapi ternyata tidak dibayar hahaha. Saya gk tau itu promosi dri aplikasi ini langsung atau itu modus penipuan, soalnya ujung2nya disuruh bayar klo mau ambil misi berikutnya.",1,2024-06-26 09:08:45,tiketcom
b2a9d2c0-e878-40c3-8d68-abbb2b5af99e,oke mantap,5,2024-06-26 08:04:15,tiketcom
dfba7a6e-5e5e-4f81-ba87-99e8a995f792,perlu banyak promo menarik. seperti tetangga ( teveleloka) semangat tiket. com,4,2024-06-26 07:52:01,tiketcom
a75abdff-1b6a-4dea-a1cf-3fa54b019db2,membantu di saat urgent dg kredivonya 😁,5,2024-06-26 06:20:51,tiketcom
46740f61-9db5-4ec6-b101-db1604951347,Points yg selama ini terkumpul hilang grgr app nge-bug SAAT TIDAK JADI transaksi hotel. Langsung 0. Saya pengguna lama dan sangat kecewa,2,2024-06-25 22:03:21,tiketcom
a84de301-0d3b-42ba-9b40-88df0a49a0fb,"Hoax di suruh download apknya+ tele katanya dpet reward saldo, udah download daftar saldo GK di kasih bnyak alasan. HATI HATI AJA CUMA REWARD KECIL AJA GK DI KASIH",1,2024-06-25 20:14:32,tiketcom
6d318826-f858-4958-b94e-79bfa38a573f,"Aplikasi sampah , Udah REFUND Lama sekalinya di transfer bukan sesuai permintaan !! TOLOL",1,2024-06-25 19:38:11,tiketcom
69cad178-bef3-4532-9938-c22c566a0171,Murahh,5,2024-06-25 16:13:39,tiketcom
4f23ed6f-5bad-4d86-8b27-1778c1239e96,Kenaoa harus ngikut ranch sih...,1,2024-06-25 14:32:41,tiketcom
539ed4ef-55d1-407c-a34a-48f68b58829b,Baik puas,4,2024-06-25 14:21:35,tiketcom
7752055c-63d5-4481-9bd3-ff12c65568ce,Aplikasi terkadang tidak dapat digunakan.,1,2024-06-25 11:26:12,tiketcom
968fc39b-b115-457c-8f9a-6d0f1a46e04c,Jangan di Paksakan kalau Enggak yang setuju jadi satu Akun sama Blibli,1,2024-06-25 09:42:09,tiketcom
9b0e59d4-e246-4b86-92a7-7d3bc9b632d8,Mantap cepat transaksinya,5,2024-06-25 07:49:07,tiketcom
fb04f841-9a75-404e-9efb-78947aeada04,"Jangan pke aplikasi ini yg pasti2 aja aplikasi lain,karna saya 2 kali bli tiket hotel pas datang hotelnya bilang dah g kerjasama udah diblokir,komplen ke aplikasinya cma ditelpo2n dan ditanya udah aja ga ada kejelasan dan hangus....kan sayang klo lagi lburan jauh",1,2024-06-25 06:19:05,tiketcom
aee65e0d-518a-45b4-8734-2425e221a60f,"Kenapa tiba"" Gak bisa dibuka, pke blibli jg gak bisa kek mana ni apk makin gak jls aja sdh bagus"" Malah kyk gini",1,2024-06-25 00:38:36,tiketcom
73107416-4977-4ff2-a8dd-b69ce6da5be0,Ah taik lh... Akun ga bisa di buka sehabis update kenapa sih harus di gabungin sama aplikasi blibli? Udh coba login tetap ae ga bisa ancoreee pindah aplikasi sebelah aja dah.. Uninstall ae lh.,2,2024-06-24 21:51:15,tiketcom
0b27ef51-fd5d-4721-8a44-93e30d433068,Aplikasi yang sangat membantu dalam merencanakan perjalanan dan liburan,5,2024-06-24 21:35:56,tiketcom
1feee553-43b8-459d-b7cd-5f89da8f8224,"setelah di gabung 3 aplikasi jd 1 malah ribet pakex, hrs msk ke web segala tolong balikin aja spt dl... ini sangat menyulitkan",2,2024-06-24 21:22:21,tiketcom
2d86f3ea-b56b-40c1-a402-32edce39d9d4,Pelayanan baik,5,2024-06-24 19:56:43,tiketcom
e144f9c5-9b4e-4bf8-b8fd-bd859b27f0df,Bagus dan berguna,5,2024-06-24 17:56:27,tiketcom
fd9b4351-3ea7-4a29-8bdd-0415c048d631,Very good,5,2024-06-24 17:37:07,tiketcom
053584bc-e76d-431d-8392-075e6fe1c9c0,"Satu akun untuk semua, akses masuk ndak bisa sama sekali sdh berhari-hari. T o l o l",1,2024-06-24 15:47:10,tiketcom
6866d9e0-d9e3-4d95-988c-8fad609a3fb1,Maaf saya kasih bintang 3 dulu...ini paylater knp ditangguhkan padahal saya tdk pernah ada tunggakan dan bayar selalu tepat dan pelunasan cepat aneh qo bisa ditangguhkan dengan alasan yang ga jelas.,3,2024-06-24 11:52:37,tiketcom
d2a31b20-3f7b-4510-9fc9-2c21ddfba690,harga bersaing banget,5,2024-06-24 09:38:27,tiketcom
eea3fa4b-577f-473a-840a-ee082a11d5df,aplikasi bangsatt gara2 lo gw kena tipu 4jt,5,2024-06-24 08:34:53,tiketcom
fca38426-6bde-41f4-9c1a-02040a94255d,"Selama pakai aplikasi ini ga ada masalah ya, smua gampang, efesien juga bisa reschedulle juga bila refund dibantu banget...",5,2024-06-24 08:34:10,tiketcom
6feccaae-c426-4145-9071-960c9d2d292e,Oke,5,2024-06-24 06:39:01,tiketcom
394f4d6f-b5aa-4e03-947b-86d5220a0504,Harga hotel makin mahal klo order disini. Payah,1,2024-06-24 02:36:10,tiketcom
194a74c1-5eae-446b-90af-58716e7a0e88,memuaskan,5,2024-06-24 02:05:41,tiketcom
7743b00c-15db-47ca-8f27-65e58f76d269,Mudah digunakan,5,2024-06-23 22:32:10,tiketcom
b12250cd-0281-43d1-a270-b6f5f64cdcdc,Best Apple for booking,5,2024-06-23 22:19:56,tiketcom
23801d50-07a5-4eb6-a254-c5d89ef748d7,Mudah...murah....dan banyak keuntungan reward,5,2024-06-23 21:23:31,tiketcom
7b9f9805-dc33-4745-bdf4-f35394e98b99,"Udah 1tahun pake tiket. Com sayang bgt skrng jd mahal, pajak ny naik kek ny tp g beda jauh sama burung biru.. Dahlah kecewa padahal banyak rencana auto cari yg lebih murah",1,2024-06-23 20:29:29,tiketcom
c1923d11-744a-4dd9-ad94-4a4c5fb1ea6f,"Gajelas harganya sekarang lebih mahal, dan tidak bisa dari gmapsl direct ke apps",1,2024-06-23 19:35:38,tiketcom
07212a05-a4da-4443-8374-bcc4b0d6c32b,good,5,2024-06-23 18:05:43,tiketcom
50e40485-0eb8-42b0-9ebb-b335f763e531,mudah dan praktis,5,2024-06-23 17:57:33,tiketcom
a82c1cfa-1a25-48cf-a4b2-0ef7789f51bc,Nice,5,2024-06-23 17:08:19,tiketcom
032761a2-d08f-4ea4-b2e5-1e86baad9bbb,update,5,2024-06-23 13:14:47,tiketcom
cc06de89-21e5-4935-a470-58d66861f30b,helpful,5,2024-06-23 09:20:02,tiketcom
3bb912ed-1a67-4005-8851-910801f5ae77,mudah dan sangat membantu,5,2024-06-23 09:16:08,tiketcom
6cb53673-1513-4a8b-966c-84c1dfe5fac2,mulai lemot,4,2024-06-23 08:51:32,tiketcom
6cbb4e9d-fd3c-4650-9406-2b69e795e673,aplikasi sampah.. smoga yg punya aplikasi ini diberi penyakit yg ga sembuh2.. amin amin yallah.. anda merugikan banyak orang.. kasian mereka yg ga punya uang dengan rugian yg di tanggung..,1,2024-06-23 07:54:14,tiketcom
8b65b548-f235-4a26-bed4-f7f70fe5681c,"mau login aja ga bisa disuruh buat akun, padahal email & hp sudah terdaftar, ribet banget",2,2024-06-23 07:03:33,tiketcom
533688cc-4f13-4fe7-ba99-f1d875d5b52c,Ok,5,2024-06-22 23:06:16,tiketcom
eebbcc16-f69c-49a4-8f59-e5283967c187,"Tiba2 paylater di nonaktifkan..aneh, padahal ga pernah telar bayar..aneh",1,2024-06-22 21:12:15,tiketcom
fae9a0f4-703e-4816-b58a-71dc0d3face3,baik,5,2024-06-22 21:08:31,tiketcom
978c466e-944b-4414-8b13-e69d68e6fd26,Harga lebih mahal dari harga aslinya,4,2024-06-22 19:11:40,tiketcom
c6d8facd-618d-4b42-8b7f-0aa8b848cd78,"Apk ga jelas, buruk. Masih mending pake traveloka",1,2024-06-22 18:58:45,tiketcom
cf7348da-6fee-4638-b4c8-7101cc6a97b9,fiturnya lengkap sekali,5,2024-06-22 16:15:19,tiketcom
f87d6423-b1cc-415d-945f-0884ca6af182,Pesan notifikasi tidak bisa di baca/di buka.,5,2024-06-22 14:23:05,tiketcom
b5e1fd06-2780-46e9-8e1f-523f79196f1b,apk user friendly,4,2024-06-22 14:05:43,tiketcom
97aaceec-41fe-475e-9e2f-fb06b7e2e48c,Aelah admin nya ga ramah di wa,1,2024-06-22 11:47:23,tiketcom
57c4aba0-7475-495f-b311-1a2d142eb554,"tolong tindak tegas scammer yang melakukan scam. te4sebar di grup whatsapp, dan telegram, dengn embel2 rewards ujung² ny tf dluan. saya ada bukti ny",1,2024-06-22 11:15:57,tiketcom
2684f3bd-5b62-4d4b-bfb8-643ed56cec59,"Hati2 dengan Aplikasi ini, penagihan pihak ketiganya nya sangat kasar, mengakses sosial media kita dan menyebarkan foto keluarga dengan menggunakan ancaman yang kasar . .",1,2024-06-22 06:13:47,tiketcom
2dba100e-b592-4edd-9ff7-4385fe652961,"sumpah kecewa bgt bener bener kecewa banget gunain aplikasi ini,, niatnya mau staycation jalan jalan jauh eh udah jauh jauh malah KODE BOOKING ID tidak sesuai sama pihak hotel.. pliss lah yang bener kalau kerja,, khawatirnya customer lain udah jauh jauh buat pesen hotel,, eh kode bookingnya ga ada bahkan berbeda malah di bilangnya dari aplikasi lain.. terus katanya gabisa di refund lagi, kebijakan apa itu.. saya sudah datangi hotel itu disuruh refund pas di refund malah gabisa,payah no solutif!",1,2024-06-22 05:07:26,tiketcom
389c35b4-3d89-4e6b-a71d-dab467cc019d,Aplikasi yang rumit,1,2024-06-21 16:40:57,tiketcom
ce292ca8-ad49-451f-8d0b-1e41dd8ec606,Aplikasinya mau disatukan dengan aplikasi lain malah tidak bisa dibuka,1,2024-06-21 16:31:04,tiketcom
28588a55-5a56-49fb-afef-f98036c55d86,Servernya kurang 429 aja uda ful,2,2024-06-21 14:20:39,tiketcom
b7f760f9-4fdf-4c12-a959-dc5d0c354d4f,Aplikasi rusakkkk di buat war tiket erorrrr,1,2024-06-21 14:08:44,tiketcom
2b5f1d11-8f5e-445d-ac69-2cc43981ed5d,"Susah login, apk apa ini..",1,2024-06-21 13:36:57,tiketcom
d949e472-508c-4a11-aee2-036306b2043f,mantap,5,2024-06-21 13:00:49,tiketcom
59e1c9bb-f4fd-43c4-a0ae-1563ffee035b,"Mangkin mahal harga setelah pajak, melebihi apk lain.",1,2024-06-21 12:48:18,tiketcom
0918d4fa-3960-4bae-b406-e3ac714ed9c2,"Dulu tidak ada biaya tambahan pajak dll, setelah Tier Platinum malah skrg jadi banyak tambahan biaya nya....",2,2024-06-21 12:44:05,tiketcom
6bcd1a36-bbf9-4ed0-ab8b-f9e2d083a6ba,jangan mau download rating banyak karna penipuan ada ordalnya yg nyuru download aplikasi ini nanti di kasih pulsa klo gapercaya gua ada buktinya bkn asal nuduh,1,2024-06-21 12:39:30,tiketcom
8f22a28d-d536-40d8-af28-ee1a50fcb804,top,5,2024-06-21 08:43:42,tiketcom
e29b4e8e-99da-4750-a9fc-f3c47bfea8b0,"APLIKASI PENIPU Jangan pake APLIKASI ini, HOTEL nya kebanyakan hotel mesum yg di foto seolah olah mewah. Padahal hancurrrr.... Klo kita komplain seolah2 di tanggapi padahal masuk jebakan ke 2. APLIKASI PENIPU",1,2024-06-21 05:45:28,tiketcom
9cda058d-4da4-419b-8b30-e4a045fdb73f,Untuk pengguna baru yg menggunakan fitur jemputan bandara. Di penawaran menampilkan gratis tol bensin dan parkir. Aslinya tol hanya di subsidi 25ribu dan naik jemputan di drop off keberangkatan bukan parkir kedatangan. Keterangan subsidi 25ribu baru tertera setelah mendapatkan e tiket.,4,2024-06-20 23:16:37,tiketcom
148387c3-108d-429b-9c51-9198a7752672,🙂,5,2024-06-20 19:23:28,tiketcom
dc93c330-7fc3-424e-b640-9c1595061ea2,Bagus dan mantap,5,2024-06-20 17:15:45,tiketcom
dcad8862-1004-4006-aae6-ab864ffe609d,aplikasinya bagus,5,2024-06-20 17:04:37,tiketcom
7c4c8547-bc5c-4cc8-a376-b109412fac01,semoga sukses selalu dan mempermudah customer ya... br 1x pake paylater and proses cepat thanq,5,2024-06-20 11:46:39,tiketcom
27157a45-03ec-4d92-9597-b316df27d0a5,baik sekali,5,2024-06-20 07:33:38,tiketcom
a0059029-629b-4fa7-b903-56d666237d7e,bagus,5,2024-06-20 07:32:38,tiketcom
ba48b51c-2dc2-403f-85ef-1d488d7e4412,Kenapa gak bisa log in ya??? Setiap mau login selalu loading terus menerus dan sangat lama?????,2,2024-06-20 07:32:23,tiketcom
bd11b1d8-b2ac-473f-86b5-6d5fa3b0d30e,oke,5,2024-06-19 22:17:58,tiketcom
15d62c35-0258-447e-ba2c-8fcfcda110f1,Sudah langganan beli tiket pesawat di sini.,5,2024-06-19 21:46:29,tiketcom
7aeb1f40-01d9-49d3-aad3-b4ffccc7e205,Bobrok,1,2024-06-19 19:33:56,tiketcom
a0b2ebc2-ca17-4c2e-a5b8-9a5016ed03f7,Merasa terganggu dgn iklan kerjasama tiketdotcom dan bliblidotcom yg menghalang form pemesanan tiket. Berencana uninstal.,1,2024-06-19 17:34:46,tiketcom
6f91bc02-7462-4df7-b5e5-4abfc777a45b,ok,5,2024-06-19 12:15:11,tiketcom
53efb06b-0a4b-449c-a9c2-7f8d95bd2c8a,"Kenapa setiap buka aplikasi TIKET harus connect k aplikasi BLIBI ?? Sedangkan mw DI CONNECT k BLIBI SUSAH SEKALI, tolong d PERBAIKI SISTEMNYA.....",1,2024-06-19 11:05:18,tiketcom
a25875d7-a55f-4d5f-974e-3129c4375944,"Bintang 3 dl. Tolong di perbaiki.. saya hampir seminggu ini nyoba untuk pesen tiket bis gagal terus untuk lanjut pembayaran... Padahal sudah update jg, kenapa malah jadi error terus y.. sudah coba uninstal dan instal ulang ternyata sama aja",3,2024-06-19 10:13:08,tiketcom
bcbb640a-b684-42c9-95e9-ba38bbd579aa,"layanan cepat dn mudah,",5,2024-06-19 09:30:37,tiketcom
d1aab9ef-d377-467e-afb2-66ed13699211,bagus hanya saja harga harga tiket pesawat tinggi sendiri dari pada apl lain perlu di koreksi agar harga lebih hemat disini,5,2024-06-19 07:02:01,tiketcom
2e47da73-8a33-49eb-bf48-e641a41b14b4,good,4,2024-06-19 06:58:05,tiketcom
dbc879d1-5cff-4d27-8cf0-e2e43e017506,Sudah lama langganan disini kalau beli tiket pesawat dan hotel. Tetiba aplikasi mnta update dan tidak bisa login kembali. Padahal sudah dicoba berkali2....gimana dong,2,2024-06-19 03:52:43,tiketcom
26c84ac2-53c1-4ecf-9f4b-8cea805833da,Very Competitive and easy to use,5,2024-06-19 03:03:47,tiketcom
36c6cfe1-0882-48c0-bdde-124b4bc47384,bagus. suka dapat diskon,5,2024-06-18 21:44:58,tiketcom
e837bd39-5721-4f33-bf65-ec8e55b4b85d,keren bgt recommended,5,2024-06-18 21:08:25,tiketcom
99281ee0-9725-41bc-9f26-7c9e19454a57,"Ga pernah logout dari aplikasi, tau taunya update trus info dari aplikasi dengan 1 akun bisa akses ke beberapa ke blibli tiket atau ranch..di klik ayo mulai tau2 diarahkan ke halamn browser dan tidak bisa buka aplikasi tiket lagi..sedih",2,2024-06-18 19:41:43,tiketcom
dc3fee35-9ea3-441d-a68b-5ed9d1d4eb4d,Sukses slalu.,4,2024-06-18 19:21:52,tiketcom
a0c52a19-7a47-439c-bd09-a805a7615474,"sempet kecewa, tapi CS menghandle komplain dn penyelesaiannya dengan sangat baik. terima kasih",5,2024-06-18 18:08:10,tiketcom
d8cef49e-954c-41f7-b10e-dcaf895f6559,harga tiket pesawat indonesia-kualalumpur malaisya,5,2024-06-18 16:41:15,tiketcom
86ec8c9c-a05c-48fd-b733-8b7116f65446,bagus,5,2024-06-18 15:40:41,tiketcom
3a724520-65a6-48cb-9911-90d3a6f1c9d7,"sangat membantu, terima kasih seluruh tim pengembangan",4,2024-06-18 14:48:50,tiketcom
ec60e7ab-bf2d-40ee-b18a-79e6a73d03c0,Susah sekali masuk aplikasinya skrg,1,2024-06-18 13:14:36,tiketcom
86304ec2-1f49-4409-8ef9-6ba06310b718,"Kurang update, jam keberangkatan bus jauh dari tepat waktu, menyebabkan keterlambatan perkiraan sampai tujuan",3,2024-06-18 11:53:20,tiketcom
4b8adb1a-9223-4e47-af8e-92b219e3a12a,"Kenapa ya, aplikasi tidak bisa di update di huawei nova 9 dan juga di atasnya..? Padahal sering sekali saya pake aplikasi ini utk cari tiket pesawat maupun hotel..",5,2024-06-18 08:43:32,tiketcom
fe1952bd-b743-4cfc-b8aa-fe116eb94944,banyak membantu dan harga termurah di kelasnya terimakasih tiket. com,5,2024-06-18 08:11:02,tiketcom
aaab67f2-a22f-4339-8a96-0da0f0e7c708,Good Help,5,2024-06-17 18:09:52,tiketcom
18aa53b5-b8ba-4d85-b772-c0beea3b3f3f,okelah,5,2024-06-17 15:24:56,tiketcom
2793a963-24eb-41b8-b28b-4dcb1393e9f8,sangat komplit,5,2024-06-17 13:41:09,tiketcom
55ce5d3b-181f-45fc-9575-f7a562678d68,apk nya lemot malah di suruh pindah chrome loading loginnya juga lelet niat bikin apk gk sih,1,2024-06-17 08:43:51,tiketcom
820dcf72-27c0-4561-a75c-6ed718ae6c01,"good, banyak diskon",5,2024-06-17 00:40:32,tiketcom
745e00be-3687-4371-b67b-a24d27477bc7,"Masa iya booking tgl 16 hari ini kok bisa booking di tgl 17 , mana di refund tidak bisa sudah jauh2 dari rumah sampai ke hotelnya , ternyata cek im tgl 17 yabudah balik lagi , mana di refund GK bisa , longor2",1,2024-06-16 22:37:25,tiketcom
f7b58502-20b6-42c2-92b1-07327b3e8637,"Claim asuransi nya berbelit, percuma pake asuransi, mahal nya doang mending gak pake aplikasi ini",1,2024-06-16 20:55:22,tiketcom
28dc066f-931f-45d0-9b32-f1e8ced73606,good krn banyak promo potongan harga,5,2024-06-16 20:18:24,tiketcom
0a404d4f-dc8e-41c7-b41e-175daa4bde78,Sangat baik,5,2024-06-16 18:17:20,tiketcom
c70bace4-b99b-45da-9a45-e99531c2c3d5,bagus,5,2024-06-16 16:19:35,tiketcom
a2997054-bd27-4d63-99a6-2d570773b898,"Kenapa setelah di update mau masuk ke aplikasi ribet banget kaya agak susah buat masuk ke akun, tolong solusinya gimana?",4,2024-06-16 14:00:59,tiketcom
bf057081-6bdb-43a5-b4b7-c4f6fb0863e4,"Aplikasi buruk, mambatalkan perjalanan konsumen dengan sepihak dan parahnya gabisa refund, jangan mau pesan tiket disini rugiiiii !!!",1,2024-06-16 12:36:38,tiketcom
4492df44-41fa-466a-80ed-30a95f3b5385,mantap sangat membantu,5,2024-06-16 11:23:48,tiketcom
51d305a0-57df-402d-8fe3-c0308423a863,"Saya pesan pertama kehabisan waktu bayar (15 menit), mau lanjutkan pesanan yg ada tdk bisa. Akhirnya pesan ulang dan buru-buru bayar ternyata tanggal belum kerubah masih buat besok tdk sadar. Baru tau setelah sekian menit saja cek pesanan aktif ternyata tgl salah. Ada menu reschedule tapi kena biaya tambahan lebih dari 50 % sama sekali tdk dikasih toleransi sangat merugikan pihak costumer.",1,2024-06-16 10:38:16,tiketcom
b094a163-d3a2-455f-90ce-43f3699da168,"App sangat memaksa untuk menggabungkan akun, jadi susah untuk masuk padahal mau cari tiket",1,2024-06-16 01:46:31,tiketcom
9028039a-0acd-4b58-ba6c-eabb3577719e,Aplikasi praktis beli tiket pesawat,5,2024-06-16 01:43:04,tiketcom
b79f668f-f09b-4aef-a38c-dda43bfac7d3,", 👍👍",5,2024-06-15 19:46:10,tiketcom
d9834208-838d-444d-8840-651c609f8657,sgt Mantap,5,2024-06-15 19:27:05,tiketcom
d5940acd-fe38-4e98-8c7d-88e235ed3b6e,user interface sangat baik,5,2024-06-15 19:11:12,tiketcom
4d6fe9cd-6d8d-4a2f-9d0a-8a47143ce6b8,Tidak bisa langsung pilih kursi kaya dulu,3,2024-06-15 15:32:49,tiketcom
e22b3362-167d-4d21-b69f-e7b2e3ba49dd,"Sekarang kok malah seperti agoda, harga hotel berubah jadi naik ketika mau di check out bayar(mungkin tambahan biaya aplikasi/pajak)kita ndk tau,tdk ada rincian nya soalnya,seperti dulu aja, harga yg terlihat adalah harga yg di bayar,sdh include all in di depan....",3,2024-06-15 09:37:37,tiketcom
0e9801fc-f428-4038-86c3-db57f5952ea3,Kenapa selalu gangguan?,2,2024-06-15 07:08:37,tiketcom
88965985-99bf-44e9-9a3e-aeaf24bd7703,ok,5,2024-06-14 23:58:49,tiketcom
fa381f51-1315-46e0-83f5-18d48762ea77,"Parah bener ini aplikasi, maksa penggabungan akun ke Blibli dan ranch. kalau ngak, ngak bisa dipakai. Ngak ada pilihan lain selain di uninstall. Mending pakai agoda. Ngak ribet. Bye bye..",1,2024-06-14 08:59:10,tiketcom
4ad48021-d8a7-4161-9e2f-73067c6e6e20,"sekarang setelah gabung blibliii jadi lemottt setiap kali buka harus registrasi ulang, dan lemott banget .",1,2024-06-14 07:52:27,tiketcom
3dec693f-289c-4011-bb6e-3cfeb8213329,Sudah hampir 1 bulan akun tidak bs login sejak sinkron bliblitiket,3,2024-06-14 05:48:08,tiketcom
bb78adb1-0973-48c9-a90a-7b1a788c8d5b,"mantap, dan murah",5,2024-06-14 05:40:38,tiketcom
247f9feb-9752-4347-916c-8c2ab8c30833,Pemesanan hotel ribet sudah diisi lengkap ada notifnya ada yg belum terisi,1,2024-06-14 05:20:29,tiketcom
f42d06e5-29bc-4d8a-bbdb-89558b11b366,Ok top,5,2024-06-14 00:24:55,tiketcom
f87259f8-5ec0-4d20-9cc0-8f6477f767ed,aplikasi nya ngantuk,2,2024-06-13 23:40:06,tiketcom
4c6b8667-3d5f-4370-adab-c4cc0715bb7b,Tertipu dengan harga murah dan potongan okelah ngak banyak cuma 60k kalau emang ngK or udah tidak kerjasama mending di ngak usah di promokan rugi,1,2024-06-13 19:31:46,tiketcom
3e5f493e-e9fd-4a5e-b12d-9e7461e41d4c,"aplikasinya enak, tpi sekarang sejak bisa gabung sama blibli, tolong dong kalau gamau gabungin yaudah, soalnya mau mau masuk apknya susah jadinya, harus masuk ke blibli dulu",3,2024-06-13 17:32:46,tiketcom
8a45aa43-31bf-423c-b7a0-53664f8bf3b7,Yg terbaik aja,5,2024-06-13 15:22:50,tiketcom
ea185ea7-2c07-480a-acf2-efb175f66fc0,Knapa loginnya harus tersambung dlu sama aplikasi bli bli?? Kn jadi rumit mana lupa pasword imelnua hmmm,3,2024-06-13 13:19:24,tiketcom
a586c3e1-c19d-4091-b723-a2341d839179,nice,4,2024-06-13 10:52:11,tiketcom
e3507e53-fb2e-4fdc-82cc-380a126fa925,"Kok ga bisa masuk aku sih padahal udh pake lama, mana poin tiketnya lagi banyak²nya pula,...",1,2024-06-13 08:45:12,tiketcom
21f6dcd1-d24b-47e4-81e0-f60af719a5a2,Sempat ada masalah error login aplikasi. Namun CS nya cepat tanggap dan solusi tidak ribet. Terima kasih,5,2024-06-13 07:12:27,tiketcom
c128b0e2-fd06-4548-a550-792cb98514f3,kenapa aplikasinya selalu dialihkan ke RANCH ketika mau pesan tiket dan tetap tidak bisa login...,2,2024-06-13 07:00:41,tiketcom
4145f879-56f6-4bdc-a0d9-e224131a6e10,"Ga bisa log in, minta aktivasi terus",1,2024-06-12 21:16:52,tiketcom
24fd5f28-2820-42e2-93ee-835fe8fc81f6,Aplikasi Brengsek setelah update nggk bisa Login,1,2024-06-12 20:35:01,tiketcom
f60da240-73ba-4aee-a530-5b45f2f313c6,Mantap,5,2024-06-12 15:33:13,tiketcom
b8407b7f-02d5-4474-b9aa-c6c6d3799022,"Udh pesen tiket kereta PP ehh pas update/kerja sama dengan bli bli malah loginnya ribet ""terjadi kesalahan , silahkan ulangi lagi"" Alhasil ga bisa login tiket pun hangus",1,2024-06-12 15:27:50,tiketcom
3585efd3-813c-4f5b-8b24-c19e062b44ca,"Kalo ada yang atas nama Mega purnama sari ngechat kalian jangan di terima penipu itu dengan embel embel aplikasi ini ,jadi percuma aplikasi ini rating bagus karena hasil tipu",1,2024-06-12 15:16:22,tiketcom
15d51818-f910-4815-ba67-e8cb55935aef,"Sy trtarik,,pemesanan penginapan hotel yg sangat mudah dan lancar tanpa kendala",5,2024-06-12 13:39:14,tiketcom
84ad7ce9-86bb-4045-a168-adbcc9820326,Susah diajak kerjasama. Sering banget eror. Udah banyak promo tapi t&c gak jelasss.,2,2024-06-12 12:46:12,tiketcom
1657634b-c53b-4ea3-9c6d-e79913755c5a,"Ribet sekarang aplikasi ini, unistal",1,2024-06-12 12:35:10,tiketcom
c8ce6128-e42f-4cc8-bc61-73738335c40c,oke,5,2024-06-12 11:05:10,tiketcom
75628415-d294-4cb4-b735-cf0671055568,Bagus,5,2024-06-12 10:18:37,tiketcom
cf6ffb54-7f50-456b-9ba7-94b7afde99c1,Proses Keluhan lama.,1,2024-06-12 10:01:34,tiketcom
51611483-01bf-4ae5-9afc-b34c0995fd2f,"Saya tidak bisa masuk ke akun saya lagi setelah di-update ulang,, saya tidak bisa masuk ke aplikasi yg disatukan mohon kembali kan ke aplikasi semula saja",2,2024-06-11 22:15:20,tiketcom
b083e858-0fbe-4ca7-9db8-cba2bf7cb523,"2 kali Refund nggak pernah di balikin uang saya, aplikasi sampaahhhhhhhhhhhhhhhh, anjingggggg",1,2024-06-11 20:48:12,tiketcom
8b8dbc0f-cabc-485b-8cef-0e253bbc0263,Rekomendasi hotel busuk,1,2024-06-11 20:06:54,tiketcom
741e69c9-0649-462f-aea4-975dce3173ba,Oke,5,2024-06-11 19:05:06,tiketcom
7009973a-f7b8-4d4d-b3fc-3eb713ac75fe,bagus,5,2024-06-11 14:52:23,tiketcom
40782945-1c87-41c2-9956-3d6e4fcde6c8,ok,5,2024-06-11 12:52:33,tiketcom
18ec0282-b62c-4dd2-8e26-36ab78b02586,"Jangan beli di sini banyak scam nya , beli tiket borobudur gak bisa masuk Transaksi sukses etiket tidak di kirim",1,2024-06-11 02:15:02,tiketcom
c4826ed1-471a-4751-a39d-623bf54c3dbd,"Tiket sekarang knp jadi jelek sih ?. Hrg yg tercantum diluar pajak, jadi seolah2 lebih murah dari kompetitor... Dan sejak Aplikasi nya bergabung dg Blibli, login jadi ribet...plus kerjasama nya dg Paylater Indodana udh gak banget...👎",2,2024-06-10 21:21:25,tiketcom
944abbd6-5bc5-4f67-b46b-316a7241d750,sangat membantu sekali,5,2024-06-10 18:54:40,tiketcom
a2d76e3c-19b8-4c6b-bc09-964212b960a6,Keren,5,2024-06-10 18:06:32,tiketcom
cff208ae-d531-4221-971a-89979294db2c,gua g mau pake blibli,1,2024-06-10 18:02:48,tiketcom
b2badfa4-227a-4ab2-bda3-f383ec48b469,MISI,5,2024-06-10 17:59:20,tiketcom
b129269c-20c8-4ca6-aac3-4eee43afae0e,Aplikasi ini untuk boking tiket pesawat saya masih ragu.. Karna kadang hanya nama saja tidak ada kolom untuk isi tanggal lahir /nik Sebagai pemula sangat ragu.,3,2024-06-10 17:50:28,tiketcom
4c896319-ab39-4c45-b54d-ba88e077aa40,ok,5,2024-06-10 17:14:36,tiketcom
cf48aad4-37a9-40c8-9697-8e82b7346c59,Wow keren...,3,2024-06-10 15:01:34,tiketcom
20be3cb9-1863-4a60-91e3-4c2a0930526c,"Aplikasinya sangat membantu untuk cari hotel, tiket, dll..",5,2024-06-10 14:30:49,tiketcom
3671dbf9-e5ca-4d61-a024-d4703216a11f,"ngapain sih ngerepotin bgt kudu masuk ke ranch bisa gak sih gak ribet gitu, maksa bgt lo repot gw",1,2024-06-10 13:55:02,tiketcom
4f58130a-1323-459d-81ce-b8a4c171ddd9,Setelah update diarahkan ke acc Blibli tiket dan tdk bisa loading. Belum bisa digunakan... 🥲,3,2024-06-10 13:32:18,tiketcom
38b27e7c-3992-4c3f-948c-27de40e8243e,ok,5,2024-06-10 12:13:07,tiketcom
b55ee31d-8ac1-45dd-999c-22a652757a41,"Turun jadi 3 bintang krn aplikasi sering memaksa utk bikin 1 akun dgn Blibli & Ranch shg aplikasi tdk bisa diakses. Jadinya pakai aplikasi lain dulu Harga cukup kompetitif sih, kecuali utk antar jemput bandara yg lbh mahal. Saran: 1.) Harga yg ditampilkan agar harga yg masuk biaya transaksi; 2.) Opsi tambahan biaya asuransi, khususnya utk pembelian tiket pesawat, agar jangan disetting dgn posisi siap di-klik setuju, krn spti ingin mengecoh konsumen. Saran tsb agar transaksi lebih fair; Tks.",3,2024-06-10 12:07:07,tiketcom
537c09be-0321-4528-86df-717b9253eb60,Aplikasi sangat bagus baik untuk di gunakan,5,2024-06-10 10:56:07,tiketcom
1966fe71-d4c6-4587-9c41-07ce883b6bb1,Membantu dalam perjalanan,5,2024-06-10 10:17:22,tiketcom
c591dc8d-319f-49b0-9974-aa82821cdb8b,ok banget membantu sy tuk beli tiket kereta api bus dan hotel,5,2024-06-10 10:05:53,tiketcom
0edd13c8-6d9e-48a4-bbe3-bb25c9a6295e,"Kenapa skr harga hotel yg tertera BESAR hrg SEBELUM PAJAK, bikin PHP tauk. Ada tulisan kecil dibwh, harg stelah pajak",3,2024-06-10 08:11:50,tiketcom
0a3fef2c-792f-40b9-a73b-ddde155cbf18,terbaiks,5,2024-06-10 06:56:27,tiketcom
fe3bae27-bdde-42c9-93c3-3481b527732a,sangat membantu dalam perjalanan..untuk pembayaran tolong di perbanyak lagi kerjasama nya dengan payment yg lain.,5,2024-06-10 06:28:35,tiketcom
7ee23169-73c8-43e0-a586-fbbc8581b959,Bagus dan gampang,5,2024-06-09 21:07:53,tiketcom
96d5f1ca-7a06-4ab9-a2bb-9c105517e17a,MIRISSSSS iming2i reward biar banyak yg download aplikasi ini MIRISSSS,1,2024-06-09 18:17:36,tiketcom
500f3cd9-471d-49c3-9fe6-f97b8492b8e1,Top bgttttttt,5,2024-06-09 18:05:01,tiketcom
dafa20c4-d8a8-4e97-8f04-980bca852476,Semoga kaya selalu tiket. Com,5,2024-06-09 17:35:35,tiketcom
8c690125-818f-49a4-8975-99dece9d8420,tidak oke,1,2024-06-09 15:52:54,tiketcom
af90b237-e852-437c-91f5-a6735b540372,Good job,5,2024-06-09 14:43:52,tiketcom
9ea43da5-02d7-43f7-9aa7-edc26dc5422e,Apk bahaya,1,2024-06-09 13:35:19,tiketcom
906bde59-5874-4ddd-be71-ba4ad1dc4329,"Terpaksa saya sesuaikan reviewnya, aplikasi ini telah memberi pengalaman yg tak terlupakan. Senantiasa teliti dan Hati hati dg kebijakan dlm aplikasi !",1,2024-06-08 23:14:30,tiketcom
1001c77b-12bb-40e8-aff4-7a2c1f67b13f,Cepat tanggap,5,2024-06-08 21:29:00,tiketcom
04edefa0-f8d4-45ac-bbe7-fb03243e1f5d,Sangat bagus,5,2024-06-08 21:23:22,tiketcom
4c66a85f-02c7-4878-bee5-126154e3cbb6,"susah bgt nge refund,petunjuk tidak sesuai",1,2024-06-08 19:10:08,tiketcom
67a8bc0d-875c-42d0-81ee-a6cc5f6df745,Parah banget.setelah di perbarui bukan Mala baik . malah aplikasi nyanga bisa terpakai .dilog in lama terus ga bisa terpakai hadeeeeuuu,1,2024-06-08 17:17:11,tiketcom
1b6dec7c-69eb-42ab-ae0e-7a86089abdc7,"Jangan percaya sama aplikasi ini, penipuan ini",1,2024-06-08 16:48:46,tiketcom
d2082b64-cf32-47eb-bc83-57150eaaface,Teruntuk,5,2024-06-08 15:05:00,tiketcom
8207c694-0cf8-4082-b897-f63644af5b37,mantep,5,2024-06-08 14:11:45,tiketcom
12ade20a-f8be-422b-9412-6b5ffc713ac3,bagus proses cepat dan mudah,5,2024-06-08 14:07:27,tiketcom
0c001f43-eb52-4615-b4fa-f3c1ed4c5673,Sangat kecewa,1,2024-06-08 12:15:21,tiketcom
1e8a20e4-325a-40ef-b292-10d2835647ca,"Memang yg terbaik hanya Traveloka , pesan yg pasti"" aja dan real harganya , puas",1,2024-06-08 11:19:07,tiketcom
f6e94bfa-1d2c-4fcd-a8a6-6a26573d2f3f,"pelayanan memuaskan, untuk kamar mandi terlalu sempit",4,2024-06-08 08:24:45,tiketcom
b2015921-7b5f-41fd-b9f0-1ac50394f55b,"Sebelumnya bisa buka, eh mau buka aplikasi lagi susah neh. Perlu verifikasi akun yg lain, jadi ribet neh..ato dong ini aplikasi mau bikin mudah malah cara nya dibikin susah. Masalah harga juga dikenakan tambahan trus masalah refund nya pun perlu biaya lagi dan biaya lagi..ngk jadi murah deh.. semoga segera diperbaiki neh. Kasian konsumen nya.. terimakasih",1,2024-06-08 07:22:00,tiketcom
0fdd7b86-7fcb-47a3-8687-04ada2127a3f,Ok,5,2024-06-08 05:27:58,tiketcom
b31dee89-5685-46ff-8d9f-905a14493dea,Kecewa gabisa milih kursi sendiri,1,2024-06-07 19:15:14,tiketcom
3e8f9945-34b5-4bb7-8546-47b38d7c2dca,"Tidak bisa login setelah di update aplikasinya,bolak balik terus.",1,2024-06-07 15:44:33,tiketcom
def85248-e7e8-4e31-bb3e-bda35f3467e1,"Maksa banget untuk di gabungkan akunnya dengan bli2, setiap buka pasti suruh gabungkan akun,",1,2024-06-07 13:20:13,tiketcom
65e6612a-b245-44d3-aba4-26f7bcfba6bf,"y,,",5,2024-06-07 12:55:05,tiketcom
b6715029-9dbd-426d-927f-7093b5559722,GAK BISA DI PROSES,1,2024-06-07 07:22:20,tiketcom
370abc7f-e986-4e93-98ed-88ab43c6a04a,bagus,5,2024-06-07 02:09:52,tiketcom
70373afc-06d1-4808-b50a-59f70ac60b42,"log in kok di alihkan ke google chrome, stres nih yg bikin update apk",1,2024-06-06 22:06:12,tiketcom
738e0ec1-6024-4cc7-9c10-c0e723c92f53,Program bonus ajak teman kok tidak ada??,2,2024-06-06 20:27:17,tiketcom
575d8207-635f-429a-91f3-bf31be015773,bagus cepat meski ada kendala nama pemesanan booking rubah huruf sendiri setelah klik pembayaran tunai,5,2024-06-06 16:01:19,tiketcom
3472b826-8ace-4e5b-865e-0f22e67ad3ca,"Aplikasi isi admin nya hoax , bohong.",5,2024-06-06 13:00:39,tiketcom
b1cdfe77-753f-489c-8c5f-72826fe815ea,Suka 🫶🫶,5,2024-06-06 11:54:10,tiketcom
fc21f56b-d762-4cda-a533-c6280bc24c64,Trima kasi e tiket refundx uang kembali dgn normal potongan hanya 100 riby kembalinya juga cpt di tingkatkan terus,5,2024-06-06 10:40:44,tiketcom
7f4a98f4-c3b8-46f2-aef5-efc9c7f21e32,Yang pasti aplikasi ini lebih baik daripada aplikasi sebelah,5,2024-06-06 08:59:01,tiketcom
88b39d9f-f0bf-49f2-9dbc-68872890e187,"Aplikasi ne tambah jelek aja, masa saya pesan hotel harga yg saya bayar tidak sama dg invoicenya.. Mana saya pesan 3 kamar hotel lagi, semuanya ga ada yg benar hitungannya.. saya ga pernah hitung kalau sebelum2nya, ga tau kenapa kali ne saya hitung benar2 angkanya karena tumben banyak banget kasih potongan macem2.. Eh yg bener aja hitungannya salah semua mana ada yg sampai 100rb lebih lagi selisihnya, gimana kalau saya yg di cap memanipulasi oleh teman ? Penanganan Kendalanya jg lama banget",1,2024-06-06 05:47:49,tiketcom
ca0d8482-4032-4370-9102-95385e1f5e70,🔥🔥🔥,5,2024-06-06 05:10:17,tiketcom
7af56622-2f8a-41b3-9382-a5c47418540d,siiip,4,2024-06-06 03:41:34,tiketcom
a84e4b8f-b059-4faf-b17e-433df3561baa,"e-tiket belom keluar malah disuruh refund, mana cuma 75% dikembaliin... cape gw pake ni app",1,2024-06-05 17:19:44,tiketcom
43f974ff-d03f-471f-9676-7de15f27c8ca,bagus,5,2024-06-05 13:37:33,tiketcom
fd767389-2fda-486b-91ad-87e9cacc015a,mantapp gess,5,2024-06-05 13:08:25,tiketcom
de9a223c-e744-41f2-9859-0b8d027eed24,min...saat lanjut pembayaran knp halaman kosong yaa...ga ad tampilan apa2 ? (Xiaomi note3 pro),3,2024-06-05 05:40:37,tiketcom
e8710d21-4de1-4ed4-9101-4c58aa25a7bf,Sangat membantu,5,2024-06-05 00:36:00,tiketcom
aaf64095-2177-423c-af10-5e3b86b00632,"Memuakan sekali. Mau masuk apl saja harus ke apl blibli. Bukan tambah baik, semakin buruk saja",1,2024-06-04 23:22:32,tiketcom
78983c67-7f0d-49c1-ba63-ff0e14814e89,"ENGGA ENGGA LAGI GUE PESEN TIKET DI SINI BNGST BANGET, TAUGASI MINTA GANTI TANGGAL AJA HARUS URUS SANA SINI MANA LAMA.BANGET LAGI ANJJ 5 JAM SAMPE SEKARANG GA ADA KABAR PELIT ANYING MANA CS NYA LAMBAT BANGET KALO BALAS CHAT",1,2024-06-04 22:12:42,tiketcom
83578037-8075-4212-a6cd-34e7919919e2,Mantap,5,2024-06-04 19:54:26,tiketcom
9466a2cf-5536-4f9f-8b8d-2b54e7f76e67,mantap aplikasinya,5,2024-06-04 18:09:06,tiketcom
713bea2a-19b8-4394-ba3b-e6a30228859f,"Maaf yaa, mungkin lain kali bisa diperbaiki lagi aps nya. Masa ga ada konfirmasi ke hotelnya dulu baru ACC. Udah dibayar dan sampe ke tempat ternyata full booked. Kasian yg dari perjalanan jauhh. Mungkin lain kali sebelum ACC bisa konfirmasi ke hotelnya dulu masih bisa cek in atau gaa",1,2024-06-04 17:45:46,tiketcom
62052e00-1077-4f9b-8dd2-e0e01c858a9e,pelayanan ok,5,2024-06-04 17:22:35,tiketcom
16ad10b1-bb79-4e9c-8c37-2d21a1652de3,mantap,5,2024-06-04 12:19:32,tiketcom
ca4ca89b-53a9-4ae9-9662-371b04b025ce,"Sangat disayangkan, paylaterny dari indodana 😔 Tau sendiri lah, indodana gimana 😑",3,2024-06-04 12:12:36,tiketcom
61e816a8-3a17-4084-8f8d-86e1198f76e2,Membantu,4,2024-06-04 11:31:07,tiketcom
82a305c8-6974-493d-b05f-67844cdee6b0,Sudah berbeda dlu harga uda final. Skrng ada embel2 pajak,1,2024-06-04 10:32:23,tiketcom
ca89e550-9db3-4fdd-8492-b4536e38e3cd,"Mudah di Gunkan juga Banyak metode pembayaran ,aman dan banyak promo nya",5,2024-06-04 06:29:00,tiketcom
dfea85eb-6f2c-4a4e-a910-8a30476f90fe,"apk sampah, sales nya nipu",1,2024-06-03 18:57:58,tiketcom
b28480e5-c50f-4def-93a9-091f85b0321f,sangat bgus dan membantu,5,2024-06-03 17:59:54,tiketcom
579bf1ff-7052-4541-882f-fdc76be99210,cepat prosesnya...dan mudah.,5,2024-06-03 15:50:05,tiketcom
290c5c92-5138-410c-969c-f3049719c024,APLIKASI ERROR... SETELEH BERHASIL PESAN KEMUDIAN APLIKASI MINTA BAYAR LAGI. BUAT PESANAN BARU.,1,2024-06-03 10:07:45,tiketcom
24915f86-4191-48b4-96df-70af950e4f24,murah,5,2024-06-03 10:03:35,tiketcom
58bf225f-c3f5-4bc5-b2a7-1293bd713b6b,mantap,5,2024-06-03 09:54:58,tiketcom
70ec99cf-fd01-4fb5-82ea-7f5b1612d2ee,sangat membantu tp utk hrg hotel di apk sebelah lbh murah. mohon klo bisa jgn kalah ya mksh,4,2024-06-03 09:31:51,tiketcom
98df9bfa-edd9-4d70-93ae-a6876b7d05cf,sangat mudah dan cepat,5,2024-06-03 09:22:14,tiketcom
be06e068-7761-4ff0-9fac-1d6ab6be9868,"Saya ingin memesan tiket kereta api pulang pergi di hari yang sama, Tetapi sistem melarang kita membeli tiket pulang pergi di bawah 3 jam, padahal memang hanya 1 keberangkatan pulang dalam satu hari, tolong di fix dong..",1,2024-06-03 08:12:08,tiketcom
4ff36410-aafd-49ad-b210-944e0b1621ee,Smoga tiket paylater bs membantu buat bisnis sy Aamiin,5,2024-06-03 06:17:00,tiketcom
9ecd8f46-60fa-44fa-8b73-c4a3e8d68dac,Kok gak bisa di download sihh,3,2024-06-02 21:56:24,tiketcom
990426a4-3d9c-4879-8d29-8b5b96d43356,luar biasa pokok e,5,2024-06-02 21:22:14,tiketcom
fcf4d191-f952-497c-8ed9-fbb0ded63315,Aplikasi lapet !!!!,1,2024-06-02 12:55:51,tiketcom
59b28794-51b2-44b2-b456-989de7a63ab7,"Aplikasi penyedia tiket andalan.,Proses mudah dan cepat",5,2024-06-02 10:50:12,tiketcom
2bafde87-1d33-4a68-95f7-27581a097a9a,"UANG TIDAK BISA DIREFUND & RESCEDULE DITOLAK PIHAK HOTEL, terjadi karena apabila tanggal yg dipilih sdh full, tanggal di aplikasi bergeser sendiri di tanggal/waktu yg availabe, saat sampai dhotel full booked, pembatalan lewat hotel gak bisa, lewat aplikasi gak bisa, bisanya rescedule itupun 1x, sdh pengajuan rescedule dgn tanggal yg benar di tolak, yasudah gak bisa di apa2in lg",1,2024-06-02 10:25:12,tiketcom
07e7caf2-764b-400c-a2b5-3c9bd285baf7,Lebih mahal akhir-akhir ini,1,2024-06-02 09:45:51,tiketcom
608e02ac-e324-4eae-a9c1-570f2732d2ff,Mantul,5,2024-06-01 20:54:45,tiketcom
f060d286-e76f-469b-9b24-1b35932db2e9,penipu,1,2024-06-01 19:33:15,tiketcom
262da266-b249-4bf2-9de7-4fc039a99086,banyak promonya lho. harga termurah. ga nyesel lah pake aplikasi ini. mantul👍👍,5,2024-06-01 19:10:07,tiketcom
28b52950-b7cf-4eb7-9931-0e079434142b,Nipu wkwkwkwk,1,2024-06-01 18:54:32,tiketcom
94f7eaad-870f-4aa1-8885-5b3f7243cc58,Bb.y,2,2024-06-01 17:34:16,tiketcom
ded5e4c6-7f66-44dd-a9d9-29b4f4bb5184,Sekali pake langsung rugi banyak. Auto hapus lg. Mengecewakan. Gara2 reschedule yg katanya rp0 nyatanya rugi banyak,1,2024-06-01 13:19:36,tiketcom
0b7cf53c-282b-4cf4-8f43-03d340134066,Keren,5,2024-06-01 12:33:16,tiketcom
bc5731b4-d450-4a77-a701-35b489d89652,Baik,5,2024-05-31 21:32:14,tiketcom
e6880034-bb4e-48b0-b08e-e4afe4addec9,ok,5,2024-05-31 20:31:00,tiketcom
c0f3ae15-23dc-4a27-92ca-437820461631,"Harga tiket sebelum dan saat check out tidak sesuai, berubahnya juga otomatis.",2,2024-05-31 19:32:08,tiketcom
f4049739-9faa-41bc-9ca8-c1eb407242d5,"gerak cepat, kemudahan, n its okey....",5,2024-05-31 14:33:17,tiketcom
cdf23e9a-4c95-4186-a5ab-4e5c4fbb073e,mantap,5,2024-05-31 13:48:29,tiketcom
8ea9649d-dafb-44b3-99f6-da5030374972,"Sudah transfer uang hotel tapi tidak muncul ""Your order"" sudah coba klaim disertakan bukti tapi ribetnya minta ampun...Aplikasi tidak recomended hati-hati...",1,2024-05-31 05:03:20,tiketcom
d4a779b3-275c-47e9-9453-1e392e40274d,"Terlalu banyak duplikat iklan menit menit iklannya tdk berhenti,, tdk bagus aplikasinya",1,2024-05-31 00:00:05,tiketcom
7631eb0f-389b-434e-b77c-057111475c45,mantap,5,2024-05-30 23:14:59,tiketcom
fd7589d6-e2f5-44ae-ad59-387ad000ac78,"Paylater tidak diinformasikan sebelum jatuh tempo ,sdh telat baru direminder kemudian langsung diblokir , sekalian aja cicilan2 yg belum jatuh tempo ,saya lunasi , minta dicabut plafon paylater ,krn ngga pakai juga , sampai sekarang tidak diproses Lebih sering pakai paylater ditempat lain",1,2024-05-30 19:29:07,tiketcom
fe9db9cf-6a1c-4978-a054-ebc369e465ab,Dalam sehari harga tiket pesawat bisa selisih nya 700ribu,4,2024-05-30 18:32:30,tiketcom
49ed22ea-8918-49d0-ad59-6fe745cf8865,"Keren deh tidak berat, dan berguna",5,2024-05-30 15:39:18,tiketcom
4a4fe4cf-cdf3-4eae-8040-e7b4ed5621d1,top,5,2024-05-30 12:21:53,tiketcom
b0eb0b96-3e66-4abb-a546-51fcb489ea05,mantab. 👍,5,2024-05-30 10:38:06,tiketcom
67a24a00-2574-4808-9c55-0702ae796bd5,Ngga bisa di buka,2,2024-05-30 10:06:00,tiketcom
81153f6d-c090-4446-b44c-f9cd907c9be0,"Mantab sekali pake app ini. Saya pernah memesan tiket hotel, sudah membayar & etiket blm terbit, lalu saya menelfon bagian CS.nya dan dibantu sampai tuntas dengan ramah & super sabar. Setelah etiket muncul, saya melihat ulasan mengenai hotel tersebut, ada salah satu ulasan yg mengatakan bahwa hotel tersebut tidak bekerjasama lagi dengan app travel online. Syok berat, padahal tinggal 1 hari lagi acara menginap. Lalu saya menghubungi kembali pihak CS.nya, Alhamdulillah, dibantu sampai tuntas. Thks",5,2024-05-30 04:56:16,tiketcom
cf353627-64ff-41e7-a691-6bc03e6ddc6d,terbaik,5,2024-05-29 13:53:15,tiketcom
3edd9a2e-f0e6-40e1-be00-b13d3ae9c151,mudah banget untuk booking pesawat dan hotel di Indonesia,5,2024-05-29 09:23:17,tiketcom
712aebff-4fdf-42ad-8097-89b3afac68ba,Terbaik,5,2024-05-28 21:11:59,tiketcom
abf0ef50-360c-4471-8047-c7545061dcf9,Jelek,1,2024-05-28 20:40:26,tiketcom
9f8e8ef7-9b04-4dec-8c70-241d927d21a8,Pesan tiket disini sangat murah meriah,5,2024-05-28 19:04:47,tiketcom
36dab447-dff7-4609-a601-55bb559439cc,mantap,4,2024-05-28 17:31:05,tiketcom
f5d9dbfb-1dcb-4c0c-9702-595a75fcfaa3,Ini aplikasi tiba tiba logout sendiri. Setelah login malah ke reset tier platinum jadi silver. Paylater hilang datanya. Gimana ini?? Poin yg sudah terkumpul hilang semua.,1,2024-05-28 10:31:08,tiketcom
87af76b1-2350-4f1b-b14e-ee38014a202c,Sangat responsif,5,2024-05-28 09:05:46,tiketcom
50255445-8711-41b3-90b2-73141bbea935,mudah menggunakan aplikasiny,5,2024-05-28 08:13:05,tiketcom
89a6a9f2-31c2-457d-b91c-8d7051c3a979,"Kenapa Referral-Nya Lagi Di Perbarui Sampai Kapan Kelarnya???!!!! 😡😡 Biar teman saya yg baru bikin tiket dpt poi 12.000,Ini Udah Update Masih Saja Tidak Bisa Referral-Nya Aplikasi Ini Saya Eluh Malah Di Diemin Gimana Kalo Mau Pesan Tiket Terus Tiketnya BUG/Ngga Bisa Kembali Uangnya Di Cuekin APLIKASI YANG TIDAK MEMPENTINGKAN Orang Yang Gunain Aplikasi Ini",1,2024-05-28 07:35:13,tiketcom
9a23f2b4-9be9-4f74-b225-61eb667e64d9,Ok lah secara umum Bisa di MK coba bepergian dg tiket com,5,2024-05-28 05:26:04,tiketcom
dedd06ab-77f6-4f0f-ac32-863904512e60,ga pake ribet..,5,2024-05-27 21:30:45,tiketcom
081dea88-32a7-41c6-8f62-d33fd9d88f3e,okee,5,2024-05-27 19:38:48,tiketcom
53af8208-f788-4e79-a0b3-2b83d177299a,Bad apps,1,2024-05-27 15:54:58,tiketcom
c692dd94-364b-4426-a4e6-4ce4d553561e,great,5,2024-05-27 15:48:23,tiketcom
9cf043fd-9ff6-43f9-a7bc-014c3dcc9283,mantap,5,2024-05-27 14:39:15,tiketcom
d6824853-c536-40b7-8efb-4fd58839c301,Mantap benar,5,2024-05-27 13:55:58,tiketcom
2cd9311d-1449-4004-ae0d-3ab2d880643a,mantab selalu ditingkatkan pelayanannya n promonya domestik diperbanyak,5,2024-05-27 12:38:59,tiketcom
cbbb23a2-a1ba-4c3e-892f-fd36ea173079,"Harga tiket sama, Tapi yang bikin kecewa kena biaya tambahan jadi mahal harga tiketnya",1,2024-05-27 10:21:31,tiketcom
b41b6e9a-9952-43b8-be75-519232651246,platform tiket termurah n banyak promo,5,2024-05-27 09:36:51,tiketcom
324b7dae-1759-4ebe-aa99-81cb1af6d20d,"so far enak sih tempatnya, cm ada 1 hari sy bangun pagi dan di luar lagi bakar sampah kering di area sawah. jd cukup mengganggu jg saat bangun pagi",4,2024-05-27 07:17:05,tiketcom
4196dbfa-fb38-4574-9e40-5935813e9f0b,helpfull,5,2024-05-26 14:28:54,tiketcom
d54ad6e8-699f-4278-9a43-31d8a7495bdd,"aplikasi nya bagus,harga bersaing",5,2024-05-26 12:18:27,tiketcom
cf67f717-177f-4684-81de-8f791d28c72b,mantep,5,2024-05-26 08:10:19,tiketcom
e0c85b28-2314-48ae-bc91-9c598f40f43c,"Jangan ada lagi yg pakai aplikasi ini karena sangat mengecewakan dan tidak manusiawi,padahal karena kesalahan system tapi tidak bisa dibantu",1,2024-05-25 23:53:54,tiketcom
00136799-88f1-4a5b-95ef-ecb88bf576ba,sangat membantu sekali kalau ingin bepergian,5,2024-05-25 19:31:21,tiketcom
69a9338d-95f1-41f9-9e7d-79b85f4b524e,"Aplikasi sampah, minta reschedule aja susahnya minta ampun, minta refund pun ditolak terus, kaga benar ini aplikasi",1,2024-05-25 18:25:56,tiketcom
41187bf6-c7f8-43e0-bac5-ce6a7a6dea48,good,5,2024-05-25 15:20:45,tiketcom
09e3f8c6-cb13-44b0-8992-ee839e593492,nice,5,2024-05-24 14:28:11,tiketcom
c52e1038-2867-4156-9348-326608c1278e,MANTAP,5,2024-05-24 14:17:13,tiketcom
989754c1-b657-4c61-b77e-de2e4823f1b6,Dr x xx xx xx z xx xx x xxg yang di xe u xuu di dalam tubuh untuk uuxxg yang di zxxrxee ce xQAxr,1,2024-05-24 09:37:04,tiketcom
7beb31e6-c048-4e5d-8a8e-03c982b552a9,ini kenapa aplikasi log out sendiri...mau masuk kembali susah😌,1,2024-05-24 07:03:41,tiketcom
bd9c3df0-b839-4d4e-945e-e2bc1c7aa172,cukup mudah di gunakan semoga kedepannya lebih baik. tapi kenapa tidak tersedia cek in online yaa..?😏,4,2024-05-24 05:55:56,tiketcom
fb2b1832-0225-4a0a-ad7a-5c8461e1efae,mantap,5,2024-05-24 05:25:06,tiketcom
59ff6cc9-18d0-4eb0-ad5b-c9c977a2288d,aplikasi bagus karna sering saya gunakan beli tiket,5,2024-05-23 20:59:16,tiketcom
819efa5d-b5c1-4e9b-a59c-caec7cc2da83,sangat memuaskan,5,2024-05-23 18:08:01,tiketcom
fa7b830b-6c5b-459e-94e1-e975819ee1a4,ini aplikasi yg bagus sekali terimakasih,5,2024-05-23 12:55:32,tiketcom
346eae0c-e37a-4e54-bb4d-53861fc3d044,Coba dulu,5,2024-05-23 12:47:23,tiketcom
2a6235d2-a151-48ca-a69a-f4762dd88fd2,"Sdh punya akun @mail tapi ga bisa masuk, di alihkan buka lewat no HP, sdh buka lewat no HP minta data @mail sudah di kasih tetap ga bisa masuk alasan @mail sdh terdaftar... Hapus aja dah...",1,2024-05-23 12:47:09,tiketcom
514fda00-2e27-4618-a298-efb9d6bc3d57,Good,5,2024-05-23 10:18:13,tiketcom
e95b8435-11cf-46b0-91a2-84d35eb4ef6f,luar biasa sangat membantu,5,2024-05-22 23:28:56,tiketcom
7e19115d-9931-4e1f-96f8-385b61b8c8e8,👍👍👍,5,2024-05-22 22:31:15,tiketcom
3d3bd377-4f06-4418-b391-468c38c7390d,sangat baik,5,2024-05-22 17:17:13,tiketcom
5cc5c42a-abf8-43a8-84f3-d4c134ff4c04,mantap,5,2024-05-22 17:10:21,tiketcom
1b531a41-0c87-4c53-94c2-cb052bb62e9a,masih ok lah,5,2024-05-22 13:39:25,tiketcom
4262df2e-f41a-43db-adab-a38f01e8a636,Entah knp jadi maksa banget harus ke Blibli.. Gak bisa akses seperti biasa.. Agak aneh sih ya...,2,2024-05-22 12:41:59,tiketcom
d11bd92a-2cc5-478e-b3b9-736b93d5fa22,mmudahkan dan menghemat liburan,5,2024-05-22 08:37:18,tiketcom
9c5397cb-004a-4ed8-9ca3-a6f489e2b1f4,banyak diskon harga tarif nya lebih murah dari apk sebelah. apknya oke interface nya.,4,2024-05-21 21:09:11,tiketcom
7116ba05-b638-4449-9ae1-f176a83f2440,Good banget deh pokoknya aplikasi ini dan sangat membantu kali,5,2024-05-21 21:07:24,tiketcom
a3e20480-872e-444b-85c0-56b7362ddf20,Interface mantep,5,2024-05-21 20:54:46,tiketcom
e0eea3dc-d02a-4d51-9523-873821284b20,jauh lebih murah utk tiket hotelnya,5,2024-05-21 19:38:32,tiketcom
d0aa5c53-2106-4e35-9480-b0f69630a9ec,Terpercaya .harganya murah dibandingkan aplikasi lain,5,2024-05-21 10:33:28,tiketcom
8a631eef-a81d-46b9-b0a6-e3469bfe8baa,banyakin promo nya dan harganya murah 😊👍🏼,5,2024-05-21 07:43:09,tiketcom
339df6e4-4a3f-49d0-b31a-5bb013c3427a,Maaf sebelum nya kurang menghargai custumer. Masa lagi telpon sama cs nya kok di matikan. Mohon maaf ngga jadi mesan disini.,1,2024-05-20 22:52:46,tiketcom
fa4c9c75-f8ed-4f31-9177-b3969c7602fa,banyak disc,5,2024-05-20 19:39:42,tiketcom
8378d885-4bd0-4f14-bb06-8cdc3a74542e,ok,5,2024-05-20 18:22:14,tiketcom
8aa09267-312f-4f67-b357-ebbce6db9542,Bagus,5,2024-05-20 18:19:20,tiketcom
de81f02d-91f3-477e-978e-89617db71581,kenapa gak bisa lengkapi akun ya dan pasport wajib isi. padahal hanya buat indonesia mana aku ada pasport,3,2024-05-20 15:36:09,tiketcom
73b723ff-108f-462c-95d0-55cfd60ea390,coba dulu,5,2024-05-20 14:25:56,tiketcom
9dbd7795-1893-43c3-abfe-e085e63535b7,ok mantap,5,2024-05-20 13:14:25,tiketcom
a8bd605a-675e-4e5d-90da-ac5321142b77,recommended,5,2024-05-19 11:13:28,tiketcom
bb772dac-7563-4486-ae4c-ebbf1cc3e3ae,good,5,2024-05-19 09:21:06,tiketcom
5410f36e-bfdd-4dfc-840a-94e1b7e0188c,Keren banyak cash back nya..,5,2024-05-19 05:10:57,tiketcom
509959a3-db6b-4b9a-a695-62a0b21a0537,sesuai,5,2024-05-18 23:03:55,tiketcom
238977ca-e306-466e-89ba-42256f3a1e81,tampilan ribet.. lebih enak Traveloka,1,2024-05-18 21:32:28,tiketcom
5cbe4b1d-1ba3-4700-be46-e8b63d7c8a92,"Jelas2 pas booking hotel bisa refund reschedule 100%, tapi pas mau di klaim gk bisa dong wkwk pdhl sering booking tiket ataupun hotel tapi krn mslh ini jd mls brbr unistall",1,2024-05-18 21:25:06,tiketcom
d81340ce-6a0b-4b53-88c9-b064c46d248c,baguss,5,2024-05-18 16:38:00,tiketcom
e64b5946-a2bb-437c-bb44-e7c5be0d7123,Ketipu pesen hotel ga sesuai harga,1,2024-05-18 16:01:07,tiketcom
ae33dc64-e2f4-4fa6-963f-ce93627769ce,"Luar biasa, paling murah dari aplikasi yg lain. Pertahankan",5,2024-05-18 05:58:04,tiketcom
b0073120-0615-49c9-908e-08c90e633f24,OK,5,2024-05-18 04:01:44,tiketcom
131df201-4380-44aa-ae9b-2fbdd8f36a32,bagus,5,2024-05-17 21:35:25,tiketcom
94e4923a-b262-46d6-88c9-f9fc6aecb80b,👍🏻,5,2024-05-17 20:45:55,tiketcom
5be5b2a6-c7c8-4275-928a-c667147e66d9,mantap,5,2024-05-17 14:58:42,tiketcom
14cfc811-cfeb-4809-976f-d9712aadf397,"sangat membantu, dan harga selalu relatif lebih murah",5,2024-05-17 13:28:59,tiketcom
dc61f0ab-08ea-4196-b805-80f61c436ae4,kasih diskon nya lagi,5,2024-05-17 13:25:55,tiketcom
8bbb62c7-55cb-4250-8f07-05d597627ae6,Mantap👍👍,5,2024-05-17 12:14:25,tiketcom
115b5c08-f6a9-4c97-a078-1ff9907972f6,trimakasih,5,2024-05-17 09:22:52,tiketcom
c51870bd-cba0-4c8d-ad3d-e773f1bf5ab3,okeeeeeeee,5,2024-05-16 16:54:35,tiketcom
9f33bc3f-ec83-44f6-9d6e-9be3928ac480,Aplikasi lancang tiba tiba akun di gabungkan otomatis sama blibli dan ranch akhir nya GK bisa login beda email di Blibli... Not rexom ini aplikasinya parah pwoll mending di share di media sosial biar kabur pelanggan nya,1,2024-05-16 11:42:09,tiketcom
93bbc801-344b-4642-801e-1cc882c199fc,"Beli tiket jadi lebih mudah dan simple dengan aplikasi ini, metode pembayaran lengkap.",5,2024-05-16 10:06:37,tiketcom
da7700f5-4790-4d4d-afaa-860200cec174,semakin menyala,5,2024-05-16 09:27:39,tiketcom
675be8bf-1a45-4a4b-b110-2b2257d937b9,"Gak jelas izin apus data, soalnya tidak jelas karna blibli",1,2024-05-16 02:10:13,tiketcom
8285a14b-6e72-4aea-ac2b-8871d514f892,"Gila ini penyedia. 2 kali pesen hotel ga beres. Pertama kali ga match harga dan harus nunggu setengah hari untuk masuk hotel. Nambah harga pula. Berikutnya, setelah dapet reservasi hotel, dengan enaknya minta maaf doang tengah malem kita ga bisa masuk hotel yang sudah dipesan dan keluar bill. Aseli sakit bangat dah ni provider. Saran sih... Bubar aja.",1,2024-05-16 00:59:44,tiketcom
58f27060-34df-495b-8805-5aa01b77d397,membantu,5,2024-05-15 18:31:31,tiketcom
8ab53c78-0f62-418d-a626-63f75e9922bf,mantap,5,2024-05-15 16:56:12,tiketcom
3a9ecc60-56bf-4868-9285-46c37382b16a,mudah dan keren,5,2024-05-15 10:54:07,tiketcom
00f4b27d-97c2-4611-85e3-c56863fbef5a,Bagus,5,2024-05-14 17:41:10,tiketcom
38dba277-b96d-4d9a-b327-267a65a08bc3,lancar dan memudahkan pemesanan,5,2024-05-14 14:49:04,tiketcom
2c0f76e7-952d-41a8-8b3d-ecaac158ce71,nive,5,2024-05-14 09:56:10,tiketcom
15547066-c9c7-4be0-824d-fc2b4915d242,Tiket. Com mantap,5,2024-05-13 20:42:48,tiketcom
f2316661-86d6-48cf-b7a0-5f8a89284de9,Sangat bagus,5,2024-05-13 15:57:34,tiketcom
d0c98ebd-bf2d-4a44-8ffa-928d974286b3,"Refund prosesnya lama, pencairan dana refund proses lama juga.",1,2024-05-13 12:53:40,tiketcom
69fb4571-43b6-4bfa-8a3a-ef9983b614fc,Good aplication,5,2024-05-13 08:38:43,tiketcom
0e3cabd1-1d45-4aa4-b4fc-4b6a42883bbe,TIDAK REKOMEND UNTUK APK INI NYUSAHIN..,5,2024-05-13 08:34:37,tiketcom
2e1cd2c9-54d1-48b5-bd3b-2fe6489218f2,mantap,5,2024-05-13 01:29:25,tiketcom
cc568c91-b8ea-4153-bc49-b4b7db8d7c76,fast respon,5,2024-05-13 01:14:28,tiketcom
8ff177f9-26e8-4a7b-b964-b68abaa6bf5a,mudah dan simpel,5,2024-05-13 00:56:04,tiketcom
5743d789-f5ee-42ea-87da-90485761afad,Terimakasih,5,2024-05-13 00:29:31,tiketcom
e4d081d8-4845-45d8-8d09-0ad580d56082,membantu bangt,5,2024-05-12 22:05:05,tiketcom
f92ba708-cd0c-41db-a2bb-62926816330c,"Sudah pesan villa, ternyata property nya tidak ditemukan, ingin refund lama bgt prosess nya, sampai sekarang pun tidak ada kejelasan nya, auto uninstall",1,2024-05-12 19:27:41,tiketcom
d830c7a8-edbc-486c-b12a-df18fc46b89d,"Aplikasinya sangat membantu untuk kita yg ingin mencari tiket keberangkatan, baik pesawat, kereta dan bus tentang hari dan tgl bisa di cari sesuai kebutuhan, juga ada tiket untuk tempat liburan juga lho 🥰🥰🥰",5,2024-05-12 19:04:08,tiketcom
2f80cbd4-c09e-4dc5-87a7-b18511bbe382,Pelayanan ok dan terpercaya,5,2024-05-12 16:15:41,tiketcom
46c2dfbc-8b84-4f66-b1d0-8101e82b4681,Oke,5,2024-05-12 14:22:47,tiketcom
f0e7cab0-b6f8-4c07-8b4e-ac22f94a22e1,Hayuk gasken,5,2024-05-12 10:37:16,tiketcom
bb10bc57-5351-4395-a8ae-e731e45d8641,BAGUS.,5,2024-05-12 05:43:37,tiketcom
090bfe74-e3a9-41ba-92ca-7b5ae264a033,"UI nya paling enak diliat, nggak ngebosenin",5,2024-05-11 18:52:37,tiketcom
aef8c46c-84e4-4ae9-ba41-cf4d6abccb1f,Mempermudah perjalanan,5,2024-05-11 17:51:19,tiketcom
31fe2cab-f79c-44e4-a110-8b63699f8676,"Beli tiket disini aja, banyak promonya dan banyak diskonnya...",5,2024-05-11 17:44:37,tiketcom
92cfd5bf-b903-46ec-9f7b-4d70cbefa8c8,Aplikasi BOSOKK Gak bisa di buka,1,2024-05-11 14:57:40,tiketcom
72d5d323-150a-4072-84a4-bad98380df48,bagus dan bermanfaat,4,2024-05-11 12:10:51,tiketcom
36577d11-462b-46bc-acf2-014bcf9753e3,"Aplikasinya gampang digunakan, banyak pilihan hotel nya, dari harga termurah smpai termahal..., menurut saya is the best lah.. 👍",5,2024-05-11 11:19:38,tiketcom
37848761-85b4-4b8d-b96a-66555e305220,luar biasa,5,2024-05-11 08:47:54,tiketcom
14a8ecdb-9e48-4329-87c0-be86fd5d8a2e,Terima kasih ticket com pelayanan claim nya lebih cepat 12 hari.🙏🙏🙏👍👍👍,5,2024-05-11 07:58:17,tiketcom
8d677232-df0f-47e5-8385-184008cb8b59,siip,5,2024-05-11 06:38:35,tiketcom
01d35288-9a3b-43de-9b46-bd89ef267562,ok pol,5,2024-05-10 22:35:42,tiketcom
639e8c53-dcdb-4b51-a025-d4aa9dcba384,ngak ribet sesuai dengan kocek,5,2024-05-10 21:30:56,tiketcom
f0cebd6d-cf66-4aed-a371-d9ff9b845616,the best lah banyak cash back nya,5,2024-05-10 18:31:26,tiketcom
b4dd5f84-5847-4496-ba9a-a42e320b7d25,"Aplikasi gak bener, nyusahin pekerjaan pegawai hotel, setiap hari ada aja yg booking salah properti, bertahun2 di komplain masih gk dibenerin",1,2024-05-10 17:43:19,tiketcom
e973e4fe-c735-4105-9cf1-827af6819482,ok,5,2024-05-10 05:34:34,tiketcom
b250dfd4-4942-40c6-baaa-abd08793d533,"CS nya mantab, harga jauh lebih murah dari aplikasi sebelah",5,2024-05-09 20:57:52,tiketcom
9360208b-77b0-4530-b826-1d7de7fcd94f,"bagus, membantu",5,2024-05-09 16:48:32,tiketcom
8252c6aa-6152-4474-b02e-800bb318743e,Aplikasinya error tidak bisa melakukan pembayaran reload aja terus bacanya,1,2024-05-09 11:03:48,tiketcom
c0583795-7c05-4248-a17c-fcaf02cc454a,"pertahankan kualitas, banyakin promo 😁 dan aplikasi kredit🙏😁",5,2024-05-09 09:16:21,tiketcom
7b20f6cc-50b9-4b95-82ed-868e42105505,lu jadi iklan di apk lain ganggu bet jir.gk bisa di close,1,2024-05-09 05:51:59,tiketcom
4cefe28f-9b7d-4468-99e1-c8cfa16172a8,"Bagus, mantap, mudah digunakan, terbaik dan istimewa",5,2024-05-08 21:22:10,tiketcom
9e110dbc-0112-446b-8356-963c1d7934e1,"dasar ga jelas, mau masuk ke pilihan metode pembayaran malah loading lama padahal jaringan internet lancar",1,2024-05-08 18:22:38,tiketcom
c46fe66b-56a6-4606-af68-0b274aff71c8,good,5,2024-05-08 14:35:11,tiketcom
95ec83ff-b39f-4971-ba3e-ac5e0d37689d,"bagus, praktis, cepat",5,2024-05-08 14:09:39,tiketcom
6d1ae5c3-c6ef-415a-a179-384268fe99ab,sangat membantu,5,2024-05-08 06:03:29,tiketcom
927ba200-51b2-4365-bb6a-13aaa7b7809a,Bagus sesuai pesanan,5,2024-05-07 19:51:00,tiketcom
fdbcc5f6-c888-466f-8694-b1b626e9ea66,Pelayanannya bagus,5,2024-05-07 19:20:51,tiketcom
9ec57af3-a12d-466e-80b2-c3ac244cc0b0,bagus,5,2024-05-07 14:47:49,tiketcom
a3200435-9ffa-4005-89dd-a1a223974f32,good,5,2024-05-07 14:26:12,tiketcom
7fa7f25f-665b-4081-aa34-8ae1a22bada1,Mantaap,5,2024-05-07 12:21:26,tiketcom
d2989e1b-2da5-4433-a2f7-907df1584e29,dapat tiket penerbangan murah disini,5,2024-05-07 04:30:03,tiketcom
f0b124d9-e882-49f4-b515-c8844538d179,Keren 👍👍👍,5,2024-05-06 23:13:24,tiketcom
8cade54b-5a32-4f78-a493-f38bbef052bb,Ok,5,2024-05-06 19:21:57,tiketcom
5d746fff-a53b-4f9a-9e6a-4a9ecab2c627,Bagusss,5,2024-05-06 17:30:54,tiketcom
46eaf010-e116-4214-8ab3-0282c03eac9e,ok,4,2024-05-06 16:55:47,tiketcom
dc46138b-1b35-4690-8d98-e6ee734d8415,sangat membantu👍,5,2024-05-06 14:45:48,tiketcom
b5da8a22-46ea-47e9-bb31-8e7b3ff2e059,bagus,5,2024-05-06 12:20:15,tiketcom
f273c7c7-1523-4942-8896-fc2564a87b7f,mantap,5,2024-05-06 08:04:08,tiketcom
dadb25c3-48e5-463b-ad80-104cbfc3abf5,"Saya tertarik Krn pemesanan tiket pesawat tak perlu nomor ktp, Krn JD sangat rentan utk penipuan SPT di aplikasi sebelah. Krn apa gunanya nomor ktp toh ga tercantum juga di tiket pesawat, pas boarding yg di cek cuma nama dan foto doang.toh bayarnya juga cash bukan paylater",5,2024-05-06 07:58:01,tiketcom
3f038da0-8982-4905-866f-ed42502fb173,luar biasa,5,2024-05-06 05:58:44,tiketcom
5e3a1934-b8bf-4fb1-b5c1-d8f5f86f98fd,Sangat memuaskan,5,2024-05-06 04:28:35,tiketcom
5eacb197-a29b-40d6-a7ea-fef42e950029,sangat membantu,5,2024-05-05 23:40:31,tiketcom
2c6a775d-01d7-4a79-b3bc-8e3426c1c71f,good,5,2024-05-05 23:33:42,tiketcom
36ca2f47-dd2f-4f65-a195-d40e0808278c,mudah dan manfaat banget,5,2024-05-05 20:35:32,tiketcom
4edfe750-1b51-4d86-a3a2-e40334b58b91,pelayanan lancar,5,2024-05-05 19:46:40,tiketcom
e91d8756-4ce6-49ef-8d56-dc7db37944ff,Baik dan bermanfaat,5,2024-05-05 18:35:19,tiketcom
cda0455d-b317-44e6-8d0e-60846556c873,Hati hati dengan appl ini barusan. Saya di suruh download katanya mau di kasih imbalan 22rb ternyata setelah saya download dan daftar akun kontak saya di blokir,1,2024-05-05 11:20:37,tiketcom
3852f8eb-91b9-44a4-aa18-fb5c116d58a8,"Buat teman teman tolong sebaiknya jangan di pakai aplikasi ini karena disaat orang terkena bencana alam dan kalian sudah melakukan pembelian tiket di aplikasi ini ternyata tiketnya hanya bisa di refund 40% sangat mengecewakan, ngak ada gunanya kumpulin poin di aplikasi ini sampai tier diamond jika kebijakan yang diberikan ngak ada yang bisa membantu. Sebaiknya pakai aplikasi lain saja.",1,2024-05-05 10:50:53,tiketcom
321d2368-c08d-462b-9125-8114fe2f345c,recomended,5,2024-05-05 09:24:19,tiketcom
9b6c0daa-9b0c-46fd-8e85-8d5a6797940a,"Sanggat kecewa dengan aplikasi ini .udah pesen hotel udah di bayar ,nyampe lokasi nama saya tidak ada dam tidak bisa di refund .sangat kecewa dengan aplikasi ini",1,2024-05-05 08:48:50,tiketcom
26f07236-f6b2-4d0a-a767-0a55d0e58d34,rasain gw delete,1,2024-05-05 00:34:53,tiketcom
ac1260f1-212e-4706-866e-7c295b6e6a1a,sangat baik,5,2024-05-05 00:11:30,tiketcom
0b873435-9181-4cdd-92ae-2004aaccaf83,good,5,2024-05-04 17:26:34,tiketcom
e0614b00-7ff1-49e5-9078-2ea92782e6c8,Bagus,5,2024-05-04 11:34:29,tiketcom
e5512771-b6a1-4fdc-8c54-cd1ae7c980da,bagus,5,2024-05-04 09:20:04,tiketcom
39c8b3b3-8d68-4e0d-8138-7d0dcc10c6e0,good apk,5,2024-05-04 02:17:45,tiketcom
604ba00c-c6c3-4be9-9105-f500969979be,"proses refundnya cepet banget, nggak nyampe 3 jam 👍 🙏",5,2024-05-03 15:01:57,tiketcom
0d2eb3ac-4f9a-4e9a-a120-29844d0c5a9c,Mantap👍👍👍,5,2024-05-03 07:43:59,tiketcom
da81861f-1184-4b41-a6be-adfbd2a84b30,Awesome nice info thanks,5,2024-05-03 01:10:54,tiketcom
9798de8a-0cc5-44e3-81ca-27d50512e106,jangan mau download dengan di janjiin di kasih komisi 28.800 itu bohong penipuan..awas,1,2024-05-02 19:28:54,tiketcom
009ce508-55c5-40f2-8d5e-d9ac686f7877,"Mudah, cepat dan akurat",5,2024-05-02 18:17:22,tiketcom
a84a0e35-b737-4d7e-9220-ceb554375b4e,Is good,5,2024-05-02 12:55:57,tiketcom
46501341-d0bd-4043-bd44-0b18d308e86f,Good,5,2024-05-02 09:33:43,tiketcom
8e1179c6-9dcc-4a98-bd01-81f6d10ca867,ok,5,2024-05-02 06:31:53,tiketcom
895cb41f-c150-455f-abcb-4b4815b77f32,"pernah komplain di bantu cs, uang di kembalikan Krn hotel yang di pesan tidak sesuai. semoga service nya di pertahankan",5,2024-05-01 18:00:15,tiketcom
efa78b39-e970-4ef8-8a2e-29b49c296d4e,Sangat Puas Terhadap Layanan Yg diberikan dan Apk juga Bguss Mantaplahh,5,2024-05-01 07:00:10,tiketcom
1bc38a7b-eec4-4be2-914e-ef1e239a2838,keren,5,2024-05-01 06:15:58,tiketcom
a34b79ba-f0e9-4d0a-bd6e-5a077bbf4b9e,Mntab,5,2024-05-01 01:39:18,tiketcom
d7c2ac60-b770-49fc-aaf5-123b0ab14579,bagus sih,4,2024-04-30 20:29:45,tiketcom
d55ea2ca-6b23-42cb-bdcd-e02abaa096d1,Lancar utk transaksi gak ribet.,5,2024-04-30 15:24:58,tiketcom
46eba71d-ab90-4a51-acab-234cb043a4f5,mantap,5,2024-04-30 15:07:32,tiketcom
cc1a762c-067c-4b45-ac12-6d746525e447,"mantap aplikasi nya, bisa dipercaya",4,2024-04-30 12:26:06,tiketcom
164d4eef-d151-4914-bdf8-0f14d3b86a26,"Aplikasi jelek membatalkan tiket sepihak padahal rute dan jam yang sama di aplilasi lain tersedia, jadilah kita terpaksa refund 14 hari baru kembali uang",1,2024-04-30 11:56:52,tiketcom
5f745b49-5021-487e-b971-060be4f8a65c,"Masih sangat buruk.... Pengajuan paylater tidak bisa pake KTP Online ..,",1,2024-04-30 08:33:22,tiketcom
ec11a465-375b-421e-8d7c-74be43878945,memudahkan booking hotel,5,2024-04-30 07:00:05,tiketcom
4975c26f-82d8-4175-8b9d-539908bc9932,"klo harganya ter refresh, informasi yang udah diisi ga tersimpan, untuk pemesanan 1 orang ga masalah, kalau lebih dari 1 orang bikin capek ngisi ulang data penumpangnya edit : sekarang data penumpang tersimpan walaupun belum beli 👍",5,2024-04-29 13:19:41,tiketcom
d6bc9b96-9077-4034-8079-6cafeed55468,baguss sekali. memudahkan setiap perjalanan.,5,2024-04-29 12:54:14,tiketcom
eb156e7a-0a3a-45b0-b2ab-eb9dad33c299,Okuy,5,2024-04-29 11:59:27,tiketcom
57d533e0-c207-47f9-8359-eb3fbd60fce4,mantap...,5,2024-04-29 11:34:37,tiketcom
1fc9e61d-736e-4057-ba61-82f3499c6213,"Mohon bantu proses tarik saldo refund saya,saya menghubungi CS susah sekali",1,2024-04-29 07:50:59,tiketcom
4060a7ec-60ca-4249-8b82-aa4d869b9dc4,good,5,2024-04-28 19:18:26,tiketcom
b13c8c99-5e59-44f3-b242-26a77ed31cc1,Nice,4,2024-04-28 19:13:03,tiketcom
b2818ea1-9d9c-46c5-a056-b5040a2a6bee,mantap,5,2024-04-28 17:10:52,tiketcom
3d43bced-5e1b-49a3-9b4b-e8abc30df3c1,Harga hotel terbaik.........................................................................,5,2024-04-27 14:55:42,tiketcom
05160e0b-2f29-4a4c-802c-178285d8e4e6,Bagus,5,2024-04-27 14:17:40,tiketcom
7f11de4b-540e-4753-bacc-d4ffedffa93f,Aplikasi jelek tidak berguna!! Mau daftar malah keluar terus akun nya TOLONG PERBAIKI,1,2024-04-27 13:04:48,tiketcom
54d2cda4-00f9-492e-ab36-c4f0b40b344e,sangat oke,5,2024-04-27 11:50:34,tiketcom
b8d523cf-6546-476d-94c7-0953711aed71,sangat membantu,4,2024-04-27 11:46:16,tiketcom
d13d8ccc-0c8d-4758-ae5b-c2da1d1f883d,informatif,5,2024-04-27 10:10:10,tiketcom
fd36bce9-385f-49d1-a7a0-8ab2ac6d2b35,bagus👍,5,2026-01-13 17:19:34,traveloka
b84f72bb-eb78-430b-b378-55f9fcf85444,👍 good,5,2026-01-13 15:37:45,traveloka
48b47c21-cbf1-4706-be7e-2d3ee62b1063,mohon kembalikan ajukan refund.,1,2026-01-13 15:28:56,traveloka
fdcfd4fa-2cd5-49f6-bdc0-6b3b2e35c59c,"tidak ada menu qris nya. kemudian saya masih ada sisa limit 3.5jt an tetapi tidak bisa dipakai padahal sangat mendesak..cukup kecewa sih, padahal tidak ada telat bayar",3,2026-01-13 15:25:06,traveloka
ed4b7a27-4d50-4117-90cf-7e6d1fa3e57c,sangat menolong dlm pembelian tiket,5,2026-01-13 13:55:20,traveloka
90f4275b-14b8-46a9-a54a-dab9e76a368d,mantap jiwa,5,2026-01-13 13:30:39,traveloka
3fa3ddc5-4d2b-4289-a198-a1953e93850c,Saya kasih bintang satu karena traveloka terkesan memaksakan pelanggan untuk membeli asuransi 👎👎,1,2026-01-13 12:02:19,traveloka
00e6c4bf-032e-419d-9246-33c671fd738f,mantap,5,2026-01-13 10:16:57,traveloka
517b4266-69ca-4204-9fa6-69e1fd450164,tolong biaya layanan jangan terlalu besar,5,2026-01-13 09:51:12,traveloka
3c975594-f7dd-4a17-9273-1155a30926da,"selalu bikin customer gapuas ,ada limit besar tapi gabisa dipake ! anehh",1,2026-01-13 09:49:01,traveloka
a4e4bfb5-9092-4823-b289-320294e08880,mantap,5,2026-01-13 09:30:11,traveloka
8f4fb727-93c3-488b-917d-fd480a1c335f,💯,5,2026-01-13 08:48:31,traveloka
c0f1cc76-7d72-41f6-be5f-e951b065ebb5,good service,5,2026-01-13 08:31:06,traveloka
aaaf601f-adf9-4792-b3dc-f4774fda54ed,"selama ini tidak ada masalah, pakai jasa traveloka cukup menyenangkan.",5,2026-01-13 08:15:56,traveloka
1878c0fa-bd70-4091-95df-59bdd24079a3,nice,5,2026-01-13 08:06:44,traveloka
3b00dfe2-f1a3-4b3b-8b66-16a5f4052e1e,"sangat membantu sekali , cari penginapan tggl klik",5,2026-01-13 06:07:25,traveloka
e6853b70-9cae-4111-9ac0-bfd99dfdef83,Bagus,5,2026-01-13 04:45:26,traveloka
d3555776-4229-4f7a-a89a-83d1b1080a14,bermanfaat,4,2026-01-13 03:33:35,traveloka
3e60096d-7afd-4e31-80c9-474ac6384b7f,ok,5,2026-01-13 02:12:10,traveloka
08ad6fd2-b7b1-4a8b-93f9-2213a972342c,dengan Treveloka semua jadi mudah dan lancar,5,2026-01-13 00:16:48,traveloka
f1bbe571-523f-4564-bdd0-3e69c0501a0f,lebih mudah,3,2026-01-12 23:39:49,traveloka
1a91a228-6595-4a90-abea-fddbba0ca021,the best👌,5,2026-01-12 23:26:40,traveloka
f065d456-7c18-4b50-aa27-114a6afa9daf,sangat membantu,5,2026-01-12 22:59:32,traveloka
cdbe83cb-9355-4395-9fb9-9e1329a2507e,sangat Bagus,5,2026-01-12 22:44:09,traveloka
85fcf064-b4bd-47ec-9dbb-1a3063014bd3,terbantu dengan apk travelok@,5,2026-01-12 22:20:17,traveloka
eb620b3f-4d04-406f-aba4-8da7a58f2138,aplikasi traveloka sangat praktis dan mudah di gunakan untuk pesen tiket pesawat dan banyak tiket lain nya...,5,2026-01-12 22:11:24,traveloka
54ea7f7d-ceea-40fe-a005-6712054f7892,good,5,2026-01-12 22:06:22,traveloka
9ce28722-00d0-4b06-9432-577f8bd6b651,lumayan ribet sekarang menuny,5,2026-01-12 21:43:17,traveloka
b7f12022-00bc-44b7-b0aa-13008101024c,bagus,5,2026-01-12 21:17:59,traveloka
66d356bc-d89c-47f2-9a05-2405159644b3,sangat ok,5,2026-01-12 21:04:26,traveloka
4cf995c0-59d4-43de-99fc-ece2386f8931,baik,3,2026-01-12 20:27:29,traveloka
0ad271c6-cc07-4b5e-a1ff-e3d6c193b59d,baik,4,2026-01-12 19:53:01,traveloka
302caa19-142e-4267-bece-27049c9ef825,aplikasi terbaik,5,2026-01-12 19:31:22,traveloka
360105a7-e9ce-42fb-8375-d6ca06aad9c5,puas,5,2026-01-12 19:21:22,traveloka
7d9ac512-2c8e-432f-b6f5-c5798f1c19c2,𝚙𝚊𝚔𝚊𝚒 𝚊𝚙𝚔 𝚝𝚛𝚊𝚟𝚎𝚕𝚘𝚔𝚊 𝚋𝚊𝚐𝚞𝚜 𝚋𝚎𝚗𝚎𝚛 🥳,5,2026-01-12 19:13:53,traveloka
5f5fe9ee-ac85-4847-a973-6f5bcd6f9d00,cari hotel gampang dg pembayaran paylater .mantab Traveloka sukses selalu,5,2026-01-12 18:28:17,traveloka
e55f8959-d1cb-4aae-9d1b-430f93a8f4e7,baik sekali,5,2026-01-12 16:40:32,traveloka
2dec2429-2890-410e-b1cf-52e93e703fc2,sangat mengecewakan saya mau refund voucher hotel sudah di setujui pihak hotel tetapi di persulit oleh pihak traveloka dan harga hotel senilai 4jt lebih hangus begitu saja dan saya di wajibkan untuk membayar tagihan yg saya tidak gunakan.,1,2026-01-12 16:20:59,traveloka
f4223502-e67b-470d-9703-d96489a2f733,"sangat membantu sekali untuk keperluan traveling dan mempermudah pekerjaan. 🥰👍 aman dan terpercaya, untuk tiket, hotel dan semuanya. terima kasih Traveloka, sdh lama saya gunakan aplikasi ini",5,2026-01-12 15:51:22,traveloka
835037ed-caf4-421f-be21-90614c2cc4e8,mantab,5,2026-01-12 13:53:05,traveloka
9b411d51-58f8-41c5-960a-136407829bd5,order selalu lancar terimakasih traveloka,5,2026-01-12 12:39:20,traveloka
c09c6e26-c7c5-4ecb-b56e-277c54222d2a,oke,5,2026-01-12 12:07:54,traveloka
2703423f-df1d-40ab-a7e2-655529b2b254,Proses Cepat dan CS responsif,5,2026-01-12 11:50:45,traveloka
86af37f5-1868-45fc-ac9b-2fad6a067ef7,sangat lengkap,5,2026-01-12 11:16:24,traveloka
e597e62b-a5eb-475c-a03d-d98dfe3f9709,sangat membantu,5,2026-01-12 11:08:33,traveloka
de9106c2-af39-42c1-9515-369bd546ac3d,pelayanan bagus,5,2026-01-12 11:06:28,traveloka
a7680a03-416c-4d70-8f0e-c9d1ff6a6549,mudah dan aman,5,2026-01-12 10:52:16,traveloka
1eff16cb-68c5-4b19-ad34-d09f2b4251fb,iya,5,2026-01-12 10:29:28,traveloka
1bf9f96a-b7f1-42d7-86e0-3792f062ff62,kerennn,5,2026-01-12 08:58:51,traveloka
073868c8-a19e-47f1-8686-539bcc623174,sering pakai traveloka,5,2026-01-12 08:58:27,traveloka
c6296d99-ca11-45e0-a3e8-eb1472284a24,baik,5,2026-01-12 08:53:42,traveloka
f42d4145-d383-4858-a121-c95f2432be1d,aplikasi Sangat Membantu...!,5,2026-01-12 08:40:51,traveloka
15bc8ce6-1f22-4625-b785-f0704a35a6cf,semoga bisa jalan jalan,5,2026-01-12 07:05:44,traveloka
9d465e24-d8d9-4842-beaa-ef808bd63cfb,udah lama pake app ini dan sangat membantu sekali ketika teman tdk punya app dan perlu bantuan utk bokingkan ticket...terimakasih Traveloka,5,2026-01-12 06:41:46,traveloka
e99063fc-480f-462b-9122-c408f0bbbb41,puas banget,5,2026-01-12 06:22:35,traveloka
d1e6126e-7e46-4354-9f28-109764bd068c,ok,5,2026-01-12 04:47:18,traveloka
f399a148-3a84-4be9-b5d5-c22ad5c68dff,mantap,5,2026-01-12 00:27:59,traveloka
f2492dd7-cd6c-4668-ac5a-e2e3f2f4d31a,mudah dan gk ribet,5,2026-01-11 23:49:00,traveloka
d3fec70f-4465-468a-b0c6-fa416356abf4,Aplikasi sangat bagus untuk boking tiket pesawat dan mudah untuk pembayaran bisa langsung di cek in secara online,5,2026-01-11 23:16:43,traveloka
8ecc9814-0f6f-4797-a1d6-eb64e8151382,good,5,2026-01-11 21:06:02,traveloka
ce19a25c-8d9c-4c77-9391-96a533729dd2,sangat membantu,5,2026-01-11 20:26:46,traveloka
1595119b-46bf-4abf-bce2-473a007f9ccf,praktis n mudah,5,2026-01-11 19:37:33,traveloka
a1e44d39-b5f5-4126-bf80-be36d23bc6ea,paling the best untuk bepergian ya traveloka,5,2026-01-11 19:33:06,traveloka
0940d378-bed6-4ed1-b407-a4eaacb4617a,sangat rekomend,5,2026-01-11 19:30:11,traveloka
137dad84-2553-47bb-88f5-3e488e70c6a1,"pembelian tiket degan paylater, tetapi saya melakukan reschedule, namun pembayaran nya kok tetap di akumulasi dari pembelian. mohon penjelasannya.",1,2026-01-11 19:20:03,traveloka
d3bc4732-7cc3-4481-bc25-fcb91649439f,baik,5,2026-01-11 19:13:37,traveloka
485b57f8-53cf-4475-853e-94c8af14f9ca,traveloka terbaik 👌Terima kasih.,5,2026-01-11 19:05:15,traveloka
65689c5f-07ec-466a-ab63-fc4c0a5d80db,mantaf,5,2026-01-11 18:33:50,traveloka
1ab6004c-325c-4743-97f0-f4a6d3ed4f52,terbaik,5,2026-01-11 18:18:06,traveloka
4e23989e-8b32-44bf-85c5-bc92c67945f7,Ok,5,2026-01-11 18:00:15,traveloka
f6c55361-b153-4ee4-9220-a9ca14e11d51,so far good lah,5,2026-01-11 17:29:03,traveloka
58284c7b-539e-4fd0-85aa-5378597df0d8,pertam beli tiket pesawat online,5,2026-01-11 17:13:44,traveloka
46a8b7a4-4d90-45e5-b71d-0f7809c08f4d,harga nya gak tentu suka ati nya aja naik harga nya udah lah mahal,1,2026-01-11 17:04:16,traveloka
0d3d887e-01b5-47cf-873a-85c9cdcec5ab,"tolong di perbaiki, sinyal stabil dan jaringan ok, tapi susah buat masuk...",5,2026-01-11 17:03:46,traveloka
4698c481-6625-425d-8054-687b0cf460aa,proses cepat.. mantap,5,2026-01-11 15:47:44,traveloka
dde6c4de-adc5-4717-b4ef-e5064255c6c4,mantap,4,2026-01-11 15:32:29,traveloka
6d1c7129-4dd6-43fd-be8d-0770cd8797fb,ok good,5,2026-01-11 15:16:41,traveloka
71c6d93d-ffbd-4009-b0ea-62a76d829635,mantap,5,2026-01-11 14:14:20,traveloka
fbf09a82-f3bd-461d-bcda-721a0713321a,puas,5,2026-01-11 14:02:21,traveloka
7ec58d20-53f2-4bfa-b2ca-96efc5047532,sangat membantu,5,2026-01-11 13:56:59,traveloka
b5b81b95-01a2-474d-9f6c-7ca26c06cffe,sangat bagus,5,2026-01-11 13:01:27,traveloka
ea742422-09aa-4cba-9005-3dd26e4c15d4,mantap,5,2026-01-11 12:21:18,traveloka
044f86f0-bcf5-4e12-9bd8-69202993a8d4,sangat 👍,5,2026-01-11 12:04:15,traveloka
ac948fee-55f3-4c76-89ef-e8955ac67f4b,paling di percaya,5,2026-01-11 11:40:51,traveloka
774846f7-f54b-4ab8-995d-31f221b14888,keren,5,2026-01-11 11:33:18,traveloka
8a708a10-fd83-4a60-8b39-07252eb06214,sangat nyaman dan cepatbprosesnya,5,2026-01-11 09:06:11,traveloka
ffe4e7de-e940-4657-9e26-96eb7058edc8,Terimakasih Traveloka,5,2026-01-11 07:44:06,traveloka
807d968e-0d5f-44af-88e3-4c2d92e39146,MANTAP,5,2026-01-11 07:09:42,traveloka
50c8db10-8337-4043-9e51-8f9ef2c4b536,"kenapa mau cek penerbangan kayak nya erro deh mulai kemaren, tidak ada jadwal penerbangan dan tidak harga nya... kanap seperti itu ? saya mau booking soalnya.. mohon di betulkan lagi kak",4,2026-01-11 06:09:35,traveloka
43641152-8570-4574-9836-cc393ddec387,mantap,5,2026-01-11 02:52:37,traveloka
09dff3e1-8ad0-461a-bc04-5ae647e89014,bagus,5,2026-01-11 01:42:42,traveloka
a850d6a7-eeaa-4e9d-aece-921ccdf266a8,"tgl 9 Jan kemaren sya barusan pesan tiket di Traveloka rute Semarang-Balikpapan untuk 2 orang untuk tgl 18 Jan dengan total 2.8 juta, trus langsung saya rifund di hari yg sama karna ada hal mendadak, eh potongannya parah banget, masa estimasi dana rifund yang balik cuma 560 rbuan, itu pun sampe detik in tolong dong Traveloka untuk pelayanan Refund nya agar lebih di perbaiki, saya melakukan proses rifund dengan ID 10283308 tapi sampe saat ini belum di tindak lanjuti, tolong jangan mengecewakan.",3,2026-01-11 00:58:07,traveloka
2ccdf87e-7f27-48e7-a588-1d0a7b68788c,"lancar jaya, terpercaya",5,2026-01-10 23:18:21,traveloka
1ca1ed96-8946-4f66-ae13-132279580d88,"sangat membantu tapi sayang nya limit bukan di tambahkan malah dikurangin mulu, padahal pembayaran selalu tepat waktu dan tidak pernah cacat, harusnya bisa di lihat juga dong konsumen dari segi pembayaran nya ,semoga bisa lebih ditingkatkan lagi untuk paylaternya",3,2026-01-10 22:54:42,traveloka
399b06b3-0452-4f9a-8ca7-532096098317,"Aplikasi dengan tidak ada Quality Control yang bagus, kamar yang ada di foto hotel ""tidak"" sama dengan realita saat kita datang ke hotel yang ada, apalagi cari yang ekonomis, waspada anda kecewa. Saya sudah kehilangan uang gara-gara saat saya komplain tentang kondisi hotel, CS Traveloka tidak menginformasikan syarat refund dana saat kondisi hotel seperti kos-kos an. Tidak info diperlukan bukti foto dll sampai pihak penyelesaian keluhan minta foto, yang seharusnya di info saat saya komplain. 🤬",1,2026-01-10 22:44:49,traveloka
68b8fde8-f135-4911-ae43-513256fd70fa,mantap,5,2026-01-10 18:58:08,traveloka
bfa60aed-01e7-4a1a-97d0-3df70a9d68e9,sangat bagus,5,2026-01-10 18:49:57,traveloka
cb84d73a-f847-467f-b1e5-a8588e9d2188,mudah,5,2026-01-10 18:44:55,traveloka
d07a01f6-50b4-49a2-8154-782dc7401e06,top,5,2026-01-10 17:37:16,traveloka
56c4d57f-d0f0-4e52-9988-d4a03613d751,sangat aman,5,2026-01-10 17:23:57,traveloka
67e18650-56d3-4be6-a6b4-dae5d02a92d3,baguss,3,2026-01-10 16:23:50,traveloka
da39aa8d-7033-4f62-8743-a6127de89a9e,TERBAIK,5,2026-01-10 16:11:57,traveloka
3d95485f-e806-4615-9a39-b82902237e50,simpel dan mendunia,5,2026-01-10 16:01:06,traveloka
63488e7a-f4e4-449b-96b8-c58d9295a9ea,bagus,5,2026-01-10 15:23:40,traveloka
2b2c4930-3ed5-4dac-9a7c-d6798d1b882e,baik dan proses transaksi cepat,5,2026-01-10 15:04:01,traveloka
1ec21589-923e-4659-b02c-d3bba5396652,ok,5,2026-01-10 14:43:57,traveloka
78916a1c-258e-4e4c-a996-f282c04e8341,Banyak manfaat nya...,5,2026-01-10 14:33:11,traveloka
886444df-c9d1-4fec-97eb-9946a76591d6,setelah di pakai di bayar 5 hari sebelum jatuh tempo di bayar tagihan turun level dari 4 turun ke 3 turun ke 1 terus akun di blokir sekalian aza tak di bayar lah bulan depan stupid traveloka,1,2026-01-10 13:22:31,traveloka
1cfc2680-e0df-4009-85b4-1ca3affe1ea9,"mantap, Traveloka is the best",5,2026-01-10 12:52:36,traveloka
10f51b49-5ac4-4ed3-9361-670585613c03,top,5,2026-01-10 12:18:13,traveloka
c8187389-4615-4974-96e2-ef0af06352ac,Mudah dipahami,5,2026-01-10 11:46:13,traveloka
fd7342b2-d94e-401d-93e7-ad230bc35628,kami mengunakan Traveloka sejak dahulu kala,4,2026-01-10 11:30:09,traveloka
0d569f7f-c9f2-4f63-9450-a9861628af51,aplikasi sangat bagus,5,2026-01-10 10:58:49,traveloka
7a97a7dd-4969-4d7b-9e4e-0a57e437105b,baik,5,2026-01-10 10:50:37,traveloka
3afeca3a-4f90-4da5-95b0-42a77f0606e7,good,5,2026-01-10 10:44:14,traveloka
55494194-87e0-4b27-854c-1ae9c3eb252e,cepat dan lancar,5,2026-01-10 10:23:39,traveloka
a1eb22f5-7355-4d4d-bdea-9e4ffcf66576,bagus,5,2026-01-10 09:22:29,traveloka
764e66ba-3d5d-4cad-a2bb-dd5f11794244,mantap,5,2026-01-10 07:13:26,traveloka
ed328d3d-4dbf-4da9-ae8f-f88fd1fd00ed,lebih mudah pesana.. mantabbb,5,2026-01-10 07:03:53,traveloka
fe0c73fa-0b8c-47ae-8155-e14309920564,proses pemesanan cepat dan mudah,5,2026-01-10 06:36:01,traveloka
0c381fd0-3e4e-4750-ba26-7b8df8b0aa27,sangat membantu banget,5,2026-01-10 06:28:14,traveloka
03b40f0a-6c02-428b-be9d-cb1d80ee8004,membantu sekali,4,2026-01-10 06:13:40,traveloka
5dac9f03-a8fc-4dc3-b996-2912a409c5da,e tiket ga terbit-terbit udh bayar dari tadi🤦‍♂️ respon nya lelet setiap balas chat harus tunggu 30 menit,1,2026-01-10 05:08:07,traveloka
a3796237-af56-4d8d-ab83-de4083b50f46,mantap,5,2026-01-10 02:43:59,traveloka
37d00139-34d3-4f4e-b107-a68313a2a88e,cepat,5,2026-01-10 02:31:01,traveloka
5153afe0-4541-4b48-8939-52e554fee77b,ok,5,2026-01-09 22:29:23,traveloka
c0cc0f7d-4605-48ec-9328-4aeba17f007c,"Terbit eticket lama sekali, hubungi cs susah minta ampun, sudah terhubung disuruh nunggu.",1,2026-01-09 22:25:28,traveloka
3ec679d7-5290-4f34-b736-28bb28094db9,"Bagus , buat pesen Tiket , dan buat pesen Kamar hotel",5,2026-01-09 22:05:37,traveloka
9510aca3-6521-4655-8000-599c498a6808,saya dikasih limit tp ga bisa dipakai. kena prank,1,2026-01-09 21:56:00,traveloka
2527c3da-f16d-490f-9348-881fa8979ecd,memudahkan segala urusan,5,2026-01-09 21:26:14,traveloka
fcaa4ff1-6357-4c9c-83d4-49d16db1b851,"Kapok pakai Traveloka pelayanan lelet, di rugikan tiket 4 orang ke Trans studio Bandung Hangus begitu saja pesan jam 13.00 ketika tiket voucher di kirim jam 15.30 dan tutup trans studio Bandung 16.30 (semua terkait Trans studio Bandung cuci tangan dan Traveloka cuci tangan pelayanan lelet)",1,2026-01-09 21:20:31,traveloka
0a468da6-7f31-43db-a683-dca168442721,pelayanan 0ke,5,2026-01-09 21:04:07,traveloka
47d6099e-fb64-4c8e-bcf3-8ae86d5dfc0f,promo ny dibanyakin,5,2026-01-09 19:44:58,traveloka
7ae2762b-9597-4468-8f3b-dba648d00256,oke banget .langsung dapat paylater,5,2026-01-09 19:29:50,traveloka
4c8acc0b-3147-4e8f-911b-022a76e0c0e5,pesan hotel dan pesawat terbang melalui Traveloka sangat mudah dan cepat.,5,2026-01-09 19:28:08,traveloka
dcdbf0e1-6fa1-4c91-9be0-e05a86b975c4,ok banget,5,2026-01-09 19:12:18,traveloka
ebde5427-ed36-42c1-8197-4a2254fa6819,"Traveloka sangat membantu perjalanan kami, Terima kasih Traveloka",5,2026-01-09 16:42:02,traveloka
e358e758-d205-404b-8cf5-3753d1db044b,jos,5,2026-01-09 16:36:02,traveloka
799b8429-d87c-4e57-9337-dc05e27de59d,bagus tingkatkan lg,5,2026-01-09 16:11:17,traveloka
838a40c9-9f91-41a6-9b12-5b9f3819666f,"gampang, mudah, tampilan bagus, aplikasi bermutu",5,2026-01-09 15:50:51,traveloka
55285894-2c85-4e17-8441-7f2b69f62f10,top,5,2026-01-09 15:37:18,traveloka
7618f4e2-2bca-4d4e-be78-9eb911d7d391,Mudah dan cepat,5,2026-01-09 15:15:34,traveloka
2dae61c2-6f30-47a8-b20e-3f52df041c1d,Baik,5,2026-01-09 15:10:43,traveloka
57e05b91-061e-4d50-baea-2498f03d9e2b,"hari ini mau check in gak bisa login ke akun,gmn ini trusan",1,2026-01-09 14:51:25,traveloka
9c24497f-27aa-42b6-92cf-2038dd9e1e49,mantap,5,2026-01-09 13:14:25,traveloka
0ec98ca8-7a54-4b42-a80d-a41406a41988,good,5,2026-01-09 13:04:59,traveloka
ac3ef765-5ea2-4f11-93d5-6ce0694f90f8,bagus pelayanannya,5,2026-01-09 13:04:11,traveloka
b88fca89-f4ba-4271-825d-c9dfd36af10e,"mudah di gunakan, dan sangat membantu, terutama seperti saya yang ada di daerah pedesaan.",5,2026-01-09 12:17:51,traveloka
30c75c1c-3efe-4869-a1af-830b82543bff,"Ga Pakai Lama Langsung tutup akun paylater Traveloka dan Akun Traveloka. -- Rugi Traveloka kehilangan gue. H-2 Jatuh Tempo aja, dari jam 8 pagi sampai jam 9 malam ditelpon terus setiap 10 menit pakai BotCall/AutoCall. Langsung aja gw AutoBlokir Nomor yang Gak Dikenal jadi ga bisa ditelpon. -- belum lagi perkara pembelian yang beli ditanggal 16 tapi ditagih 2 Minggu kemudian, bukan 1 bulan full . -- memanfaatkan celah supaya pengguna Traveloka gagal bayar.",1,2026-01-09 11:42:58,traveloka
f1f877ac-fab1-4ec5-b90a-48134cfaa0e9,siiplah,5,2026-01-09 11:33:47,traveloka
537b931d-90f7-4627-986f-3913098e681b,good,5,2026-01-09 10:50:59,traveloka
b5a1c307-7693-495a-a606-4b84f87cd52b,Traveloka sll jd pilihan tepat 🙂,5,2026-01-09 10:35:56,traveloka
38f72735-e5a9-4a86-8369-1886a33f822b,"mntaap,",5,2026-01-09 10:29:32,traveloka
7e5d41c2-f575-4d11-911d-91993cb1cf25,good Application,5,2026-01-09 10:02:51,traveloka
fc53fe2b-b906-4726-ae8e-d0dd7b61abdf,baik,4,2026-01-09 09:56:55,traveloka
f1c7da87-78ea-4229-960a-2453b58550d4,sangat membantu untuk liburan buat kamu yang mau liburan tanpa pusing apk ini membantu bgt,5,2026-01-09 08:09:16,traveloka
64550a62-7fad-4c58-94ab-ddc0765eb51c,ok,5,2026-01-09 07:55:41,traveloka
ce01597e-1a44-4275-9a66-591391f38e9e,amanah,5,2026-01-09 07:05:07,traveloka
f2225505-4e24-4ace-b003-ae951630f0cd,Terima Kasih sudah membantu rekomendasikan Hotel dan Transpotasi selama ini,5,2026-01-09 06:43:55,traveloka
de0528a1-6d83-47e1-8d8a-f125507d3465,good job,5,2026-01-09 06:04:55,traveloka
56442b72-8bf9-41b8-965b-0469a48e6a85,order lebih mudah,5,2026-01-09 05:47:46,traveloka
31197ad3-46d2-4ed7-9a8d-955482807546,best,5,2026-01-09 05:00:11,traveloka
7da19384-8765-4906-9c21-e3ac412b5868,Bagus,5,2026-01-09 04:27:34,traveloka
69179ee8-141f-4201-827a-8cd6b1cc4178,mudah transaksi nya,5,2026-01-09 02:36:43,traveloka
dfecce6f-515f-4016-9efc-ea12f37aee6c,👍👍👍👍,5,2026-01-08 21:55:07,traveloka
8a1cf2a3-6fea-4209-ad28-6286a07eaa1f,sampah,1,2026-01-08 21:38:38,traveloka
a3811c47-07cc-420d-8051-251728feaee0,mudah melakukan transaksi,5,2026-01-08 21:05:31,traveloka
df6562a4-b7e3-48e0-820b-8cc3bd2d7450,ok,5,2026-01-08 18:53:51,traveloka
2c961cb9-f1d1-4c6e-bc25-f054c353cd88,nice,5,2026-01-08 18:51:15,traveloka
1e6d29e1-282a-4274-9c86-23c3ee1543da,cepat praktis pakai traveloka,5,2026-01-08 18:34:26,traveloka
86507be1-b2dc-4b0a-b755-4e7e529c2792,ok,5,2026-01-08 18:29:46,traveloka
1fbcf891-87a3-4ffe-84ef-e9c776affa97,kenapa registrasi saya tidak terbaca. pahadal saya sudah lengkapi data saya.. dan tinggal pengambilan gambar saja susah sekali dan lodingnya juga sangat lama.. tolong prosedur di perbaiki,4,2026-01-08 18:03:00,traveloka
6cacc472-0f45-4d05-9dc0-99be54252d71,ok,5,2026-01-08 17:54:34,traveloka
fbbdf4b1-3c0f-46df-ad18-ddeca485d6de,paylater ku dinonaktifkan sih gilaaaaaaaaaak,2,2026-01-08 17:53:33,traveloka
fd4b7ed2-f521-4fa7-90d6-977ba3cc5c53,ok,5,2026-01-08 16:55:28,traveloka
dbafccd0-ffd2-486b-b3c7-f71d071e59f0,oke,5,2026-01-08 16:27:01,traveloka
ccbce3d3-5d85-43e2-abed-39523edf267e,ok aplikasi yang memudahkan boking tiket pesawat,4,2026-01-08 15:52:26,traveloka
ede4e1d1-e271-4e33-9185-dc63a4ab96d9,nice,5,2026-01-08 15:19:50,traveloka
5c256ee1-8355-45e9-9f3c-e4097c303d0f,bagus,5,2026-01-08 14:55:31,traveloka
fb6ec8be-c86b-485e-853b-12b542315d74,perlu ditingkatkan lg layanannya,5,2026-01-08 14:36:52,traveloka
582070b6-9a20-4401-a60e-a31649bbb766,bagus,5,2026-01-08 14:28:06,traveloka
f9018c81-13bd-425b-b9be-ffc8798dfe37,siip,5,2026-01-08 13:46:50,traveloka
2da5afee-d1fd-4cd8-97ae-7e47918342eb,makasih,5,2026-01-08 13:24:28,traveloka
0040a49b-933b-476b-a080-0287ce3fb788,saya pakai Traveloka karena murah dan layanannya bagus 🙏 Terimakasih,5,2026-01-08 13:18:57,traveloka
7c327069-3d4b-46c0-b096-cacfa8d1723c,"Traveloka sangat membantu sekali,pokoknya hemat budget bisa cicil sampe bbrp bulan kemudian",5,2026-01-08 13:13:16,traveloka
c933c7e4-1ea0-4364-9b20-a521ad7140ae,baik tp aplikasi makin ribet TDK seperti yg dulu muda dan cepat,5,2026-01-08 12:47:28,traveloka
02c81423-cb31-49e0-ba77-094ee11aacc8,"layanan cepat, harga lumayan lah, bonus gimana ini...?",5,2026-01-08 12:29:13,traveloka
6fe33ad0-5479-4b4b-8164-b4e40aea2ea0,"cepat,mudah tanpa ribet",5,2026-01-08 12:29:13,traveloka
933e0d01-8112-425f-90cd-092c6435b0b4,"setelah sekian lama pakai traveloka . terpaksa harus pindah ke aplikasi sebelah .traveloka sekrang pembelian tiket pesawat mewajibkan pembelian asuransi yg gk perlu , jika tidak maka pembayaran dipaksa memakai tpaylater yg harganya naik 300rb untuk pilihan tenor 1bulan . sangat memaksa untuk pakai tpaylater . mending di aplikasi sebelah .",1,2026-01-08 12:26:01,traveloka
75ebcdf2-28d5-4a5d-bc4a-815e07c3a2a6,cepat dan 👍😎😎😎😎👍👍👍,5,2026-01-08 12:24:15,traveloka
6bbdf82f-7c38-45ac-96aa-401bba0c804b,"terima kasih travela aplikasi lancar bisa dpt diskon harga ,asek banget .. saya suka",5,2026-01-08 12:08:03,traveloka
28a48cb1-cfba-4e1e-83d7-463b2cc99717,mantap,5,2026-01-08 11:15:02,traveloka
65eaa0a0-8987-47a6-a376-257ab6f7444a,baik,5,2026-01-08 10:50:14,traveloka
5a1b88c7-ae84-4d16-b85b-e8ee58bb9965,ok,5,2026-01-08 10:20:04,traveloka
c953c116-af4e-4fcf-b4c6-dcddbd9b6a39,m a n t a p,5,2026-01-08 08:14:16,traveloka
8d070634-4d33-4f75-9e22-20a4817f8b80,smart,5,2026-01-08 07:41:37,traveloka
ecc2920d-70ba-4b09-907b-e42f83ed18bd,Good,5,2026-01-08 06:16:52,traveloka
0907aa0e-c5c7-4521-9d92-836b67672c59,terus tingkatkan kualitas terbaik dan memudahkan penggunanya admin,5,2026-01-08 03:13:45,traveloka
3e8befdd-d280-4ed1-b218-d27636118a9f,menakutkan pengambilan keuntungannya kalau mau beli langsung saja ke google lion air,1,2026-01-08 03:08:07,traveloka
fa68371e-7113-46fb-b211-a061c76a94c9,"Mantaap utk aplikasinya ,gampang tidak ribet ,terpercaya",5,2026-01-08 02:49:56,traveloka
bd733bfc-f2b4-4675-9c72-c81a43cb1077,sangat baik,5,2026-01-08 01:59:15,traveloka
5334acbc-6480-44ea-8f71-e3e7602a92f9,sangat membatu perjalnan saya,5,2026-01-08 01:50:00,traveloka
dbc1eadc-8f80-4c57-b739-15e37d0b5d34,Sangat Baik👍👍👍,5,2026-01-08 01:16:34,traveloka
4bcc786f-489c-4e66-ba10-b237ef606fd7,mantaf,4,2026-01-07 22:49:15,traveloka
5fd22744-4b4a-452c-bc99-f141169fff87,Sangat mudah dan harga terjangkau,3,2026-01-07 22:26:55,traveloka
3df8d5f2-9970-443d-ac11-fb4941270c90,Terimakasih Traveloka telah memudahkan konsumen dalam mencari tiket dll...,5,2026-01-07 22:21:10,traveloka
7d1da2b2-5e3f-4583-897c-9d93eea72d03,easy,5,2026-01-07 21:22:47,traveloka
40cbfde8-8238-4636-8e85-b7746c3121f6,daftar cepat dan dapat dipercaya,5,2026-01-07 20:04:13,traveloka
9c135891-7bda-4e55-a598-99afb70102aa,tiket yang dilakukan perubahan oleh maskapai dan di kembalikan ke jadwal awal dengan seenaknya tidak dapat di refund sangat merugikan...tidak ada tindak lanjutnya..kapok pake aplikasi ini setelah sekian lama menggunakan akhirnya jadi tumbal juga....who next.,1,2026-01-07 19:52:37,traveloka
3dde4b5a-f50b-4757-885c-c9ccb0dd428b,Top,5,2026-01-07 19:24:01,traveloka
782826d3-445c-4a2e-81a5-37fa26b064c4,rute penerbangan ga jelas muter2.,1,2026-01-07 19:04:15,traveloka
b8963d29-3c1a-4855-ae1b-31f51aee0b66,mangap gitu,5,2026-01-07 17:46:01,traveloka
eb9db96c-6993-4bd8-8971-f9d35c5f0285,bagussss,5,2026-01-07 17:31:28,traveloka
01941a96-e6ed-4e70-ba0a-ab8fc90c7ad8,aplikasi nya mudah dimengerti,5,2026-01-07 17:26:34,traveloka
eaebfae2-7903-4ebc-a917-672fef506824,mantap,5,2026-01-07 16:20:36,traveloka
82366a83-a2c0-4359-8037-cd5fc7fe1a41,susah menghubungi cs,3,2026-01-07 16:16:42,traveloka
8bfe82e7-32a1-498e-9e98-4b87beea222e,traveloka sangat membantu perjalanan saya,5,2026-01-07 16:06:09,traveloka
5d51ec65-2d63-440c-9a1c-5f81a77f3d84,Memudahkan rencana liburan kami,5,2026-01-07 15:47:30,traveloka
df32bd95-c1bb-400e-a28e-c148c50d52e4,mantappp,5,2026-01-07 15:26:14,traveloka
90347444-ef5a-41a1-a926-7fdd55d06a95,very easy,5,2026-01-07 15:26:13,traveloka
86825dea-d3ab-48b8-84e9-c0c8c8edd88c,ok,5,2026-01-07 15:24:26,traveloka
9a1b49bc-afa9-4499-aa80-f3481aa62eb1,berguna,5,2026-01-07 14:59:23,traveloka
6fe84741-a51b-45c3-9826-a5986745c11a,kenapa ya biak jakarta ko mahal benget harga tiketnya dari tahun 2021 sampe sekarang,3,2026-01-07 14:42:19,traveloka
de622dbb-9aaa-40ed-837b-c7b548d7d6ae,sangat memuaskan,5,2026-01-07 14:01:09,traveloka
3274bd2c-a374-4b3b-92b8-15514858b37d,sangat membantu dan fleksibel bs pesan kapan saja dimana saja,5,2026-01-07 13:25:23,traveloka
c274c66a-881e-4f94-abe1-6f91fadcfd7a,mantap,5,2026-01-07 12:58:14,traveloka
06c7c032-f6b0-4108-bfd6-7083cc90f1e8,Sangat membantu,5,2026-01-07 12:28:50,traveloka
c1782d74-f66e-4ae7-8644-d510603ba80e,mantap jiwa,5,2026-01-07 12:28:34,traveloka
54b29550-9230-4f95-9d98-bce6651c477d,nice,5,2026-01-07 11:12:09,traveloka
9adcec7e-7e96-4df6-aab7-0061027a37f0,woow keren,5,2026-01-07 10:43:19,traveloka
8463ae73-5121-4b8d-a095-bf5f5d0c634a,keren banget deh gacor,5,2026-01-07 10:29:08,traveloka
f1e9ce96-cffa-42aa-a2e2-85931aff0e47,good,5,2026-01-07 10:03:41,traveloka
cc8ad99f-95c4-4d9e-8b3d-780cc884326c,Platform Travel Terbaik,5,2026-01-07 09:51:02,traveloka
efd660d3-cbe8-4e71-86de-1dcb64ee7493,"bagus tanggapan respon cepat,",5,2026-01-07 09:45:04,traveloka
efd45c7b-2dc5-405d-8fdb-ef016d1d0d55,lebih mudah dlm perjalanan,5,2026-01-07 09:36:58,traveloka
10d17083-ae58-4764-ae74-e87d93e20095,DI COBA DULU,5,2026-01-07 09:22:43,traveloka
68fe0d82-01b3-40af-a228-37e59b45d910,saya ajukan refound tgl 27 November sampai skrg blm cair ya..,1,2026-01-07 08:43:23,traveloka
70c8ea1a-df6c-4330-ad84-c1695e2e204d,cepat di proses,5,2026-01-07 08:37:20,traveloka
28050484-9b1a-4938-bcb8-c8f141d0559f,mantap,5,2026-01-07 08:26:20,traveloka
bf3b6971-6254-457f-82b7-53dc8030d315,aplikasi ga jelas refund ribet bertele2,1,2026-01-07 05:55:10,traveloka
f09010d0-0f3b-400f-8fc0-96de56f3cf24,"Aplikasi favorit untuk pesan tiket pesawat dan kereta Api,, Terimakasih 🙂",5,2026-01-07 05:51:07,traveloka
49de071e-6662-4685-bd0c-d3bd163e62f6,sangat baik,5,2026-01-07 05:27:28,traveloka
33274791-bab8-4405-98b0-b42db604a703,Susah buat pesan ngulang,3,2026-01-07 01:30:53,traveloka
cb46266d-805d-4828-ad54-8bbf49b6b5a9,"aplikasi nya sering force close & tiba tiba ""apliaksi nya tidak kompatibel di HP anda"" padahal beberapa waktu sebelum nya masih bisa, tolong d perbaiki niiih!!!",1,2026-01-06 23:47:39,traveloka
eaf5e22d-edc7-4469-b13c-75cafebd082b,sangat baik,5,2026-01-06 22:53:04,traveloka
7a2483e3-5d0a-4155-8350-64a716ef2767,rekomendasi,5,2026-01-06 21:28:34,traveloka
f6c6c528-e7cb-48ec-a02d-8d2de262a7f0,good,5,2026-01-06 21:17:23,traveloka
498d933e-47fc-44c4-8d61-962feb327e6e,best,5,2026-01-06 20:32:45,traveloka
f137e535-b2df-4ebe-9281-895c07090076,bagus,4,2026-01-06 19:05:11,traveloka
b220055a-0c12-499d-b9a2-aa798580d5b2,MD7 emang the best 👍,5,2026-01-06 18:36:39,traveloka
ae4b8cb3-a014-4045-a470-dee92e20a37e,baik,5,2026-01-06 17:54:05,traveloka
b5258325-f483-4800-a8ac-b800f2c1de73,👍,5,2026-01-06 17:37:10,traveloka
55a7e99f-ad57-421b-adf6-5c1966408390,ok,5,2026-01-06 17:24:45,traveloka
74310475-a90d-4847-84dd-fd492a977f12,good,5,2026-01-06 17:23:55,traveloka
6757b64b-8e08-4dea-8ee8-089a310b8786,bagus,5,2026-01-06 17:23:40,traveloka
cb4cad87-a612-4b1a-8bef-ed79d268a6cf,baik,5,2026-01-06 16:52:11,traveloka
bae98150-72ae-43ca-a323-2df1aa9cbe67,"Sudah baik sebelum²nya, limit saya baik..tapi hanya karena blm bayar paylater jadi turun level, limit diturunkan, padahal jatuh tempo saja belum, bayar selalu sebelum jatuh tempo, sangat mengecewakan sekali dlm segi penilaian nya percuma sudah level platinum priority ini ga ada guna, naik level 2 jg tetap sama aja ga guna",1,2026-01-06 16:18:39,traveloka
60cec354-5847-46f0-a2fa-c36fce21b30b,ok,5,2026-01-06 15:44:58,traveloka
f55ce2d5-a06a-4b29-a32f-cf2e6fa1428f,Keren,5,2026-01-06 15:31:43,traveloka
802f9fac-e6fe-4474-b11c-f048b8396649,terbaik,5,2026-01-06 15:29:46,traveloka
17835497-3658-4527-97fc-845a635e7da8,good,3,2026-01-06 14:43:59,traveloka
580638bd-358e-4725-9bf3-48173d65d82f,"Pake aplikasi ini udah dari lama, pas reschedule harganya astagfirullah, harga reschedule seharga 2x tiket pesawatnya, padahal yang di reschedule lebih dari 6 hari. sebelum keberangkatan dan 4 hari di hari reschedule yang ditentukan.",1,2026-01-06 14:39:44,traveloka
3b8a4a8c-8292-447d-865d-506e138426d6,Sangat membantu,5,2026-01-06 14:31:51,traveloka
09b5339c-03d4-4c6d-b6e8-8ba8d50abcdf,ok,5,2026-01-06 12:37:24,traveloka
24338dbe-6375-4ba2-9b73-cf6b868ae3b2,Sangat Membantu..Mantap,5,2026-01-06 12:18:37,traveloka
cf8f0743-b81d-4715-b2a8-061add4852de,yas,5,2026-01-06 12:10:34,traveloka
adf69c0d-8016-4bbf-bcc0-41dd0ec501d9,informasi paket perjalanan lengkap,5,2026-01-06 11:50:54,traveloka
c6e4c68f-32cb-43c6-86c1-55db7b0085eb,"saya sangat senang dengan aplikasi Traveloka dan selalu pakai jasa ini kalau pesan tiket dll. tidak ribet dan sangat gampang..,❤️❤️❤️",5,2026-01-06 11:46:54,traveloka
f2f2a307-1bcb-4dc0-9ce7-e3544c63c80e,mantap,5,2026-01-06 09:55:25,traveloka
6a26c35c-a9b8-42a7-ac30-d89e542cf785,"dari dulu pake apk ini , skg jd kecewa, tpaylater diblokir tanpa alasan yg jelas, ngebuat aktifitas saya terhenti.",2,2026-01-06 09:18:40,traveloka
91eb7c2c-3855-45a7-a27e-45f897938f72,berhasil,5,2026-01-06 08:55:09,traveloka
f7ab5bff-d1d9-4922-a35e-c145135fb63a,sangat baik,5,2026-01-06 08:32:58,traveloka
f89b7b8e-c4db-4d06-8ae1-dcf42570bca4,baik dan cepat,5,2026-01-06 08:26:49,traveloka
2d77827e-09d9-4adc-9c77-b98bab16cfc2,aplikasinya sangat mudah digunakan dan fiturnya juga mudah dimengerti....semoga ada promo untuk tiket domestik papua,5,2026-01-06 08:23:33,traveloka
06a6777b-1750-473e-822e-0ea432fcd61f,sangat bagus,5,2026-01-06 07:55:36,traveloka
5722ea4d-664e-4b6f-8432-f1e5e2b52867,trmksh sngt membantu sekali. smoga sukses trs traveloka kedepan'a. Aamiin🤲,5,2026-01-06 07:25:48,traveloka
18a359d3-fe33-40d9-9d43-d70048aef3a9,mantap,5,2026-01-06 07:10:46,traveloka
fcdc068a-6434-4929-baa7-ff221aa482ff,promonya kurang kompetitif,4,2026-01-06 06:40:32,traveloka
0ac912a4-d891-4328-a709-6250e40f06d8,gooddddd,5,2026-01-06 00:20:54,traveloka
85cd4d5b-1847-4341-ad50-54abbfc5299f,bagus,5,2026-01-05 23:49:12,traveloka
ffa2cce6-77d9-4e2c-beb3-247e9b916a70,lebih hemat dan cepat prosesnya,5,2026-01-05 23:02:16,traveloka
1172d036-e932-45eb-87e4-f6864c586603,jos jis gak kecewa pokoknya,5,2026-01-05 22:16:54,traveloka
bd2b45af-3709-4907-b560-bd9345634e47,saya tidak pernah memproses pemesanan dengan pembayaran Tpay Later tiba-tiba ada tagihan apakah menggunakan Tpay Later tidak menggunakan PIN sebagai tanda setuju menggunakan pilihan pembayaran?,1,2026-01-05 21:52:07,traveloka
3d98e4b5-5eab-49f3-8109-d5f18cc7783b,siap bagus,5,2026-01-05 21:28:43,traveloka
885f76d7-c7bc-45fa-a84b-d27e916fabb7,ok,5,2026-01-05 20:42:19,traveloka
bebbdd64-6857-4abf-9802-7a2a00bf7b46,"saya sudah menggunakan Traveloka sejak tahun 2017,tapi di awal tahun 2026 moment dmn sy kecewa dgn Traveloka tdk bisa menyelesaikan terkait paylater, bahkan cenderung muter2 jawabannya,nex pakai apk lain bye2 Traveloka 🤣👎👎👎",1,2026-01-05 20:29:59,traveloka
77030467-3a22-41e6-bdfe-4b0b6d7d33af,kemana aja semudah membalikan tlapak tangan,5,2026-01-05 20:26:02,traveloka
d7a480b6-31c5-42fb-aef0-77f4cc65b0c8,limit fiktif rugi bayar bunga,1,2026-01-05 19:47:04,traveloka
fb5987de-bf51-41c5-8795-8a6fd18ed2bc,baik dan dapat di pahami,5,2026-01-05 19:29:29,traveloka
29c098dc-87ed-4817-be99-b87e2ccb00bc,terbaik,4,2026-01-05 17:36:51,traveloka
914e75ec-af41-404e-9101-b798a3dce608,Mudah pakainya dan membantu sekali dlm pekerjaan seperti sy yg sering keluar kota,2,2026-01-05 17:28:16,traveloka
7d0f4f95-ae18-4547-9ccc-2c93349997fa,mudah transaksinya,5,2026-01-05 17:01:13,traveloka
28e4f30b-ed35-4fad-b193-e6d240d44c76,mantap 👍,5,2026-01-05 16:39:50,traveloka
2d46d717-f69d-4634-9105-6b3e9e844707,mudah cepat praktis murah,5,2026-01-05 16:39:27,traveloka
7675ab3b-52ac-40b1-ad67-6455fa8e7884,. traveloka terbaik..,5,2026-01-05 16:08:09,traveloka
f18f7402-f2a1-42f3-93d6-72fc884866b9,bagus,5,2026-01-05 16:06:41,traveloka
6ac9d25f-8bd4-49ca-a56a-79f9a21375b0,"suka sekali beli tiket di traveloka, mudah gak ribet",5,2026-01-05 15:04:55,traveloka
59754860-c99d-4413-a479-3d624ba8c34e,Very.good,5,2026-01-05 14:29:23,traveloka
54d1f625-68fa-4c7f-bbaf-282e888bdd77,Nice & Good Aplication,4,2026-01-05 13:57:55,traveloka
d8ef0115-d0a8-44e0-87e9-367be8f3bceb,bagus,5,2026-01-05 12:28:45,traveloka
4093ab31-c1fc-4035-aec3-d87f5132a033,cepat dan terpercaya,5,2026-01-05 12:12:11,traveloka
b5faf0e9-077d-439a-95ea-9b5676b28f34,sangat tdk membantu dalam proses refund yg menyebabkan pesanan yg sdh sy batalkan ternyata tdk ter cancel...dan pesanan tetap berjalan..dgn alasan yg tdk masuk di logika..aplikasi refund nya gak jelas..katanya proses sdh selesai tp ternyata msh blm ter cancel...sangat2 mengecewakan...sy tdk mau lagi menggunakan traveloka...,1,2026-01-05 12:05:11,traveloka
9f5f1cff-e7a0-448e-9f99-f80aa86a926a,Very easy,5,2026-01-05 11:53:21,traveloka
7022f603-9a1b-41ff-941f-bafe097d725f,"Untuk Refund sekarang kenapa lebih lama dan ribet, sampai sekarang refund saya belum jelas.",2,2026-01-05 10:21:36,traveloka
67e703e8-a474-4a68-bbcd-3833bcbc4bd3,good aplication,5,2026-01-05 10:17:56,traveloka
d65a6ec6-15c5-4a1e-a07b-9b1a111a25a8,ok recomanded,5,2026-01-05 10:09:09,traveloka
2cc83cb2-18b0-4d58-8b50-7cf57c4656e9,ok,5,2026-01-05 10:05:51,traveloka
62a9548b-90e7-4b9e-a87c-b9aa33e8a647,Sangat membantu,5,2026-01-05 09:48:37,traveloka
7bc4b78b-a124-465f-8d2f-e2bb46f4460e,bagus dan cepat,5,2026-01-05 08:44:11,traveloka
952df87d-c3f4-4cf6-ab27-b6a9a6b0c143,"refund tiket pesawat ribet bangat, harus nunggu berhari hari. udh potongannya gede lagi, gk rekomend sih pake apk ini",1,2026-01-05 07:58:17,traveloka
b773f3c8-e106-4d36-b243-938f2c6977a6,dari dulu oake tapioka hotel pesawat,5,2026-01-05 03:19:30,traveloka
55be78bc-a8ba-400d-9b93-266c76d0f9a7,"refund saya di tolak, alasan gk konkrit, modus aplikasi jebakan, di halaman hotel dengan tgl cek in yg di jadwalkan jauh, pesanan sudah di pesan tau tau tgl berubah jauh, giliran di refund di tolak, aplikasi haram, makan duit haram",1,2026-01-05 02:21:57,traveloka
0e0a32f5-48b9-4cc0-9a97-0ad1441a4004,"sangat kecewa karna bookingan kamar di pindahkan yang seharusnya tanggal 4 menjadi tanggal 18 di dua kali pembelian di tanggal yang sama, dan pihak hotel avira makassar tidak ada solusi sama sekali",1,2026-01-05 01:53:36,traveloka
ee471fda-8b78-4cb0-afc9-07e6e01fe709,sangat membantu,5,2026-01-05 01:31:45,traveloka
4c59286f-dc45-436a-8ac6-deb0ca26b2fb,"mantap, harus banyak diskon nya",5,2026-01-05 00:01:55,traveloka
1da50244-aa07-4293-b774-727865ab5369,terbaik ❤️😘,5,2026-01-04 23:51:29,traveloka
2d0bb8c1-7d5e-4ad5-9b16-ca64248d6021,bagus,5,2026-01-04 23:45:11,traveloka
12d1195c-8779-4b04-ba02-c4550c5500e9,good,4,2026-01-04 23:27:33,traveloka
157029d2-55e5-4cba-8fbf-d14ac48b007e,"sampai saat ini sangat membantu,.",5,2026-01-04 22:29:00,traveloka
85a87f62-ab3f-4efa-b940-152d8e224db8,sangat membantu,5,2026-01-04 21:33:40,traveloka
aa47f8f8-434b-44dc-92db-2e905ce615ed,mantap,5,2026-01-04 21:21:30,traveloka
46364a84-606d-407f-91a9-e2506c32bff1,limit t pay later tidak terpotong,1,2026-01-04 20:10:07,traveloka
03539532-8bce-4e45-a1cc-949d900fb698,saya sangat suka dengan Traveloka,5,2026-01-04 20:08:56,traveloka
2285d4c7-6b63-44e6-832a-01f07edf0a1d,"banyak yamg tidak sesuai antara yang di promo kan di Traveloka dengan kenyataan nya... Harganya mahal, fasilitas dan pelayanan tidak sesuai (. Traveloka sperti nya tidak pernah update/ survey lapangan )",2,2026-01-04 19:57:30,traveloka
6b3c6951-725f-409c-acd0-a71a607523cf,good,5,2026-01-04 19:55:09,traveloka
7bec60f3-3032-41bc-8bb9-b478685944e6,pemesanan tiket ok,5,2026-01-04 18:44:05,traveloka
db270ae9-3e67-443f-82b9-ba3f3ecd288b,Good 👍,5,2026-01-04 18:10:39,traveloka
95139b3e-d783-4705-a566-6a2ad0fb8a2c,sangat membantu,5,2026-01-04 16:56:50,traveloka
5f6a5fa6-b092-41fc-a2c9-46fd3f364350,okee baik,4,2026-01-04 16:46:24,traveloka
989ab658-255e-442d-bcfe-f28ff3ad126f,limit Tpaylater ada. tapi pas mau bayar limit tidak berkurang. silahkan menggunakan metode lain,1,2026-01-04 15:53:00,traveloka
68cfa555-c9de-46f6-a93f-7b70fbd884a5,sangat memudahkan,5,2026-01-04 15:20:20,traveloka
e51e0f96-ae51-41f1-b087-6823a064594a,bagus,5,2026-01-04 15:09:20,traveloka
9d1c9547-619a-45d7-9ef2-00e6de80b9a8,good,4,2026-01-04 13:56:27,traveloka
b63a9e62-e916-45ad-9e66-f4bd2bac8127,memudah kan proses pembelian,5,2026-01-04 13:19:02,traveloka
7ff9b5cf-3396-4f9f-a91f-699abd1a5450,The Best partner in traveling,5,2026-01-04 13:02:06,traveloka
e43d2958-d6ae-4695-8445-f04ca07f02bb,Traveloka mudah dan nyaman terutama untuk pembelian tiket perjalanan. Saya selalu setia bersama Traveloka.,5,2026-01-04 12:51:43,traveloka
55d59df5-2042-4008-aeb8-0ca0f1d37c52,"bagus,banyak promonya",5,2026-01-04 12:20:46,traveloka
0348423c-2a52-438d-ab20-1930a75203c6,sangat membantu,5,2026-01-04 12:13:36,traveloka
598e32aa-b313-4e72-8adc-4e97539fadb9,ok Banget Paylaternya,5,2026-01-04 12:09:38,traveloka
172515e2-e9d6-439c-9027-ddbf5339291c,mantaap,5,2026-01-04 11:51:11,traveloka
20e3c240-8a00-4b8b-b737-6d3bffb31855,terimah kasih,5,2026-01-04 11:42:20,traveloka
cd07c070-9e74-461b-91b2-11e34984d311,membantu sekali,5,2026-01-04 10:42:01,traveloka
b313b40a-37f4-47ba-b495-7702fc82f156,"Traveloka banyak pilihannya, detail, terpercaya dan mudah menggunakannya. trims",5,2026-01-04 10:38:56,traveloka
b4ab2c31-c0bf-41d3-99c1-ede68e33dec2,Sangat puas.,5,2026-01-04 09:15:00,traveloka
b9cd10f4-cdc1-46ed-9d61-af20c494e45e,baik,5,2026-01-04 09:13:06,traveloka
93f8c43f-b888-467d-baa2-8fc7e275c99a,mantap pelayanan nya sangat ramah dan mengesankan sekali,5,2026-01-04 08:30:42,traveloka
fad491b8-f478-4e73-9bbf-12b85713317e,mantab,5,2026-01-04 06:26:45,traveloka
6d0e214c-da27-4034-b819-097293c0a0b4,mudah dipakai,5,2026-01-04 06:23:31,traveloka
31967fc3-e063-4258-9917-d5a9a2c95a50,"mudah, cepat, terakreditasi",4,2026-01-04 04:18:41,traveloka
749f649b-e0a9-4d66-9a66-e33ac059e039,good,5,2026-01-04 01:50:58,traveloka
452c0aef-bb08-450d-9b5e-0d08de6c6bc3,istimewa,5,2026-01-03 23:56:26,traveloka
4389a05d-9f80-4faa-baf6-76886d99a980,ok,5,2026-01-03 23:40:59,traveloka
10172a84-bbb0-429f-b4b7-acacbdd8ea2e,"Traveloka Teman dalam setiap Perjalanan ku, 🥰🥰🥰",5,2026-01-03 23:05:22,traveloka
655cb3af-ba6e-4a40-9aed-8ffea5697027,baik,5,2026-01-03 22:38:14,traveloka
63c7fe29-e96a-4701-8003-4d11715895a4,"benerin totalin biaya pls, bulak balik isi saldo, ribet",1,2026-01-03 22:16:55,traveloka
28bcd0db-01fd-4a7e-b0a0-3b0734f3be9c,sangat mudah menggunakan terapiloka,5,2026-01-03 21:43:45,traveloka
d457ccbe-e9d6-4c20-9eb4-0ec93380193d,keren,5,2026-01-03 21:42:37,traveloka
d8658200-1912-4c4c-81e6-9d717a99c7bc,baik dan bagus pelayanannya saya sudah beberapa kali menggunakan traveloka baik utk penerbangan maupun hotel Terima kasih,5,2026-01-03 20:49:58,traveloka
e0792a76-dabe-4ef5-945f-298dc0542d22,selalu puas pakai Traveloka dari dulu,5,2026-01-03 20:09:47,traveloka
83947b77-300d-43bf-8e4a-966be4023963,Semoga semakin berkembang,4,2026-01-03 19:49:26,traveloka
fb0e5b6d-0c3b-437d-b576-6bd9018e11a5,biar bintqng yg berbicara,4,2026-01-03 19:32:13,traveloka
796c95e8-edfd-4ba5-a688-4f8496a7a215,good,5,2026-01-03 19:07:40,traveloka
d10db3b6-beb0-4e6f-bf42-0d04d79a89c4,mantap Traveloka dari dulu hingga sekarang.pokok nya best of the best,5,2026-01-03 18:46:52,traveloka
16d9cdb8-f5aa-4f6d-bc34-2bbde5daa718,ok mantap weh pokonyamah,5,2026-01-03 18:36:36,traveloka
9683be76-21b3-42e6-996d-cc4d9257ab5a,jos dan gag ribet,5,2026-01-03 17:48:11,traveloka
8be920c0-1730-42f9-9310-d4e842fbb84e,sangat baik.,5,2026-01-03 17:29:41,traveloka
c8ae7d3d-9e7e-46c2-b0be-b8d639faea7d,good,5,2026-01-03 17:26:30,traveloka
eb70e481-b2ed-40cf-8600-d81e2eafea85,puas sekali,5,2026-01-03 16:56:51,traveloka
28ffb88a-45e9-44df-a5b8-c158a13c64ce,mudah di pahami dan gampang cari harga tiket nya,5,2026-01-03 16:53:14,traveloka
b813fda0-aeee-422d-9ab3-b7898a67af94,😎👍,5,2026-01-03 16:24:58,traveloka
faa60616-986c-48a7-83e0-b16c0b73d5a2,oklah saja,5,2026-01-03 14:41:11,traveloka
18a7f625-0839-42c4-b3b9-55d8b1db0194,prosedur nya ngawur dan terlalu banyak ngambil untung,1,2026-01-03 14:07:07,traveloka
8d0935b1-2b44-45d9-a5f8-4a95da58b57a,Keren abis,5,2026-01-03 13:57:29,traveloka
6283910b-295b-463e-81ff-4d5d079a6559,"APLIKASI ANEH, ADA LIMIT 15 JUTA, DI GUNAKAN DENGAN BENAR DAN PEMAKAIAN HANYA 30%, BAYAR TEPAT WAKTU, SETIAP BULAN LEVEL DAN LIMIT TURUN, JADI MALES PAKAI TRAVELOKA, TIDAK JELAS, DIMANA"" PEMBAYARAN DAN PENGGUNAAN BAGUS NAIK LEVEL N LIMIT, INI MALAH TURUN TERUS. TOLONG DI PERBAIKAI SISITEM PENILAIAN NYA",1,2026-01-03 13:35:19,traveloka
5700bcfa-aaf1-421a-b896-fa0e50a756fa,Sangat membantu,5,2026-01-03 12:54:15,traveloka
c016a31d-1021-4e92-8218-d0470ca8416e,lebih mudah dlm memilih akomodasi perjalanan luar kota,5,2026-01-03 12:53:37,traveloka
f1f97941-745d-4d11-950a-78c2ffbf9b83,sahabat traveling yang paling rekomen,5,2026-01-03 12:42:44,traveloka
9f32ab4a-9ea7-4f65-86fe-eaf295be34db,bagus,5,2026-01-03 12:42:03,traveloka
68e389fb-1002-42bd-a115-9e48bbea16bd,the best banget pokonya 🥰🥰🥰🥰🥰🥰,5,2026-01-03 12:33:29,traveloka
2e4bf733-aa40-4251-b551-c439d4378a2f,sangat terbantu,4,2026-01-03 12:07:00,traveloka
44d53da9-0618-42fc-bec8-6848a74485de,ok,5,2026-01-03 11:36:34,traveloka
e5d4868f-acb1-4682-a247-2bd487033e7a,good,4,2026-01-03 11:25:59,traveloka
f84c6658-d15b-410a-a120-860c0d6bc167,ohw parah nih payleter di traveloka hati hati mengunakan payletter di traveloka.,1,2026-01-03 11:24:19,traveloka
256bdaa4-b951-47a2-a1e5-31f7a71d16b6,Sangat membantu dengan penuh kemudahan,5,2026-01-03 11:17:38,traveloka
034f4df2-2ca4-4f48-a10c-755876d909bf,bagus,5,2026-01-03 11:11:32,traveloka
b60b22a1-c06c-4ebc-9bb8-af8fd0a0ab3a,ok,5,2026-01-03 11:05:05,traveloka
6282cb3d-9013-4123-9228-6b4fda0fadd3,sangat membantu,5,2026-01-03 10:15:44,traveloka
99de0e4e-7718-4761-8677-16cf22c3ef04,"Masyaa Alloh, saya senang sekali dengan traveloka repound saya cepat, tidak samapai 1 jam uang sudah masuk rekening kembali... rekomendasi banget nih aplikasi",5,2026-01-03 09:30:00,traveloka
b37fc183-dda0-4d81-8385-0af30fb7c404,good rekomen apalagi dipermudah dengan tpaylater nya,5,2026-01-03 09:22:53,traveloka
4348e9a4-48c0-42fa-8e5d-488bfc7ebf7b,sangat baik mudah sangat membantu dan informatif,5,2026-01-03 08:59:03,traveloka
cd2b2722-c7a8-47e9-83bb-03de78cf15ff,pemesanan sangat cepat dan nyaman bisa menentukan pilihan harga dan bisa pesan dimanapun kita berada,5,2026-01-03 08:55:49,traveloka
a1317f15-450c-4086-8461-07069572e776,joossss,5,2026-01-03 08:33:47,traveloka
5ed15c8a-cb16-4a26-bb5c-05acf7610de2,"apkasi ini sangat tidak bertaggung jawab, br pertma sy pkai aplikasi ini saya lang mwndapat kerugian tiket penerbangan dari KLIA ke BTJ, disebabkan pintu masuk pesawat di pindah tiba² saat mau masuk ke dalam pesawat,",1,2026-01-03 08:19:14,traveloka
18800846-c81e-4f6b-a5cd-c990ee43d44e,"tingkatkan lagi, mantap byk fasilitas Traveloka semoga makin bertambah lg tempat hiburan nya tempat rekreasi yg murah meriah dan dekat. trims Traveloka kerennn",4,2026-01-03 05:15:24,traveloka
030f23b2-cdd3-487f-9f50-0161ba6d3e7d,aplikasi ini sangat cocok buat yg suka liburan,5,2026-01-03 03:22:18,traveloka
758fd4a0-397e-49cb-bc71-0cb8aaf44564,mantap,5,2026-01-02 22:56:46,traveloka
f79c82f4-e6af-40ec-aa31-28affdb60fe2,"aneh banget traveloka, level saya menurun padahal saya bayar sebelum jatuh tempo, lalu akun saya di blokir, tagihan 12 januari 2026,saya bayar full 30 desember 2025 , malah level saya menurun lalu diblokir,kocak banget",1,2026-01-02 22:52:00,traveloka
3e25b09e-3128-4306-bcee-cfe0bf766af6,"bisa di kasi tau secara signifikan ga penyebab tpaylatter di blok?pembayaran lancar,bisa bisanya di blok,kocak+aneh,bisa bisa cabut ni",3,2026-01-02 22:37:20,traveloka
557c7f0e-6524-4e09-8306-3a7a658b21a3,sangat membantu,5,2026-01-02 22:31:55,traveloka
2c26a88b-1e95-4678-9335-8594869b5db0,"Terimakasih, sudah di setujui, semoga semakin mempermudah dalam keperluan perjalan, top Traveloka",5,2026-01-02 22:07:32,traveloka
04a9ee52-0a69-4f3b-af00-617086e20acd,pelayanan prima,5,2026-01-02 22:05:02,traveloka
4c512152-38a5-4b40-be3d-9ce3b1678465,"mantap, mudah digunakan dan sangat membantu, trims traveloka..👍👍",5,2026-01-02 22:00:21,traveloka
709b00ce-a64b-4272-995b-dd68d9fbb9e2,"traveloka selalu setia melayani perjalananku, thanks Traveloka",5,2026-01-02 21:58:02,traveloka
75199f42-dfbe-48d9-b715-4da5bdb548d2,Traveloka emank Mantapss...sangat membantu dalam proses pencarian hotel dan harga lebih murah dr pada reservasi langsung...Travelokaaa Juara 👍👍👍👍👍,5,2026-01-02 21:55:56,traveloka
6748416c-2b17-4720-9f97-71b8246cb833,ok,5,2026-01-02 21:51:50,traveloka
8388031c-72e3-4e5c-871c-c48262bde0fe,sangat mudah dan cepat,5,2026-01-02 20:37:29,traveloka
8cc677a7-39d5-4dbf-ae12-ffb6d135c081,mantap,5,2026-01-02 20:04:38,traveloka
e448ed06-98f8-418f-83cd-db5791202ea3,Biar bintang yang bicara,5,2026-01-02 20:00:31,traveloka
ff01de2b-1196-4194-80ef-e0173fb6a0cb,🙏🏻,5,2026-01-02 19:51:59,traveloka
8c183623-33d7-4709-b48e-743c6ceb66ab,Pesanan pertamaku di traveloka,5,2026-01-02 19:02:11,traveloka
80e24bd6-0450-47c2-b9ed-d57132bdea65,ok,5,2026-01-02 18:18:12,traveloka
4bb42b03-0870-4add-afcb-953fda74e4e5,"selalu pakai traveloka,aplikasi ini memudahkan saya mencari hotel untuk liburan",5,2026-01-02 18:11:54,traveloka
963ed2ad-3413-4f19-8a0a-eff48df38bc6,"mantap, sangat membantu",5,2026-01-02 16:19:05,traveloka
68d906ee-613f-4b47-b131-a08c89b41f37,refund lama status refund disetujui tapi uang ga masuk masuk ke rekening costumer service gabisa dihuhungi,1,2026-01-02 16:01:20,traveloka
b81d64a0-a992-4b7a-8ad6-f3e15af9a9d1,sangt trbaantu,5,2026-01-02 15:30:50,traveloka
4f62b3f3-13e2-4bbb-995a-e7ff73f1a514,sangat membantu,5,2026-01-02 15:15:37,traveloka
16936e59-c8d2-49d1-9f1a-b8c7cf5e9453,"Akhir nya bisa liburan bersama keluarga dengan banyak manfaat aplikasi Traveloka ini, tengkyu Traveloka dan TPaylater nya",5,2026-01-02 15:10:03,traveloka
42c9ba9a-b4b2-4be5-9320-fd5a64afd428,keren,4,2026-01-02 15:06:14,traveloka
d94d51ad-8db6-4036-8a39-ae80d90d0f13,ok,5,2026-01-02 14:19:27,traveloka
d258fd8f-5ee9-4b05-a02d-b633355d2a69,Terimakasih Traveloka 👍,5,2026-01-02 13:50:45,traveloka
ed35ce48-776c-426c-871d-909c81ff7925,baik,5,2026-01-02 13:49:25,traveloka
6030f755-875b-4a17-92c8-fde8e4ae9b9f,ok,5,2026-01-02 13:11:28,traveloka
0178effd-6e31-41cb-b220-413ab7f6349a,mantap,5,2026-01-02 13:04:22,traveloka
cc14b389-dfad-411f-aa59-acb92619928c,bagus,5,2026-01-02 12:52:34,traveloka
64de70bf-0c14-4cd6-8619-8af1e6cebe39,simpel proses nya,4,2026-01-02 12:33:46,traveloka
a8aaa7c3-0d56-4e7c-8b3e-938d80324b15,mantap,5,2026-01-02 12:22:15,traveloka
22946cd6-0e64-43c3-92f3-a1edd82b13de,puas hanya kurangi biaya cicilannya,5,2026-01-02 12:20:11,traveloka
2da83d5c-cba1-453b-8761-2dc2f6abf296,mantap,5,2026-01-02 11:33:15,traveloka
71e6e2c2-b4b5-415f-bc8a-32ee9c2e6383,mantap,5,2026-01-02 10:35:56,traveloka
09ec5187-aa55-411e-9755-7b366d4e86d4,sangat mudah dan simpel dalam penggunaan,5,2026-01-02 10:17:54,traveloka
2340a26a-4967-4084-b74b-df366b19583d,terima kasih,5,2026-01-02 10:09:28,traveloka
5a5f411e-3b1e-4a37-9f64-629b98b1362f,baik,4,2026-01-02 09:06:42,traveloka
b319137b-dcdf-4da2-bebd-2344e837a37c,bagus,4,2026-01-02 08:28:08,traveloka
73744699-d7fb-4d4d-9f19-fcb8286a4bf9,"Traveloka paylater saya di blokir sepihak, padahal tidak ada tunggakan",1,2026-01-02 07:51:35,traveloka
8a15c085-ac3e-4d04-9a68-c944da4f2928,sangat bagus,5,2026-01-02 07:46:09,traveloka
37e7183a-0e5a-4054-8087-1c8cf2311700,"kecewa dengan pelayanan penjemutan ke bandara, dan ketika saya menghubungi costumer servis traveloka malah di bilang ini goldenbird lombok padahal udah jelas-jelas alamat saya tertera dari rumah ke bandara sultan hasanuddin. seandainya ada verifikasi lebih awalkan pasti enak, ini udah di tunggu jam yang di tentukan kok tidak datang dan tidak ada konfirmasi kalo penjemputan ke bandara lagi ada kendala atau ada masalah.. bukan mengenai nominal tapi pelayanannya yang sangat tidak berprofesional 🤬",1,2026-01-02 07:33:37,traveloka
2e99ebb0-662e-4ee3-b725-633cd6dad006,mudah dan cepat,5,2026-01-02 07:28:02,traveloka
5384f938-eaf6-4997-b755-7181a42f847b,"kecewa banget sama traveloka payleter akun msh di bebukan padahal selama ini byr ontime dari level 6 turun jadi level 1 sebenar nya kendala nya apa? sampai cust yg aktif dpt sistem nya kyk gitu. sistem harus di perbaiki, krn aku liat semua keluhan cust sama seperti sy akun di blokir padahal bayar ontime.",1,2026-01-02 07:08:19,traveloka
59fcd348-65e1-4645-8c5d-4e4ed8a0ed1a,TRAVELOKA GOOD JOB,5,2026-01-02 07:06:00,traveloka
a9d38010-fec4-4113-bed1-958973ba1c11,Oke,5,2026-01-02 06:35:48,traveloka
075fdb03-35b0-4423-b409-aa5142674ad4,"mohon ditambah opsi pembayaran pakai mata uang zloty, Polandia 🙏",5,2026-01-02 06:04:49,traveloka
81dbad66-90f5-46bb-aa53-98f1e301406d,baik,5,2026-01-02 05:51:41,traveloka
cce2fe4b-9f96-4f85-b64b-b64e90796d3a,Bagus,5,2026-01-02 03:56:44,traveloka
f8e95e92-6aea-4233-becb-be7fede7d19d,"ratusan x pakai aplikasi fine2 aj, tp thn baru 2026 ketemu masalah pemesanan, sdh dapat itenari lengkap dgn no pesanan ternyata sampai hotel pesanannya tdk masuk. petugas hotel bantu hubungi traveloka dgn janji akan dihubungi 1 jam. setelah 1 jam sy tidak dihub.. petugas hotel membantu menghubungi lg treloka janji akan dihubungi dlm waktu singkat.. ditunggu waktu singkatnya kok ga jg dihubungi akhirnya saya harus mengakui sebagai customer hanya bisa PASRAH dan NYERAH udh jam 01.30",1,2026-01-02 01:38:48,traveloka
ed40198f-90f9-409f-8133-a9406b048fa3,"terima kasih atas bantuanya, i really appreciate.",5,2026-01-02 00:55:15,traveloka
f54a5ab9-f2dd-4c47-8989-49ad15db293c,"selalu ada promo,pembayaran banyak pilihan",5,2026-01-01 23:44:34,traveloka
7dfa56f6-2e1f-4108-b4bc-b2a9423daac6,"Dari dulu pakai traveloka,hotel,tiket pesawat selalu pakai traveloka...enak pencarian cepat dan tidak ada kendala berarti...terima kasih.",5,2026-01-01 23:18:33,traveloka
55a1f8fc-019f-4655-9a9d-235c70246434,"Belum 3D secure, tidak ada OTP ketika transaksi",4,2026-01-01 23:04:19,traveloka
b184f914-4a91-466f-96a0-57a20a3be3cf,top,5,2026-01-01 21:50:27,traveloka
b655b43a-7276-4904-9028-a972bbf9e539,"Beli voucher hotel, tanggal sudah benar, sudah pilih kamar, begitu dilakukan pembayaran, tanggalnya berubah sendiri. 2x seperti ini. Aneh.",1,2026-01-01 21:15:06,traveloka
2ed648e5-a5ab-4cdf-b7cf-7d83517e7476,terbaik,5,2026-01-01 21:07:50,traveloka
18ade389-db58-4d15-9786-4d6176fbd496,mantap,5,2026-01-01 20:39:40,traveloka
49ef443e-518b-4cd2-b0e4-704442e3b70b,pelayanan cepat,5,2026-01-01 20:13:06,traveloka
e64b682b-1e47-48b7-8772-604b31358868,teman perjalanan dan bisnis anda,5,2026-01-01 20:11:44,traveloka
e103e6cf-16a2-41a0-b833-2299fb8f5e1d,Aplikasi yang sangat membantu dari dulu sampai saat ini tidak pernah ganti aplikasi kalau soal tiket pesawat... Pokoknya TERBAIK..!!!,5,2026-01-01 19:49:29,traveloka
6a5a297b-6610-4b8c-ae9c-f92fe80c4789,"ok, mantap",5,2026-01-01 19:48:04,traveloka
69f80cfe-c165-4555-a7e8-65a4036addf7,nice,5,2026-01-01 19:26:16,traveloka
8cc61cf1-4b60-4859-871f-4c014833fe9a,Terima kasih banyak Traveloka🙏 saya sangat Senang pas pesan hotel gak ribet terus pesan tiket pesawat gak ribet thanks you,5,2026-01-01 19:11:49,traveloka
5479d87a-df94-45da-be0e-2a7e2c6b5e60,Sistem refund nya seperti disengaja bikin ribet ya,1,2026-01-01 19:04:15,traveloka
489f51b3-182f-4eaa-b13f-357bb7de8f54,memuaskan mantap 👍,5,2026-01-01 18:58:11,traveloka
b5c011f9-286a-40fa-915e-dc9350e4df83,sangat membantu,5,2026-01-01 18:57:33,traveloka
daed02e5-b54c-4abb-a9cf-f8eafbf3a9e8,sangat bermanfaat dan mudah untuk pesan tiket 👍,5,2026-01-01 17:15:26,traveloka
63628a8c-9996-4f24-a6cb-33538bde7d2e,traveloka sangat membantu untuk memilih penginapan di suatu daerah sehingga memudahkan untuk memilih dalam menginap,5,2026-01-01 16:55:16,traveloka
8f9a06e8-2867-4201-a713-262a39cc9bb4,"kecewa sama Traveloka,tiba2 diblokir permanen Paylater nya padahal bayar pun gak ada masalah. aneh sama aplikasinya. udah ditelp kantor tetap blng dari sana nya gak jelas gak ada titik temu !",1,2026-01-01 16:19:33,traveloka
c08a80d3-2f4e-40b2-963f-a2d7b1040678,ok,4,2026-01-01 14:49:02,traveloka
ecb3ebc2-55b1-4eef-bc27-c786e980e8e0,very good,5,2026-01-01 13:58:22,traveloka
e9b24ec9-3d00-4e98-829f-774b5bc99647,good job,5,2026-01-01 13:20:06,traveloka
56cc08ad-8a73-44e8-adf9-dd5a0a315467,ok. tingkatkan lagi,4,2026-01-01 13:17:52,traveloka
0dae0a97-c2f2-42d8-8ca4-d943d29d308d,Bagus Banget manfaat adanya aplikasi Traveloka.,5,2026-01-01 13:12:37,traveloka
02fe2ecc-410b-408b-bf80-1226d79487af,selalu mudah👍👍,5,2026-01-01 12:56:47,traveloka
e6327360-1934-4461-b8fb-486c46b28a95,sangat memuaskan,5,2026-01-01 12:56:05,traveloka
f34dab69-ee6f-41e2-a371-db4322428dc8,Mantap harga murah pelayanan mantap,5,2026-01-01 12:31:59,traveloka
75553f16-c87a-43ef-85a6-f55c65f256e1,"makin canggih app nya, keamanan pembayaran berlapis",5,2026-01-01 12:01:47,traveloka
641ea7e3-e886-4f8e-b222-7eb68c2a4612,good good,5,2026-01-01 11:50:23,traveloka
2a658a16-7783-4416-85fd-81d70649c6b8,tolong dong untuk titik naik nya terutama di wilayah banjarnegara. sering banget kejadian penumpang dari agen sinar jaya terminal banjarnegara tapi titik naiknya dari agen sinar jaya klampok banjarnegara. karna di titik naik terminal banjarnegara ada nama DMI nya. jadi penumpang banyak yang menganggap itu agen DMI bukan sinar jaya walau masih satu grup. kalo bisa nama sinar jaya dmi nya di ganti sinar jaya group sekalian biar penumpang ngga salah titik naik. kalo perlu di tambah titik naiknya,4,2026-01-01 11:49:37,traveloka
6924c88e-b934-46e2-9712-f15bb7f22fc2,sangat membantu,4,2026-01-01 11:45:32,traveloka
0cdb1a75-ae8f-47e3-9324-56183423568b,bagus,5,2026-01-01 11:42:08,traveloka
3b8bb536-ea8a-4db5-9d11-141289f6013b,baru DW dan baru 1x pakai utk tukar voucer main anak. okelahhh,3,2026-01-01 11:37:52,traveloka
87187245-20a2-4389-8178-32217fafa175,suka.karna sangat muda dan bermamfaat,5,2026-01-01 11:33:27,traveloka
5c2f3722-939f-4801-b9c4-054d026d3138,good...,5,2026-01-01 11:29:54,traveloka
028af9b2-f367-45f3-a493-3dd6a8cf0ba5,kemudahan pengguna,5,2026-01-01 10:47:56,traveloka
ff4e4e2e-f197-4743-b63b-e0098f83388e,sangat bermanfaat,5,2026-01-01 10:41:07,traveloka
5f77bf6e-fe7e-4e1d-8561-b3a7cc371a3f,Masa Refund Tpaylater tetep harus bayar.. KAN GILA..!!!,1,2026-01-01 10:04:35,traveloka
454f47c7-6991-46d2-b1f8-e0e9055b969a,terimakasih,5,2026-01-01 09:58:15,traveloka
09aa8010-3c9c-43d0-9e6c-ff902a972554,nice and,5,2026-01-01 09:52:11,traveloka
26f63d91-207e-42ba-b701-113521a88345,sangat baik,5,2026-01-01 09:21:42,traveloka
00ed6457-d558-450f-a948-7f11eee5f001,lemot,3,2026-01-01 09:17:34,traveloka
d3c91a5f-43f0-4293-b48c-3daad94aca8c,"aplikasi bangke.....sok keren, sok asik....gak ada gledek gak ada kentut, main suspend akun aja.",1,2026-01-01 09:05:07,traveloka
ae8e4d95-74f6-42a2-9470-1fcdaa6178d3,terbantu,5,2026-01-01 08:47:43,traveloka
af02f34b-c1e1-4732-9656-9cc3e5dd93d5,membantu,4,2026-01-01 08:39:05,traveloka
65585eb9-625b-4bfa-98aa-939283b0ab10,good,5,2026-01-01 08:34:35,traveloka
e34d90b3-9ee4-4ef1-a714-4e7cce348f34,"lama- lama traveloka kenapa menjadi aplikasi SAMPAH? transaksi setiap bulan ada, pembayaran lancar tidak pernah telat, malah level di turunkan dr lv. 4 menjadi lv. 1 dan tiba-tiba akun terblokir. Gila ni aplikasi, dan lebih parahnya jawaban dari aplikasi selalu template. sangat mengecewakan dan tidak menyelesaikan masalah",1,2026-01-01 08:14:27,traveloka
96c77c12-eaf8-480e-8733-271888bca798,josss gandos,5,2026-01-01 07:31:59,traveloka
264fa2ab-9eaa-4ae6-89e1-90ec6a714e5d,proses cepat dan aman,5,2026-01-01 07:28:18,traveloka
9de8de0b-7d9f-49d6-a9ce-840e4eef22fe,sangat comfertable hemat dan menyenangkan...,5,2026-01-01 07:06:56,traveloka
442ae0d7-f9de-4a97-ac42-fdc30637eb7f,LIAT HARGA BELUM TERMASUK PAJAK JADI RIBET,1,2026-01-01 05:53:04,traveloka
f0fbdb66-37c3-42ea-95cf-118b20020b00,mudah di akses,5,2026-01-01 05:27:07,traveloka
ecffe5ad-e2f0-4ce8-b94c-aabd6326be81,bagus,5,2026-01-01 05:18:44,traveloka
e7429b07-dbea-43a5-9091-c945d4f88c4c,bagus,5,2026-01-01 04:40:17,traveloka
29fa0b3e-18a5-4a32-931f-50690d1c2c56,top,5,2026-01-01 00:49:08,traveloka
0f1884ec-5cb0-4933-b42f-1110e344d2ae,Keren sahaja,5,2026-01-01 00:44:30,traveloka
db295a7f-48ee-4b6c-b51a-b11df2656a53,okey,5,2025-12-31 23:18:54,traveloka
562b5992-9590-4b68-b1c6-85084ae4751d,ok,5,2025-12-31 22:23:27,traveloka
64072246-a33a-4ec3-ab75-f62610e5b26d,mantap,4,2025-12-31 21:45:12,traveloka
3058ea12-ebbc-42a6-b525-113a039795f0,"bagus dan aplikasi fast respon, perlu ditingkatkan untuk menu/metode pembayaran.",4,2025-12-31 21:17:23,traveloka
62448540-ecdd-46a1-9cfd-795989a383eb,oke,5,2025-12-31 21:06:32,traveloka
354354e1-75a6-41ec-8352-526f4b6981af,bagus dan mudah,5,2025-12-31 20:17:28,traveloka
94eb3157-0eeb-46f5-bd93-1cd490c9fe4a,keren,5,2025-12-31 20:13:55,traveloka
d999864c-3aca-4e37-af86-b93ca82755d9,mudah digunakan dan bermanfaat sekali untuk mencari penginapan yg tersedia baik weekday maupun weekend,5,2025-12-31 20:12:49,traveloka
8155f79a-822b-4619-acb2-266e3ca25245,Saya Sayang menyukainya.,5,2025-12-31 20:07:25,traveloka
c192cf5d-d018-4fe6-9943-3a233ad4396d,terimakasih,5,2025-12-31 19:10:28,traveloka
3c949314-2206-440b-bf00-c0bf70ef1eb6,terpercaya👍👍,5,2025-12-31 18:10:21,traveloka
1b7e12fa-e68a-43de-89a3-5530560f2acf,mau pakai kupon hotel sudah habis . itu gimana yaaa,5,2025-12-31 17:56:26,traveloka
eebd8968-9cce-4c1d-bcdf-a467fc08c0d5,"nah seharusnya begitu. pengguna setia Tpaylater yang selalu rutin transaksi dan pembayaran tepat waktu seperti saya ini harusnya di berikan keuntungan lebih,. sudah tau saya butuh taxi dengan metode Tpaylater., untuk saat ini saya kasih bintang 4 dlu ya, saya kan gak tahu kedepannya suasana Hati Analis kredit Tpaylater Anda yg tiba-tiba dimatikan lagi fitur Tpaylater taxi utk saya. nanti kalau sampai terjadi lagi dengan terpaksa saya akan rubah penilaian saya. Trims",4,2025-12-31 17:26:44,traveloka
b2e65a8d-2732-4d39-92e5-f87512c2a481,bagus. sangat membantu. banyak discon,5,2025-12-31 17:13:01,traveloka
ad707f67-6e42-4c93-acf6-026a95047f68,"transaksi aman, proses mudah & cepat",5,2025-12-31 16:56:53,traveloka
cbf8bfd8-2299-41ba-a3fa-a0d039142a5b,keren,5,2025-12-31 16:39:50,traveloka
5fb2a7df-50c0-4bc9-94af-d0020d548a33,ok,5,2025-12-31 15:55:12,traveloka
08507e12-156f-49dc-b4a5-556837d00e66,mudah dan murah,5,2025-12-31 15:45:57,traveloka
b37f0c0b-b9dc-49d5-bbf6-0ce522e524a5,ok sangat membantu,4,2025-12-31 14:07:27,traveloka
1882f479-2335-4fb6-9038-41332ba03a6c,baik dan Bagus,5,2025-12-31 13:48:58,traveloka
1c5f5dbe-0cf2-4cd3-ae4d-90bbc94e221d,ok,5,2025-12-31 13:29:15,traveloka
c195eed8-7822-4168-9007-6540f867526e,mantap,5,2025-12-31 12:56:06,traveloka
f7a62c05-313c-4393-9183-f62e0a09a315,baik,5,2025-12-31 12:31:54,traveloka
ab4ffd67-3ba7-4a8f-a802-e88a6c50a458,terima kasih,5,2025-12-31 12:23:03,traveloka
f7f28d3f-33f4-4870-9cab-c20037c4160f,Sangat membantu,5,2025-12-31 11:52:59,traveloka
013517ff-2d89-458e-ad99-6db5c0808aeb,"gk benar harga nya, tulisan 800k setelah coba checkout jd 1.2 wkwkwk 🤣",1,2025-12-31 11:41:34,traveloka
229d9531-4a60-4ee0-9d55-f526c93d474c,ok sip,5,2025-12-31 10:49:35,traveloka
9e48613f-577d-4993-ac8a-50e7e521b341,Mantap,5,2025-12-31 09:52:28,traveloka
185e2ba3-6ceb-4473-9567-1e7fa46db9c6,puas,5,2025-12-31 09:49:11,traveloka
931c25cb-524d-4823-be03-f109eb2740e9,Good,5,2025-12-31 09:45:55,traveloka
88cfc55a-c59e-40dc-a01e-6518bd8270cd,Terbantu sekali 👍,5,2025-12-31 09:20:16,traveloka
becbddf6-46c4-4ea0-9891-226ab8ed5ae1,Bagus sangat membantu aplikasi traveling,5,2025-12-31 08:46:43,traveloka
44146f1e-eaa4-4c97-a4df-7c7a6d0bbc07,mntapppp,5,2025-12-31 08:29:51,traveloka
dd2ed097-fa48-4bba-aa48-b3ceacf30e11,mantap....,5,2025-12-31 08:01:22,traveloka
827d9af7-45e4-4204-8644-3edff3207ebb,sangat membantu,5,2025-12-31 07:28:12,traveloka
27e46335-4fa6-4b6a-9551-b492bed86118,good,5,2025-12-31 06:55:49,traveloka
54714dcd-6f0a-4614-ac4b-16ea177b6dad,sangat terbantu pesen hotel lewat traveloka,5,2025-12-31 06:41:04,traveloka
5b53e079-c939-493a-b0cc-064943ae11fd,ok,5,2025-12-31 06:16:50,traveloka
1bff0b7f-9920-49b5-adfb-35c172dd7659,Bagus banget,5,2025-12-31 05:55:05,traveloka
24b10e1d-18d1-4f38-9826-4c8e1ed7c767,aplikasi yg sangat membatu,5,2025-12-31 04:21:35,traveloka
46a46181-5785-48e0-84af-983c19ab5ed5,Alhamdulillah sudah langsung di respon..terima kasih atas perbaikannya yang langsung ditindaklanjuti..🙏🏻,5,2025-12-31 03:39:33,traveloka
f6eb4031-2c06-482b-b7a6-56cce353e326,2x pesanan dibatalkan sepihak oleh Traveloka dan d suruh klik refund sampai seminggu,1,2025-12-31 02:43:46,traveloka
ce1e690e-c9bb-4c22-a129-9b0b9586be65,tiket pesawat hotel saya di cancel H-2 JAM kapok lah,1,2025-12-31 02:32:51,traveloka
ffb7c552-d32e-47c5-bbd6-23fc1b628725,"pesanan tidak amanah. yg dipesan deluxe, yg di kirim ke hotel superior",1,2025-12-31 01:14:20,traveloka
a1d0e7ee-8ff3-4bb7-92d1-2acf3938ca8c,baik,5,2025-12-30 23:03:27,traveloka
8af65724-0113-48e2-89a4-da5653d54210,Good,4,2025-12-30 22:45:28,traveloka
bb2eb614-5818-4df4-8f99-8168d24f0b8a,"saya tak pernah gagal dengan Traveloka, namun sebaiknya berikan hadiah bagi pelanggan setia 🥰🥰, seperti menginap gratis, atau 50% potongan harga untuk pesawat",5,2025-12-30 22:35:45,traveloka
2c626946-e735-43d8-a93f-2d793762625b,mantap,5,2025-12-30 21:45:49,traveloka
2354edd7-2b11-4219-82d6-6c2821466452,mudah digunakan disaat darurat dan murah murah harganya,5,2025-12-30 21:09:04,traveloka
29c89e8c-600d-48ae-915f-d72f39797f87,saya suka aplikasi ini.sangat membantu saya dalam segala hal,5,2025-12-30 21:07:25,traveloka
091de7e2-bff5-4824-84f1-1ae64cdef21d,aku mau rekomendasi kan aplikasi ni sangat membantu buat teman2 yg dadakan. mau healing atau ada keperluan yg perlu tranportasi aku saranin ke Traveloka aj,5,2025-12-30 21:05:11,traveloka
2e2221d3-9578-45a2-8b08-9598ca68e73b,puas,5,2025-12-30 20:00:19,traveloka
1960d50b-c6b8-413a-b796-0cffef23d229,"Pengalaman pertama dan terbaik memudahkan untuk pesan-pesan hotel, tiket dll. Semoga banyak promo terus untuk menjaga cust baru dan lama terima kasih Traveloka",5,2025-12-30 19:10:10,traveloka
5fa1cc07-07af-4d68-8f49-02b317e07e21,good,3,2025-12-30 19:07:59,traveloka
92af4a82-2c16-40b5-8e61-984f2682a940,puas,5,2025-12-30 18:55:46,traveloka
88539fe2-e987-4dc6-a7c6-461192df2b7e,"kecewa dengan Tpaylaternya saldo hanya pajangan, ketika mau digunakan diminta menggunakan metode pembayaran lain, jadi gunanya limit itu apa???",1,2025-12-30 18:39:50,traveloka
f238b8b1-1ced-45a8-a2c5-512d518f5e67,bintang 5,5,2025-12-30 18:37:27,traveloka
4ebba458-954d-4d35-94b0-9a1e5f597e0d,ok,5,2025-12-30 18:07:30,traveloka
d535e759-c4be-4438-b987-d7b66aa36e33,tetap setia dengan traveloka,5,2025-12-30 18:04:54,traveloka
e25e504c-26fc-46a3-98d2-08904c782865,memudahkan untuk mencari informasi tentang transportasi,5,2025-12-30 17:19:22,traveloka
b2fdf1a5-2c60-4baf-abae-9c530bd7296d,hmmm oke,5,2025-12-30 17:00:49,traveloka
c591bfce-aa23-4898-8f75-d924ca38ddce,thank you Traveloka,5,2025-12-30 16:35:39,traveloka
85ba874e-7c91-43b2-99dd-691dc7f7f426,makin kren karna membuat pelanggan aman,5,2025-12-30 16:16:43,traveloka
569fcbbd-8475-42d6-88a6-6fa5bc854ee1,ok,4,2025-12-30 16:12:56,traveloka
1348c1de-b209-40cd-8266-ef3c1a846f8a,bagus,5,2025-12-30 15:32:40,traveloka
3ef3f3ab-0b99-4004-a29a-f772e3437f21,"jatuh tempo masih 3 hari kedepan sudah di telepon, minimal SMS aja buat reminder",2,2025-12-30 14:36:17,traveloka
8c956549-4eea-42b8-ad48-7354a20c06f2,baik,5,2025-12-30 14:08:21,traveloka
ff16e3cf-e445-4429-ab69-59e798d5b451,Pelayanan Kurang,1,2025-12-30 13:19:32,traveloka
15b099f1-83c7-4edf-bd54-6a5815749002,mantap,5,2025-12-30 13:04:23,traveloka
ff0fdd80-fd13-48ae-9aa5-6508eb8332ed,lebih baik tdk kerjasama dgn hotel yg tdk menerima rescedule & refund..karna sangat merugikan pelanggan,2,2025-12-30 13:02:39,traveloka
e97feb83-4930-4d73-bd08-519a01e737e4,Sangat membantu sekali,5,2025-12-30 12:57:38,traveloka
fe813415-2954-40ea-8027-b80e4778dcd1,ok,5,2025-12-30 12:09:47,traveloka
71af59db-c1a3-433a-9d19-3910e9c9127d,sangat membantu,5,2025-12-30 12:00:46,traveloka
655241f7-01bf-474a-9c99-eebaf2f059a8,"Informasinya lengkap, layanan bookingnya mudah dan pembayarannya pun gampang. Cuman opsi bayar dengan Qris blum tersedia gitu.",5,2025-12-30 11:26:25,traveloka
0515d25e-b707-4a98-9443-20381229a204,Bagus......!!!!!!!!!,5,2025-12-30 11:17:01,traveloka
a8bf2066-8691-47cb-9348-e618f4ad73dc,Bagi yang cari tiket dan hotel oke,5,2025-12-30 10:29:11,traveloka
84ab2f7a-856f-4f5d-898e-63139fc0b873,maksih,1,2025-12-30 09:50:42,traveloka
57c0248d-95ff-41f1-b522-56d9ad90300a,"Terimakasih, gampang menggunakannya",5,2025-12-30 09:36:23,traveloka
cf9eb16a-cf8e-46b9-a119-622848b28fe3,the best service,5,2025-12-30 09:35:03,traveloka
d2d73d16-65fb-4c4e-96e8-3352f25750b7,nice,5,2025-12-30 09:18:01,traveloka
ee100883-3c7f-489b-b67c-95917d20f295,cepet & keren,4,2025-12-30 09:00:18,traveloka
56f7524f-be15-4b5e-bf1b-2ed687703c88,Cepat mudah dan aman terpercaya,5,2025-12-30 08:58:37,traveloka
c1edf60b-2af0-4e79-84ab-f6191276fb20,Pesanan cepat dilayani👍🙏🏻,5,2025-12-30 08:11:47,traveloka
68abbec5-cf57-426c-ade9-e68a13a4b049,bagus,5,2025-12-30 07:50:22,traveloka
33d73deb-5a0b-42a2-a57d-caa8677f85c0,okkkk,5,2025-12-30 07:42:10,traveloka
5546b113-0879-4da9-84e3-3a11a9fbb63e,solusi tepat di masa dunia digital Tampa harus antri tiket,5,2025-12-30 01:43:52,traveloka
ba039e49-39c3-4dbc-a1d7-ff6b5ce74de0,saya suka aplikasinya,5,2025-12-30 01:12:04,traveloka
c2f24ec9-2aa5-4826-b6fd-262ccdc4ce42,bagus,5,2025-12-29 23:48:35,traveloka
e5322553-4000-442c-9972-b345fd468466,lihat photo nya bagus ya,4,2025-12-29 22:20:06,traveloka
3214e791-02e5-4f3f-a035-03c251d258b7,mantap,5,2025-12-29 21:23:35,traveloka
dce61a25-511b-405d-95d3-0365ed32ecdb,ok banget,5,2025-12-29 21:14:40,traveloka
929f2c6e-783e-4727-870f-909e2f19c1db,bagus,5,2025-12-29 21:12:08,traveloka
e8fc1222-bdf8-4e76-b309-9e3e6264d99c,pelayanan puas,5,2025-12-29 20:47:39,traveloka
f1aa3873-3289-4acd-a6ba-4b5e0c665553,Pas buat traveler yg suka mendadak,5,2025-12-29 20:44:05,traveloka
aae0dbd8-5558-4188-9ea6-99a68b98c1d9,ok,5,2025-12-29 20:44:00,traveloka
2b870f04-355d-45d9-a92a-8d0ac0fa9075,mantap,5,2025-12-29 20:39:14,traveloka
127e3794-f906-427c-a538-d26fe6df9175,"mudah digunakan, sangat membantu dalam mencari referensi maskapai yang sesuai dengan kebutuhan dn biaya",5,2025-12-29 20:34:55,traveloka
ce02c463-6b09-4cc3-88ec-652593810d37,"Kecewa untuk info proses pembatalan yg dadakan, jd berantakan acara.",1,2025-12-29 20:11:25,traveloka
c2a3f3d3-42e1-4aab-a7f2-e060487871e0,kecewa.,1,2025-12-29 20:07:08,traveloka
c6918694-cf01-4a05-b9ba-428638e9a1e3,sangat baik,5,2025-12-29 19:40:18,traveloka
0ae70073-3ab3-48aa-81af-a9f407b6e7c1,terimakasih udah mempermudah pembayaran nya.,5,2025-12-29 19:32:14,traveloka
79c03e53-599c-4fb1-b490-050bc8da2b88,"sumpah temen temen kalian jangan pake aplikasi ini ,aku ketipu udah boking homestay di Jogja pas di datangin tempat nya si pemilik homestay udah lama close , dan parah nya gabisa di refund",1,2025-12-29 19:17:46,traveloka
d56d2045-8bb3-452b-82b9-dd548705922e,Fast respon,4,2025-12-29 18:27:40,traveloka
159ab73b-d4bc-4c81-aad7-c037433d7207,cepatt,5,2025-12-29 17:58:06,traveloka
1a8dca54-75c0-4034-a4a4-87787927e9e0,"pengalaman beli tiket pesawat bisa sekalian beli tambahan bagasi,jdi lebih hemat.",5,2025-12-29 16:39:42,traveloka
0e37f03b-d721-4ce2-933d-e75e45c53bf9,proses refund termasuk cepat hanya persedian kamar terbatas,4,2025-12-29 16:18:16,traveloka
5f15dc0f-6bb5-4f1a-921f-0eb225a87e7f,bagus,5,2025-12-29 16:10:38,traveloka
4c960379-a39f-4ba3-a0e6-5c8261d92f61,pembayaran melaui m banking kadang bisa kadang tidak,5,2025-12-29 14:49:27,traveloka
b517a3b6-5c91-4d6b-b3b4-494139b2b931,limiy t payletter sy jangn naik turun apalgi di block byr tepat wktu sring dgunakan tp dblock mlu klo abis byr,5,2025-12-29 14:46:25,traveloka
3013a741-3adc-4cf9-b579-c43798244eb8,"tolong dong ini mau update aja dibikin pusing. udah di ulang ulang pake wifi maupun pake data seluler sama aja, tiap diupdate mentok di 95% trus ga jalan lagi, sampe di didiemin berhari hari pun ga jalan lagi, diulangi juga gitu lagi.",2,2025-12-29 14:01:56,traveloka
ccc0fa2d-b9ee-46aa-81a5-65ed1be20b72,"cari villa, tiket pesawat lebih mudah",5,2025-12-29 13:57:04,traveloka
610c5840-f551-4761-8cf9-8f01c8fa781c,recommended 😊,5,2025-12-29 13:23:22,traveloka
a7b0e9e6-78ce-4dca-9f53-aa97f89f181a,"Semple & Praktis, dunia jadi lebih dekat berkat Traveloka, terima kasih God bless",5,2025-12-29 12:08:47,traveloka
a702a71f-259b-4d06-8b84-0fa8c7f41951,Mudah dan banyak promonya,5,2025-12-29 11:50:45,traveloka
cfe0a98e-d10e-4ab4-8174-2a51831e7574,sukses selalu,5,2025-12-29 11:28:31,traveloka
96d1f036-3962-4f37-ad43-131b3d684734,ok,5,2025-12-29 11:15:40,traveloka
d09d000b-ce2d-4681-9727-13212a7dfe6d,cukup baik,4,2025-12-29 10:58:12,traveloka
aec488dc-f5f6-4877-9a19-82575dda0c8f,"banyak bug nya, mata uang juga gabisa di ubah jadi rupiah saat check in",2,2025-12-29 10:49:41,traveloka
9c54c050-28db-4aaa-adda-9a730218e029,GOOD,5,2025-12-29 10:45:08,traveloka
3789c639-a765-4953-94e3-bad0defafa84,bagus dan sangat terpecaya,5,2025-12-29 10:32:54,traveloka
1c5ada8b-bc63-4625-902d-3e529e3b2391,kontol,1,2025-12-29 10:32:18,traveloka
5564f873-c2e4-48ee-b9bb-7d3bc775f1e7,bagus,5,2025-12-29 10:20:08,traveloka
414b198f-9762-47dc-ad3f-d57ff3d4849f,baik,5,2025-12-29 10:02:54,traveloka
421a7558-fd82-4241-848a-f2710632f2be,puas,5,2025-12-29 09:14:01,traveloka
da7b558f-6df8-49e1-a622-23e65d6c97c1,bagus cepat dan worth it,5,2025-12-29 09:03:56,traveloka
b1d97f98-74dc-48b3-aaec-707557c36027,"selalu ditawari paylater, giliran daftar paylater nomor kontak darurat gak valid. Gilak 👎👎👎👎",1,2025-12-29 08:34:03,traveloka
0083fc72-8aef-4e3f-a42c-c1d6c956164c,"nice.. always our first choose for hotel, tiket, etc",5,2025-12-29 08:25:12,traveloka
5c7aac58-88f1-441a-96b8-b3c0b6cc8362,sangat bagus,5,2025-12-29 08:01:25,traveloka
877431d9-90cd-4571-9f09-9bb1d08aa999,mantap,5,2025-12-29 07:56:25,traveloka
deecbfde-d35f-4857-b600-2eaf8b9361ab,good,5,2025-12-29 06:26:09,traveloka
f2d29466-b1fe-4c2b-84fd-034ad458960a,kecewa banget mass gak bisa di revun kecewa sekali,1,2025-12-29 05:37:54,traveloka
173b90df-d762-4a15-b845-a901ae6e4842,selalu mendapat hrga terbaik,5,2025-12-29 05:20:33,traveloka
5bf7f2d8-3011-4836-b63f-c2a88f33130a,Ver Helping,5,2025-12-29 03:51:36,traveloka
02a22596-fa45-4ecb-a34f-05e2d3a81280,"sangat puas,semoga langganan di Traveloka",4,2025-12-29 02:27:07,traveloka
d8cf03bd-867c-4724-97cc-b7519be15a48,"lebih murah lagi donk diskon nya, simple praktis pembelian tiket,",5,2025-12-28 23:47:27,traveloka
ca75e39b-eaa7-486a-9853-b8b4474b79c0,👍,5,2025-12-28 22:56:13,traveloka
67732b44-b311-4942-ad45-98785d082bfa,terbaik..semoga dpt diskon dan limit nya di tambah ya kaa hehe,5,2025-12-28 22:53:34,traveloka
f17c544c-302a-447a-962b-10a7420adb9f,mantap,5,2025-12-28 22:01:09,traveloka
78d6ce2c-5ccd-4dc7-9435-937bbef95e94,Terima kasih Traveloka. Healing jadi mudah.,5,2025-12-28 21:56:21,traveloka
3667ab38-1701-480c-abb2-ae4222370cc2,cepat dan tepat,5,2025-12-28 21:42:35,traveloka
c49f68c8-8a47-4662-97f0-d4b20f636f87,Alhamdulillah sangat membantu,5,2025-12-28 21:24:12,traveloka
b5fe3889-ce26-4ccc-b715-472dd0e470fe,klo fasilitas ada yg tdk ada jgn ditulis di aplikasi,3,2025-12-28 20:39:35,traveloka
b46b3eb9-0cba-4fb6-9921-01a52d180533,bagus,4,2025-12-28 20:33:23,traveloka
a35516b8-690f-4e22-83cf-ba7aa4a73401,"Aplikasi ini the best lah..Sangat membantu kami utk mendapatkan tiket KA, bus, hotel & rental mobil dg harga agak murah di musim2 liburan kyk nataru & lebaran, sehingga kita bs menikmati liburan dg happy...yeeeyy!!!",5,2025-12-28 20:21:15,traveloka
68933656-a55a-498e-a249-8a5f4f0dd57c,"saran kak sebaik nya fitur nya di tambah lagi. pembayaran listrik, pdam , pulsa dll",5,2025-12-28 20:13:22,traveloka
98bd52d4-6bfc-45da-afbb-157723da5ace,Mantap,5,2025-12-28 20:09:29,traveloka
67270e7e-c57f-4361-9559-1bf66123fbdc,baik,5,2025-12-28 20:09:29,traveloka
4a545635-3f5d-4aef-aba1-da0e8b26ed27,sangan membantu,5,2025-12-28 20:03:49,traveloka
b6519682-2c58-444c-98bb-a808d7d3f7bd,recommended,5,2025-12-28 19:40:37,traveloka
fbefec25-02b8-424f-9309-7faadf96033f,okk,4,2025-12-28 18:47:29,traveloka
18139eab-622e-4366-80f6-2d1145046c48,memuaskan,5,2025-12-28 18:43:16,traveloka
71ba67b2-ddb1-4cac-81d5-09a8401e1a4d,kebanyakan admin,4,2025-12-28 18:35:41,traveloka
abb010d6-07bd-43c5-8740-4fec46a8e846,bisa ngutang tiket 🤣🤣👍,5,2025-12-28 18:32:32,traveloka
22e4bf8f-1110-472b-83a9-535271774f29,mantap,5,2025-12-28 18:13:19,traveloka
e51348af-c52e-4ae6-ba51-8de9d8ac4a67,good job,5,2025-12-28 18:04:02,traveloka
190bc6a4-9d88-4c7b-abac-b91132551e16,Aplikasi sangat membantu,5,2025-12-28 17:11:43,traveloka
b6d9d99b-3657-43b0-aabb-3d2d2390e8da,Traveloka mudah di akses dan sangat membantu,3,2025-12-28 16:54:15,traveloka
5c17c25c-2d8a-49f2-893d-75081551e1d1,mantap sangat mudah sekali,5,2025-12-28 15:42:46,traveloka
ede29ed8-4ff5-4f14-9732-57628c565a99,ok,4,2025-12-28 15:05:16,traveloka
f7b37117-5c49-4fa1-b7a9-bd77c038db32,puas dgn pelayanan Traveloka 😇😇,5,2025-12-28 14:41:40,traveloka
8fdad912-6edb-4851-a5fb-aa2c4ced34c3,oke semua,4,2025-12-28 14:25:10,traveloka
8ff8682c-520c-4cd4-af95-ce29bbedad95,Keren,5,2025-12-28 14:14:01,traveloka
6c3bacb5-d53c-4687-846c-ef893130d1e8,Mantap promonya,5,2025-12-28 12:54:07,traveloka
67336b86-9f96-40bf-8625-70b0e20232f1,Aplikasi ny sering eror mesen tiket hotel malah vocher tiket ga kluar padahal pembayaran ny sudah lunas,1,2025-12-28 12:34:13,traveloka
4041bdce-3f7b-415d-83c7-80681e8ac1ed,mantap,5,2025-12-28 11:58:11,traveloka
b1234b73-ff1e-43e9-9866-9af17f78f6f2,perfect,5,2025-12-28 11:34:14,traveloka
f2865d56-01d8-4c63-bd8d-06f326cf89ad,puas,5,2025-12-28 09:16:55,traveloka
363bc054-f18b-4c30-b8af-a945d5fb5b9d,Good job,5,2025-12-28 09:13:36,traveloka
770319de-081a-424e-8170-cef68407bcb4,"simple dan cepat penggunaan, jadi tidak susah2 kalau mau travelling",5,2025-12-28 09:10:00,traveloka
66b181e5-9009-42ab-9ec0-72f8d80a863d,gampang pesan dan pilihan banyak,5,2025-12-28 08:14:35,traveloka
f92e344c-b8d4-4041-87af-89cd59f05025,bismillah selalu pk traveloka tuk cr tiket pesawat dan penginapan.,5,2025-12-28 08:12:07,traveloka
a8b4cd29-2dd6-4338-811f-c07148954834,aplikasinya bagus sekali,5,2025-12-28 07:35:43,traveloka
0dda48eb-a107-43d0-9e01-fd42e62cfaf4,manta,5,2025-12-28 07:29:32,traveloka
4c1744de-2548-4eb7-b520-37081f32e181,mantap,5,2025-12-28 07:12:55,traveloka
4325daa1-df5e-490b-a99f-b40d9c01cb23,"Aplikasi gak jelas, pembayaran lancar gak pernah terlambat malah diblokir T-Paylaternya",1,2025-12-28 05:35:53,traveloka
19313625-aa6a-46d8-a8ea-597a9fe00cab,bagus,5,2025-12-28 04:35:05,traveloka
b6cb0ede-0b2d-4455-91c5-a343fc336d42,Traveloka terpercaya..👍,5,2025-12-28 03:37:23,traveloka
2f1bf82a-5add-41d7-95b7-6cf8a5d78d2b,Memudakan banget,5,2025-12-28 01:53:42,traveloka
53cde83c-b4c7-4642-8824-0a7b49e7f2ca,nice,5,2025-12-28 01:21:52,traveloka
888cb470-0920-4dd1-9d43-7188c4eb4339,banyak kali survey2 nya..stlah selelai bli tiket survey..mau keluar survey,5,2025-12-27 22:07:24,traveloka
f5bc56c0-ce76-40b8-b8cc-8439c6dd2a38,proses cepat,5,2025-12-27 21:57:35,traveloka
6951ef77-8499-4d7f-89f5-d4ba1bc7783d,oke banget,5,2025-12-27 21:22:57,traveloka
8fe06b4a-48ea-4a3b-a6bb-0f66c5eb80de,mudah,5,2025-12-27 21:20:38,traveloka
280a2f96-79b8-4128-a7a3-eff06c5afcc6,cepat dan mudah,5,2025-12-27 20:50:24,traveloka
262d95e7-40fe-465c-b98f-ba1c17dacb38,oke,5,2025-12-27 20:39:32,traveloka
2d9d5430-df25-4bc7-8849-640a15587a20,praktis ... trims traveloka,5,2025-12-27 20:26:39,traveloka
a5f35723-3701-42ba-b19b-1d74230f9538,bagus,5,2025-12-27 18:12:34,traveloka
bd545612-ecb6-49a0-ae94-ce7b098521a9,oke,3,2025-12-27 17:08:23,traveloka
fcbf6487-ab5b-48e2-81e1-54c4c3e6f427,Pemesanan tanggal penginapan sebelum payment tiba-tiba berubah setelah melakukan payment. Padahal sudah dicek ulang sebelum payment tanggalnya masih sama sesuai keinginan,1,2025-12-27 16:52:26,traveloka
a6f29e1e-41e6-405b-adf8-81674079c0eb,ok,5,2025-12-27 16:38:26,traveloka
de5f035d-5c7a-4643-a504-538e4ce9dd29,kenapa paylater saya tidak bisa digunakan? baru level 0 tapi limitnya ada 3 juta.,3,2025-12-27 14:49:28,traveloka
de50b166-63ae-4f84-a104-57cbb673cc8b,"Aman, kredibilitas terpercaya ..rasa aman selama perjalanan",5,2025-12-27 14:32:27,traveloka
c8bc9eaf-7b40-4a5f-aa41-db946bf89d3f,terbaik traveloka,5,2025-12-27 14:22:46,traveloka
b36e3ecc-f8b0-4d99-8f1e-505e431a7a04,ok,5,2025-12-27 14:02:08,traveloka
398ca436-5292-4346-813f-c6d3c4023399,makin gak jelas,1,2025-12-27 13:48:40,traveloka
d8d74790-9357-4f82-b65e-1b130ee0827e,bagus dan bermanfaat,5,2025-12-27 13:41:25,traveloka
ea77b83e-5cae-4be2-9c60-bb22138a914e,baik dan bagus sekali,5,2025-12-27 13:24:00,traveloka
7c070b57-6bd8-47d0-97d9-55c2c4079244,bagus,5,2025-12-27 13:11:39,traveloka
ef15b7c7-eced-453b-ba62-36d9cf198cfe,sangat bagus,5,2025-12-27 13:04:39,traveloka
4c0dca17-2276-49d9-8cbd-f9d8772ecad1,sangat terbantu utk pembelian tiket transportasi. yang saya gunakan tiket kereta api,5,2025-12-27 13:02:57,traveloka
505c0ce6-7a56-4047-b72a-b752ee22bc21,Alhamdulillah senangnya dengan adanya Traveloka pesen hotel mudah,5,2025-12-27 13:01:50,traveloka
d152d208-a609-4e79-b43b-40c46a5fe126,responsif,5,2025-12-27 12:43:08,traveloka
f118eb6d-a2e1-43a7-83d2-4d99ee8d7a00,mudah dan cepat,5,2025-12-27 12:22:22,traveloka
06218a69-b3f2-42ce-b2b5-fca81bab85c4,bagus,5,2025-12-27 11:11:14,traveloka
74335718-83d6-4575-acae-d1e5b2ad280e,Aplikasi yang sangat memuaskan.. sukses selalu Traveloka👍🏻,5,2025-12-27 10:50:39,traveloka
5442ea3e-a115-4692-8756-1e723df4ac10,MANTAP MEMBANTU,5,2025-12-27 10:32:35,traveloka
51a4d656-b546-4467-8603-78d62b7eb708,good,4,2025-12-27 10:25:17,traveloka
cb8b3c10-1edc-4023-b9b4-f387a8ed7444,banyak diskon jadi lebih hemat ringkas hehehe,5,2025-12-27 10:24:29,traveloka
80aa53c9-7541-4386-8b70-a3b17be735bb,mantap....,5,2025-12-27 10:20:00,traveloka
e694795f-2340-41d7-9ffb-b1bddc1d754e,"JANGAN PERNAH ORDER DAN MENAIKI BUS YANG PO NYA ""SARI INDAH"" PERJALANAN TIDAK SAMPAI TUJUAN BAYAR MAHAL2 MALAH AKHIRNYA PINDAH BUS.... INTINYA BUAT TEMEN2 JANGAN PERNAH AMBIL PO BUS (SARI_INDAH) Pelayanan Buruk, kualitas bus sangat tidak recommended...",1,2025-12-27 08:58:05,traveloka
c510f4e5-bf7c-4a2b-ba71-98c0f1831cb3,"sangat mudah di gunakan dn terpercaya untuk pembelian tiket perjalanan, tiket hiburan, dn tiket lain nya. Byk promonya juga, Traveloka best lah😍",5,2025-12-27 08:52:16,traveloka
407bfd1b-d494-4b57-bc20-20868ba2a6c4,good,5,2025-12-27 08:40:41,traveloka
c8836ebf-250d-40d2-a72f-ef36af3c2ef7,halo admin mau kasih saran untuk metode pembayaran nya ditambah bisa menggunakan e wallet DANA,5,2025-12-27 08:12:38,traveloka
cd5f6c0e-9f68-4d46-8877-60f85aafa66b,"Mantappp,,semoga makin sukses kedepany,Amin",5,2025-12-27 07:55:17,traveloka
0a851fda-c497-4b0b-89e4-369fa59f47a6,"The Best Aplikasi... Sangat Membantu dalam Perjalanan Saya, Mulai dari Akomodasi, Transportasi, Hingga Menginap seru ke tempat"" baru🥰🥰🥰",5,2025-12-27 07:43:45,traveloka
fd54dac7-77f5-4e3b-9817-4d4891d8f916,"HRG TIKET BISA BERUBAH2 SNDRI GAK JELAS! SBY-MKSSR DI APK HRG YG DITAMPILKAN RP. 1.116.700 BEGITU DI LANJUT KE TAHAP PEMBAYARAN TB2 BERUBAH MJD RP. 1.657.700, KRN BURU2 DGN SGL KERUMITAN PLHN DI APK N KEADAAN PANIK JD TDK TERLALU MEMPERDULIKAN. LNJT LG MKSR - LUWUK HRG YG DITAMPILKAN DI APK RP.1.221.900 DAN DI THP PEMBAYARAN BERUBAH OTOMATIS MJD RP. 1.393.901 INI HASILNYA 2.348.600 - 3.051.601= -703.001 BGTU DI KROSCEK LG BEDA LG KPN INDONESIA BS MAJU JK SISTEM PEMBAYARAN AJA BOBROK KEK GINI!",1,2025-12-27 06:48:43,traveloka
14ce0338-c4ce-4bce-b4eb-09e0498bd420,amanahhh banget 🙏,5,2025-12-27 05:57:15,traveloka
417ca264-b35c-413c-8524-74a6318c9d9a,👍,5,2025-12-27 01:53:48,traveloka
5df05812-0dc2-404c-b764-bed4c9aacb2f,bagus sekali,5,2025-12-27 01:28:03,traveloka
c96d9cd0-fdf6-4969-b40d-2aeb02a4555e,okebgtttt,5,2025-12-27 00:42:59,traveloka
4e210c03-821c-456c-8930-b89192457362,Minim promo potongan harga tidak seperti aplikasi online lainnya,3,2025-12-26 23:54:35,traveloka
486fe413-74ec-4c96-af4c-bac3ce80875d,bagus,5,2025-12-26 23:46:01,traveloka
d3e7977a-58d9-4bad-812c-cd6c46a75fb3,ok,5,2025-12-26 23:41:07,traveloka
55d11e30-7d94-4dad-b012-a60ae84e26cc,mantap,5,2025-12-26 23:23:58,traveloka
220be1ce-0284-4c30-b588-77b901ec9563,bagus banget,5,2025-12-26 23:06:28,traveloka
3831629b-184c-4945-a534-a943d0fd4bdd,ok,5,2025-12-26 22:48:46,traveloka
777b4b74-ca1a-4875-b633-9d47f5929f59,good,5,2025-12-26 22:46:20,traveloka
13ba5723-cfa4-42ec-a3ee-8dc3f6c87ebe,mempermudah booking hotel maupun transportasi,4,2025-12-26 22:06:06,traveloka
350f89c5-6bda-4a32-87a3-17ec84f47b48,"terbantu sekali sama aplikasi traveloka, buat pesen pesen tiket bus, playground, tempat wisata, kereta, bahkan hotel jado lebih gampang dan praktis, yang pasti suka dapet diskon dari aplikasi nya 🥰",5,2025-12-26 20:38:51,traveloka
141f9612-a3a6-46cc-b85d-e6a4d2cca1dc,ok,5,2025-12-26 20:27:04,traveloka
1f3f6cf6-c911-4504-9f3c-74ccec9ea744,mantap,5,2025-12-26 20:18:36,traveloka
cd790bc2-8eea-4775-bb24-3dee23448fb8,baru mencoba semoga lancar yaa,5,2025-12-26 19:52:35,traveloka
4d05717d-d94d-448c-877e-9f61739fb5b0,Bagus sangat baik,5,2025-12-26 19:11:49,traveloka
6ef6a3d8-810d-40ea-9b1d-03eb9383b702,mantap,5,2025-12-26 19:08:02,traveloka
7a55bc7c-ad68-4fdd-9256-2f07ba8777ed,keren mantap cepat dan mudah digunakan,5,2025-12-26 18:56:31,traveloka
bef9c908-7012-490b-a72f-80755660f998,Bagus....sampai saat Ini,4,2025-12-26 18:47:37,traveloka
c76a4336-de40-41c6-9f11-a545b74b021c,membantu,5,2025-12-26 18:38:34,traveloka
f7170c7f-d2ad-4fa8-b7c6-f49ca0ad9d98,"pesan pesawat, hotel, wisata aman semua disini. keren deh",5,2025-12-26 18:07:08,traveloka
5432d7dc-15dd-4e7c-bad3-dad35e1ad7f9,sngt membantu,5,2025-12-26 17:54:27,traveloka
3e1b5248-b7d0-4c97-846f-facf6950ea1f,Bagus,5,2025-12-26 17:52:25,traveloka
0f77d166-d571-4a21-b43f-ce2b7df38281,mantap banget,5,2025-12-26 17:47:45,traveloka
7a23cfe9-c8ad-45dd-bf34-b589d2d2d9fa,harga tiket terjangkau,5,2025-12-26 17:23:46,traveloka
c81af51e-268e-4c6c-a025-c97563012b02,sangat membantu dan mudah dimengerti,5,2025-12-26 17:22:28,traveloka
61e7c6d1-9d50-4a3a-aa30-d4670e1d219e,"suka banget sama aplikasi ini, jd membantu untuk staycation lebih mudah , terimakasi traveloka",5,2025-12-26 17:20:56,traveloka
dc76c29a-64a2-4085-82ae-384c6b8940c4,keren,5,2025-12-26 17:17:57,traveloka
934b6095-989e-4183-8b95-6a61fae84a7a,bagus,5,2025-12-26 16:05:12,traveloka
92c99ede-2937-4fd7-8cc9-a081ad25bc62,memudahkan dalam pemesanan tiket,5,2025-12-26 15:51:05,traveloka
cc94a293-a860-4a1b-b738-217ef89d8b26,"sudah beberapa kali sudah menggunakan fitur Traveloka paylater, setalah dilunasi malah tidak bisa digunakan lagi.. gak jelas",1,2025-12-26 15:50:51,traveloka
4dabcc45-b908-45d6-a866-93b16f862f58,Terima kasih,5,2025-12-26 15:37:19,traveloka
77ad8801-8e59-4af1-bd85-8cc66e41a258,ini aplikasi sangat membantu sangat bagus,5,2025-12-26 15:25:51,traveloka
0746a609-9c3d-4133-bdbe-42d0cea2cfed,cepat,5,2025-12-26 15:10:00,traveloka
c40359da-a419-4932-87fc-d07190ed0b35,pengajuan paylater sulit. padahal dalam satu tahun saya melakukan sepuluh kali penerbangan,1,2025-12-26 15:05:45,traveloka
8d76e6ac-b1f7-4ab6-a514-868bea3ebef3,mantap,5,2025-12-26 14:42:50,traveloka
e44a0c66-93a9-41a9-89d2-e5877049c332,ok,5,2025-12-26 14:37:57,traveloka
57ee9aff-7b0b-4210-92ca-d68cd0bae50b,ok bingits,5,2025-12-26 14:26:18,traveloka
f00661bd-5cfc-434d-b5d4-6e8cc2cb6e6d,mantep pokoknya well,5,2025-12-26 13:51:45,traveloka
5009e6b4-2ed1-4263-b6cf-97ef91eac484,limit di turunkan padahal di pakai ya rutin bayar juga tepat waktu saya kasih *,1,2025-12-26 13:51:31,traveloka
200c70f3-a16f-4d64-a12f-0af5d37f6a50,ke mana2 lebih mudah dengan Traveloka,5,2025-12-26 13:08:51,traveloka
76d204a3-e39b-4e0e-99a8-275a7c361787,"bayar tepat waktu, selalu sebelum jatuh tempo, tapi akun diblokir dengan alasan, pembayaran tidak tepat waktu, ANEHH!!!",1,2025-12-26 12:42:35,traveloka
ec287b84-b37a-4377-b852-4dcfa585410a,sanagat membantu disaat gak ada uang,5,2025-12-26 12:39:40,traveloka
20ca7d08-b56d-4079-ab7c-3b13122ee1be,"bayar tepat sebelum jatuh tempo, tapi akun diblokir aneh?",1,2025-12-26 12:35:43,traveloka
1a781c9b-6eff-4d55-bb75-d989de7afa25,ok,5,2025-12-26 12:29:03,traveloka
346469b4-909d-41c4-b2fa-7813caaebe97,suka sama aplikasi nya sangat membantu,5,2025-12-26 12:00:50,traveloka
4f8993aa-afd7-437b-b76b-30948bbf932a,mantap,5,2025-12-26 11:22:34,traveloka
035db824-2ac5-457c-b5af-c66d2838db1e,bravo,5,2025-12-26 11:20:43,traveloka
bf577c79-93a2-48ca-996d-6d4a99ce24c4,"Alhamdulillah paylater saya sudah bisa di gunakan lagi, thanks Traveloka & caturnusa",5,2025-12-26 11:16:33,traveloka
9127dbd2-d380-4bec-a102-ce603afc8196,pelayanan lancar,5,2025-12-26 10:53:35,traveloka
4efc6c89-e5d0-4ac2-81e4-508fde20479b,pesanan lebih mudah aman terpercaya liburan jadi nyaman terimakasih traveloka,5,2025-12-26 10:07:56,traveloka
031cf42f-359e-4b8e-b4e1-64dd97862f86,sekarang kok tambah banyak biaya biaya ya .wkwkwk pindah sebelah sajalah,1,2025-12-26 09:49:08,traveloka
69b71242-4396-4ef1-a4a5-133e1bfb3281,good,5,2025-12-26 09:48:15,traveloka
b00bfedf-9a87-4b8e-bae4-e7a7bc4e64bf,"sampai sekarang masih setia dengan aplikasi ini, walau sudah banyak pesaingnya.",5,2025-12-26 08:30:28,traveloka
f7534383-17e7-4ec4-8a62-6b11e4d12372,sangat membantu,5,2025-12-26 08:18:18,traveloka
915d92a5-845c-403d-a40b-8ee25a930b3e,biaya2 layanan besar,1,2025-12-26 08:15:16,traveloka
1db15632-8fae-4139-8a82-e0c97ab6ea0f,sangat memuaskan,5,2025-12-26 06:56:35,traveloka
eb7d2786-04fb-4018-9898-085edcab825b,everything is easy,5,2025-12-26 06:24:24,traveloka
eb36c8bf-e844-4a13-812c-e1442608569a,mantap,5,2025-12-26 05:58:29,traveloka
e82f1ccc-7ef9-4b6a-8c27-dace0a41a31c,mantab,5,2025-12-26 05:40:16,traveloka
b272dd87-b32c-4164-95a5-1e841c5e1992,selamat datang nikmati hadiah special muh 💕,5,2025-12-26 03:09:12,traveloka
021bbce1-6e8c-4796-8d57-8320e8cd4c12,sangat gampang dan cepat sukses terus Traveloka,5,2025-12-26 02:34:52,traveloka
5db7e59f-2e0f-4a69-92ef-3e25cc2cad0f,mantap,5,2025-12-26 00:34:34,traveloka
0038e538-d56d-4f5c-a87f-aa46b33daaff,semoga dapat lagi harga promo dufan yg lebih besar,5,2025-12-25 23:26:48,traveloka
10c4ddd4-8b4b-4ce6-92d3-80bc3ca1d3c8,"Tadinya mau kasih ⭐5, pas mau liat pembayar akun diblokir, limit tidak bs dipakai, turun ke level 1. padahal gak pernah telat bayar, bayar pun selalu ontime gk pernah lewat japo, tiba² akun diblokir .. Padahal pakai aplikasi ini sangat membantu buat ngajak keluarga liburan, eh tiba² kayak gini ..",1,2025-12-25 22:28:26,traveloka
372c8bb2-8bb6-4bf3-bf71-0326bafd8ed1,mantap,5,2025-12-25 22:26:44,traveloka
ddcdda64-1935-4f44-be17-8937531cf712,ok,5,2025-12-25 21:54:54,traveloka
18e92481-b3ac-4250-9317-c23ab249be04,sangat bagus dan cepat,5,2025-12-25 21:30:27,traveloka
d9f287c2-00a6-4449-96dd-f685e599b809,pelayanan ok,5,2025-12-25 21:28:39,traveloka
9da11489-b5cc-424a-86d0-2a185179a767,bintang 4 dulu,4,2025-12-25 21:01:36,traveloka
27245bdb-7dc8-40f9-b5bf-c872554b26ee,baru pertama kali coba. semoga lancar tanpa ada kendala,5,2025-12-25 20:35:50,traveloka
cd8e3dde-7401-4372-a0d9-54c65bb12db5,fasilitas traveloka oke banget,5,2025-12-25 20:15:10,traveloka
22377c5a-2ef8-4211-9c21-d4e483feaf89,kenapa rincian harga tiket nya di kalender dan daftar maskapai suka tidak sesuai ketika di menu checkout pembayaran.. biasanya harga di kalender atau di daftar maskapai cenderung lebih murah tapi ketika ingin melakukan pembayaran harganya berbeda tidak sama dengan harga yang tertera di kalender,5,2025-12-25 20:11:00,traveloka
5d09af94-1712-422c-95da-de63e4be2e06,ok,5,2025-12-25 19:50:19,traveloka
8b340956-c302-467f-99bd-20bb15b39f05,oke ajah ..,4,2025-12-25 19:37:29,traveloka
0d50a5be-ce4f-47ac-bc72-42e2ff64c964,sangat2 buruk.nyesal pesan tiket dr sini,1,2025-12-25 19:19:18,traveloka
0652c943-4d9b-4ad9-b244-1ed45ce8d0b5,mudah,5,2025-12-25 19:19:08,traveloka
b485f3a2-c9df-42ee-9797-2851a8bcaac3,mantap,5,2025-12-25 19:16:25,traveloka
837d4219-0702-43f6-a9d7-6cecace3df09,traveloka memang ok,5,2025-12-25 18:27:56,traveloka
3f99ed9d-b420-464f-b048-28019f57f566,transaksi mudah dan cepat,5,2025-12-25 18:27:00,traveloka
02381d9e-ccd5-4cca-8843-80da4fe49800,pelayanan Sangat mudah dan cepat,5,2025-12-25 18:25:36,traveloka
6173d8a3-6877-4793-95e2-1df31bab3973,"Refund lama banget 3 bulan , sampe hari ini msh belum selesai jg refundnya , stlh komplein dgn cepatnya selesai 1 hari lgsg masuk rekening , tapi yg sblmnya refund Rp 671.xxx malah jd Rp 159.xxx , makan tuh duit..",1,2025-12-25 17:39:11,traveloka
f8e292ce-639c-4d74-a1cb-48ed266c0ee5,mudah dan terpercaya,5,2025-12-25 16:14:11,traveloka
c441bcf8-e6ce-49bf-aade-69b8b9747fc0,sangat membantu,5,2025-12-25 16:00:06,traveloka
83921a23-9736-43de-88d6-fa51d8e597e7,mantap,5,2025-12-25 15:50:30,traveloka
1ae9411c-0024-4930-9441-45ddb64f0bdf,mudah,5,2025-12-25 15:19:02,traveloka
979afcce-8e18-4597-8aa1-e2934875c181,biaya layanan hampir 50k,1,2025-12-25 15:17:24,traveloka
2035ca27-0a4a-423d-8787-48143a4ec5b7,"membantu sekali, thank you",5,2025-12-25 15:01:59,traveloka
7c8a962d-b3d0-4e72-a7b7-27746ff1a9ad,"bagus sih, tapi sayang aktifasi tpaylater yg skrg agak susah. ambil foto nya susah, udah ikutin petunjuk tetep aja gagal ambil foto",5,2025-12-25 14:52:16,traveloka
33cd2da4-f4dd-430a-b4ad-b05f773612e0,banya bagus dan membantu utk boking ticket,5,2025-12-25 14:48:03,traveloka
b63ab527-938b-4eb3-9ca3-30565056d1b0,Good,5,2025-12-25 14:05:04,traveloka
3b887cba-7f72-4c99-bec2-154b2767bb8d,harganya lebih mahal di traveloka,3,2025-12-25 13:01:44,traveloka
cd366d14-64d5-4604-956d-a0ee33ad89c7,sangat membantu,5,2025-12-25 12:54:26,traveloka
deb93844-1916-40b7-a6c5-dfed9fe10b42,bagus,5,2025-12-25 12:52:46,traveloka
d5a45b34-841c-46f2-9bfb-a54dda58d0cf,baik,5,2025-12-25 12:27:26,traveloka
373534bb-afa0-4e79-9fc8-8c17f0a25e97,"kecewa, ambil cicilan paylater, pembayaran ga pernah telat tapi score kredit tiba2 turun level 1!! Ga jelas banget!!!",1,2025-12-25 12:27:03,traveloka
e796747a-922a-435e-8de3-7c1c18da1b35,bagus sekali,5,2025-12-25 12:16:28,traveloka
5f861a46-7be8-4e20-b748-f3221c5b9a5c,usefull app,5,2025-12-25 11:49:23,traveloka
5631067c-2172-46c2-8840-f109b3fdeee2,pelayanan bagus untuk aplikasi ok,5,2025-12-25 11:46:47,traveloka
a5a5a1f8-061b-452d-b483-262b40e23492,Puas pakai aplikasi ini dan sangat membantu,5,2025-12-25 10:48:28,traveloka
14608352-62a1-42b1-8d9a-4891490542c6,goood,4,2025-12-25 10:36:44,traveloka
52437f64-7914-47f9-adb8-6b580b3b76e0,lebih cepat mudah dan aman pastinya,5,2025-12-25 10:22:33,traveloka
02702e23-9b7b-4fa5-a6e5-62d4c0414a5e,gercep pelayanan nya,5,2025-12-25 10:18:06,traveloka
8b028893-eaa5-4d80-8b37-7b761003ef68,not bad at all,4,2025-12-25 09:52:31,traveloka
45595306-de2e-4c6a-807b-6ac823a3fd6e,kebanyakan promo tiket ke luar negeri dari pada tiket ke PAPUA,1,2025-12-25 09:49:45,traveloka
0e0d029b-5523-407d-80c7-60ecd2bdcc61,sudah kesekian kali nya mau pakai paylatrrnya tapi tidak bisa. pembayaran on time bahkan lebih dulu bayar sebelum jatuh tempo. dan sekarang dibekukan paylaternya padahal limiy masih banyak mending galbay aja dah 😅 disuruh hubungi customer care nya. finally telepon dan habis pulsa banyak. masa iya setiap mau pake harus keluar saldo banyak dan harus ini itu dulu ribet buanget cari cari masalah terus nih traveloka sama Customer yg sehat,1,2025-12-25 09:47:36,traveloka
a9f22386-7126-4e21-9592-97eedfc08df3,ok,5,2025-12-25 09:37:46,traveloka
dd9578f7-c74f-473b-a6be-48922860a7bf,layanan nya 👍,5,2025-12-25 09:02:29,traveloka
30fef29f-45a4-4316-87da-4821d66e883b,traveloka 👌.,4,2025-12-25 08:37:07,traveloka
fb644c5c-26ea-4553-b0f5-6aac85e8c0d9,bagus,5,2025-12-25 08:30:14,traveloka
792df39c-fa78-4919-bcfe-c12b6580318b,sangat mudah dan nyaman serta cepat dan baik pelayanan nya terimakasih 🙏,5,2025-12-25 08:27:50,traveloka
8f5da9b5-429f-45a9-832e-4bb4f8fd8d2f,cepat mudah akurat,5,2025-12-25 08:08:38,traveloka
1563dfd1-eb43-478a-970f-146b6cd203c9,makasi banyak sangat membantu,5,2025-12-25 08:03:33,traveloka
9e32642e-c8ab-42ad-9323-d6794ea07627,Sangat mudah dalam pemesannya,5,2025-12-25 07:44:07,traveloka
554b0dad-503b-46f0-bfb1-69c3b4e66613,Traveloka is the best. Senantiasa memuaskan semuanya.,5,2025-12-25 05:20:32,traveloka
d35514b3-3f28-4d69-a060-1e7603f5a7c0,tingkatkan diskon dan cepat tanganin komplain,5,2025-12-25 01:17:53,traveloka
88de44b1-cdfa-4518-88de-6b596f843470,terus perbaiki mudah dan tingkat kan layanan,5,2025-12-24 23:51:41,traveloka
3a44e06f-d6f1-444c-ac16-d672ac42bb9d,sangat membantu,5,2025-12-24 23:06:44,traveloka
267cf39d-3315-4b61-817d-c3e203a3ed26,jos,5,2025-12-24 20:56:08,traveloka
1b43499f-70d5-49c5-9570-6ed250d28f18,mudah dan sangat membantu,5,2025-12-24 20:25:23,traveloka
2ddf9925-edd6-4fac-970c-fbef01d67a66,great service,5,2025-12-24 20:14:20,traveloka
555daa3c-0795-42a3-abd0-c60b6737dde2,sangat membantu,5,2025-12-24 19:47:02,traveloka
0593b422-a53d-435c-983d-beb5d4192105,baik cepat,4,2025-12-24 19:22:13,traveloka
6b50af25-b9d6-421a-a783-71b866af9a15,mantap,5,2025-12-24 17:35:57,traveloka
d73a56a4-acdb-4bf2-82d4-804eaa9bc5e1,mantap,5,2025-12-24 17:12:25,traveloka
82fe0752-95f2-44e4-a902-1cb73e463a00,Sangat mudah dan lebih rapi system nya,5,2025-12-24 17:00:53,traveloka
9b159dcc-807f-426a-83e9-dc089dbc9d22,love,5,2025-12-24 16:58:27,traveloka
207facdf-69fa-4663-bf2a-28c96d5d1754,mudah murah nyaman expert,5,2025-12-24 16:18:03,traveloka
f6e17099-70e4-4d1c-bfaf-82091f5a905a,pelayanan yg memuaskan,5,2025-12-24 15:53:36,traveloka
23e6a0b4-56c2-4573-999b-5b04aec2056a,"cepat gak lemot ,satsett bgt tanpa gangguan pemesanan tiket kereta mantap",5,2025-12-24 15:07:27,traveloka
444941f6-f924-4c97-b96e-0523dc8a53dc,good job,5,2025-12-24 14:51:24,traveloka
ca33809b-9c57-4b4c-85db-a49af3e39382,"tetap setia pakai Traveloka,,disaat kita mudik tidak pakai ribet cari Tiket sana-sini,,tinggal buka aplikasi Traveloka,,sukses selalu buat kita semua tentunya selalu Sehat 🙏🙏🙏",5,2025-12-24 13:30:18,traveloka
142b4841-633c-45fb-8e05-4d32856f6b60,"mudah, pilihan banyak..",5,2025-12-24 13:26:34,traveloka
53eced44-6c0e-4cc7-b12a-46b6d9dc7b75,good,5,2025-12-24 12:41:26,traveloka
c44bdfbe-d8c3-476b-b6a4-072c6647755d,"cukup baik,",4,2025-12-24 12:00:07,traveloka
a229fe55-8434-4a13-9ef4-dd5992af7a57,ok sangat mudah pesennya ada promo,5,2025-12-24 11:49:16,traveloka
ca108dc9-949a-4049-af74-2c6f0ea60ab4,"Percuma sih ada limit tpaylater tapi nggak bisa digunain ,mending dihapus aja",1,2025-12-24 11:48:19,traveloka
f6a26ce4-ecaf-49c3-95eb-1a4401662336,keren,5,2025-12-24 11:33:13,traveloka
c038b2b0-074b-41dc-bea1-7c3379ea6854,"pengalaman pakai traveloka dari pertama,bisa memwujudkan impian kita keliling dunia ,dengan harga murah dari yang lain",5,2025-12-24 11:25:57,traveloka
118165f3-da51-4ddf-9c27-ddaccdae685d,"kecewa dengan pelayanan Traveloka kenapa proses refund sangat sulit, tlp cs hanya tekan 1234 email juga gak ada kejelasan, ada gak no tlp yg langsung bisa ngomong dengan cs langsung? biar jelas.",1,2025-12-24 10:56:10,traveloka
6262959c-bd2f-4621-9aad-10fd8ac325f7,memuaskan,5,2025-12-24 10:49:39,traveloka
c701d4aa-9e76-4712-8351-cf3c4fcbf90b,Cara Pemesanannya mudah apalagi bagi pengguna baru,5,2025-12-24 10:33:52,traveloka
1508341a-85d1-4ab9-865b-d70e3663a4f9,saya baru pertama kali menggunakan aplikasi ini. semoga aman dan nyaman.,5,2025-12-24 10:26:29,traveloka
aa140f21-2672-459c-a784-6915d43c3040,"banyak diskon, simple pembayarannya",5,2025-12-24 10:03:17,traveloka
775550d8-5315-4482-9fb7-398479c50ca1,byk promo,5,2025-12-24 09:57:08,traveloka
de3c8819-a0f4-4df1-a40e-833ca7ded818,bagus sekalinya informasinya,5,2025-12-24 09:38:17,traveloka
356c94a6-a5d2-449e-a167-3c47e805fe23,ok banget,5,2025-12-24 09:30:17,traveloka
4bfa2d97-33be-45e3-b5da-46d6d889c03d,sangat baikk,5,2025-12-24 09:18:11,traveloka
d8bd242f-c2b9-405f-8e31-18e41cd43f67,sudah d bayar,5,2025-12-24 08:13:56,traveloka
2d60bd20-59fd-4276-ab2b-c7d513fc9f08,good,5,2025-12-24 06:16:48,traveloka
8a3d64d8-3f0a-4b6a-9a1f-5b1fc182dc01,memuaskan,4,2025-12-24 05:58:49,traveloka
6ea460d0-1b02-44e0-96b8-cb19fcb96d79,sangat bagus,5,2025-12-24 03:15:59,traveloka
3cf9ab6f-a373-4905-a26e-4eb9d763f56c,bagus,5,2025-12-24 03:10:00,traveloka
5c601cda-c039-4c8a-b373-00a6d554e52a,yeah ok sgitu,1,2025-12-24 01:30:26,traveloka
8de5feb7-8f09-471c-9850-47f1dff994fb,terimakasih traveloka sangat-sangat membantu dalam pesan hotel dll dan dikasih limit paylaternya,5,2025-12-24 00:35:57,traveloka
5b635a4e-c93e-4c28-ad6b-468575cd42ea,mantap,5,2025-12-23 22:59:38,traveloka
fd17e4f1-bd28-454c-9f9a-67145e35a9e4,pelayanan cepat dan enak,5,2025-12-23 22:57:36,traveloka
a7a89785-6218-49d1-ad4d-aabff1f930c0,fast respon very happy,5,2025-12-23 22:49:08,traveloka
e85f1d40-b487-45c9-8442-7e161aa917ac,sangat membatu dan recommended,5,2025-12-23 22:30:29,traveloka
d9231ced-96be-4068-8011-cde091324091,Good,4,2025-12-23 22:11:15,traveloka
56c03d60-c537-42f9-9509-7ae89a503f01,bagus pelayanannya,5,2025-12-23 21:49:03,traveloka
c3f5c6d1-c3fa-4fde-9097-8f4363d9d703,lumayan membantu,5,2025-12-23 21:12:54,traveloka
99c3c8b8-2452-442a-89ef-bb7068e177ca,sangat baik cepat tepat respon,5,2025-12-23 20:51:33,traveloka
4fe3395f-69b3-4f37-84c0-99f30d0f2c62,sayang karena masih bronze tpaylatter tidak bisa digunakan,3,2025-12-23 20:40:10,traveloka
07a816a9-b961-40c0-83af-f5e0b3a96c2b,cepat,3,2025-12-23 20:28:15,traveloka
fc058cd2-8fa2-4eee-96cd-e06f90c80241,sangat baik,5,2025-12-23 19:56:58,traveloka
9975dbac-04b1-442a-acb6-32a579e94fd9,mudah,5,2025-12-23 19:53:05,traveloka
5248881f-0faf-4aad-9d58-27d834c83199,"is the best traveloka, god job for all",5,2025-12-23 19:42:26,traveloka
9a963b9b-67d2-4a35-ad37-763124dfa577,oke,5,2025-12-23 19:25:50,traveloka
65d93c76-256d-4531-9694-75fba5781035,keren,5,2025-12-23 19:19:45,traveloka
e8a03938-ffa4-4496-b728-9098ac4bc5af,sip dah,5,2025-12-23 18:42:20,traveloka
555b1e03-918d-416a-958c-5c53aa5da607,bang ?,1,2025-12-23 18:16:44,traveloka
07df6d75-fc2a-40b5-b8df-d01e0a786f1b,nice,5,2025-12-23 18:00:44,traveloka
affb8247-0404-49af-8d5c-6878904790c2,"kapok pake Traveloka, pesen penginapan udh bayar dan terpotong saldo tapi tiket penginapan nya GK muncul dan keesokan harinya di komplen baru muncul ,tiket nya pun udh hangus dan hilang lah duit gw",1,2025-12-23 16:08:37,traveloka
4ac942a3-00b0-47e9-b1d2-f5b7f6f02afd,Ok.,5,2025-12-23 15:58:08,traveloka
f196dba8-b78d-4b0d-89de-e826613e3f3e,baik,5,2025-12-23 15:49:44,traveloka
a8df9a0f-6fb3-415d-b5ec-12d6d0466414,kenapa pesan tiket bus hanya tersedia 4 kursi tidak bisa lebih,5,2025-12-23 15:28:03,traveloka
88f2c4fc-8551-4071-856e-5aaf6e018fa0,sangat mudah digunakan,5,2025-12-23 15:26:47,traveloka
e13f6ee1-74bc-4cde-bd04-8d3f912a036e,puas,5,2025-12-23 14:28:52,traveloka
40f18315-56c8-42e9-8357-1c3a0e56ee77,terbaik,5,2025-12-23 14:23:28,traveloka
c64fb2f3-4043-49dc-b5b8-65f42bb3fd8e,"perjalanan lebih mudah dgn Traveloka kapan pun melayani 24 jam hidup paling gampang mau ke mana, pelayanan cepat",5,2025-12-23 14:08:54,traveloka
81dded91-4a27-4e41-ad96-ba62a0a3ac8d,keren,5,2025-12-23 13:56:32,traveloka
ae1255fa-278b-43fd-bd5d-8268ecff4b24,ini yg pertama smoga trus jdi berlangganan,5,2025-12-23 13:02:35,traveloka
8ece3b49-93a4-4be2-814a-4b5695a02479,Aplikasi yang sangat membantu.,5,2025-12-23 12:39:44,traveloka
c511eabb-87e1-4a21-9306-b9c4956ff275,terbaik,5,2025-12-23 11:35:38,traveloka
450c05e3-8c3d-4e15-bfbd-a425a83695b4,nice,3,2025-12-23 11:35:06,traveloka
9ecf1573-d239-4c1c-be17-6c359a3d4573,"saya penguna Traveloka , saya kasih bintang 5 agar stiap x gak sering minta update, soalnya terkadang aplikasinya hilang sendri dari hp saya 🙏🙏",5,2025-12-23 11:21:40,traveloka
624ecb75-9913-483c-a2d9-13f1eaa1b508,Fitur pencarian tujuan sangat membantu untuk mobilitas sehari-hari,5,2025-12-23 11:10:02,traveloka
ceea6d48-8602-42fb-a5bc-31846abb9d9d,fast respon CSnya,5,2025-12-23 10:57:51,traveloka
50ae1a37-1e2b-4c2a-bf5a-da1e6db0f444,bagus,5,2025-12-23 10:53:14,traveloka
2ff788e5-f84d-4750-a65e-597ee620b56a,sangat membantu,4,2025-12-23 10:20:58,traveloka
756518ba-5a1b-4307-a831-66f3a476ec9e,jos,5,2025-12-23 10:16:42,traveloka
f63897b8-d29b-4a21-b51c-160161f59be7,pelayannya bagus dan menyenangkan,5,2025-12-23 08:52:39,traveloka
cd31b47c-69a4-423f-93a5-dda98c622c4f,senang makukah transaksi Penerbangan dan acomodation dng traveloka,5,2025-12-23 08:42:50,traveloka
89dd9f36-ddbc-4cc5-a323-b4227b09a507,bermanfaat,5,2025-12-23 08:16:51,traveloka
42de25ac-ba43-4cca-83c2-9950f283e9c8,terima kasih,5,2025-12-23 07:30:42,traveloka
406ff90d-2c5c-4aaa-a79c-2853dc8ecc2a,proses mudah,5,2025-12-23 06:38:45,traveloka
5080c232-da17-47fd-9e5c-d0099465a1b9,"hati2 penggunaan traveloka khususnya menggunakan paylater, banyak bunga menjebak limit tidak digunakanpun akan kena bunga.",1,2025-12-23 04:02:52,traveloka
86945cec-248e-484a-b818-a974a8782c4a,luar biasa,5,2025-12-23 02:53:21,traveloka
ce963a06-a1d9-49c9-8937-75714473a51c,selalu cepat untuk pemesanan akomodasi tempat menginap ataupun yang lainnya,5,2025-12-23 02:49:37,traveloka
94be37d2-4a52-4bd5-97fa-0e72dc716587,sangat baik,5,2025-12-22 23:46:51,traveloka
38ffdb7b-31ab-4a4e-a772-d7538004526f,playlater malah di blokir padahal tagihan lancar,3,2025-12-22 22:34:45,traveloka
b8c5c628-0bb8-41d8-983f-214c813a63db,"sangat membantu , bagi kaum perantauan kaya saya :)",5,2025-12-22 21:29:17,traveloka
c1931bc4-c701-42c3-9557-23aed65631c3,mantap,5,2025-12-22 20:50:49,traveloka
852845e8-42bf-44c7-90c8-1a6a070f02ce,sangat membantu saat darurat. terima kasih travel okay,5,2025-12-22 19:34:16,traveloka
abee5e1b-68d7-42c4-a070-1a141e2a5f89,ok,5,2025-12-22 17:32:05,traveloka
f42a32d8-035c-4296-a935-957dfef93fed,mantap,5,2025-12-22 17:26:53,traveloka
f2c1f3cb-cbb2-4eac-a410-f8dd06f4c426,mantap,5,2025-12-22 16:55:59,traveloka
f8a71960-82de-4904-861e-c7067ed82285,"Kecewa sih, sudah booking jauh"" hari malah bisa batal, dan kita sudah pakai asuransi eh malah di tolak tanpa ada alasan yang jelas, pdahal saya sudah lama dan sering pakai traveloka, saran saya ganti aja patner asuransinya, Qoala gak bagus, nanti reting travelokanya malah hilang gara"" patner yang gak bisa bertanggung jawab gitu.",2,2025-12-22 16:52:30,traveloka
e60fdcbe-9ed5-4101-9ecc-f5cb8f28ada9,baik,4,2025-12-22 16:28:01,traveloka
c404c72f-8aae-4a98-a838-80744183920c,jos,4,2025-12-22 15:35:29,traveloka
fe70a324-c2b7-45ad-96b7-ad01dd06721c,ok,5,2025-12-22 15:25:27,traveloka
6c78a858-d7b8-4a04-9760-7ae8bbcfd843,mantab terpercaya,5,2025-12-22 15:12:31,traveloka
15938542-4a80-4267-970c-7c0edf5f8bb1,"kenapa untuk daerah kota Tegal, Jawa Tengah rental sewa mobil tidak tersedia ? mohon perbaiki sistemny lagi apakah memang rental ny kosong atau masalah sistem KA ? terimakasih",3,2025-12-22 13:55:55,traveloka
66ff2dff-c4cb-4bda-9e3d-31a524c9e883,👎,1,2025-12-22 13:39:42,traveloka
a057ded5-61d5-435c-a4a3-5e7e33bc40d1,tdk bisa mengurangi kamar yg ternjur pesan lebih..padahal pelanganggan setia,1,2025-12-22 13:38:45,traveloka
6723c969-de0d-4d19-bd9b-ca62c03b8e89,"saya suka aplikasi Traveloka jelas, barusan saya pakai Agoda, sdh sy bayar virtual acoun masa pesanan saya dibatalkan uang saya Uda masuk ke Agoda, ini sdh 2x terjadi dibalikin sih tp lama, klu Traveloka ga pernah begitu saya suka",5,2025-12-22 12:42:13,traveloka
643561b2-5742-4147-88de-4a2792e900e3,oke,4,2025-12-22 12:36:26,traveloka
072fa270-2f34-4df8-a506-8c1c1651c3fd,baik,2,2025-12-22 12:13:08,traveloka
1f96e31b-3728-4942-8da1-50b0633b9da7,good apl,5,2025-12-22 11:56:06,traveloka
1af98304-78e2-4b60-8c24-2889795a7c57,mudah mengaplikasikannya,5,2025-12-22 11:21:07,traveloka
7a986c47-c700-4db1-bb08-64531808d313,ok,5,2025-12-22 10:48:42,traveloka
7b08fb6d-e4fc-4e07-a24d-649ea8fcaf04,sangat puas mengunakan traveloka.layak bintang 🌟🌟🌟🌟🌟 buat aplikasi tersebut.pelayanan terbaik.,5,2025-12-22 10:25:43,traveloka
74f87e77-5b83-4187-8177-f8a960f13413,top always,5,2025-12-22 09:16:00,traveloka
a4de5032-89a9-41ef-baa7-92125ded95bc,luar biasa,5,2025-12-22 06:17:20,traveloka
d9106b4c-389e-4692-b743-6119d2d09931,godd jobb,5,2025-12-22 04:44:19,traveloka
7e58f290-482e-48d9-897e-739f8235b428,good,5,2025-12-22 00:06:16,traveloka
0642853c-b050-4288-a81e-5c89b8d3cfb1,keren,5,2025-12-21 22:52:42,traveloka
a7c8ca9d-3975-47b3-b1ca-7ebcb4231a37,"cepat,tepat",5,2025-12-21 22:49:17,traveloka
7e3402a3-6214-442a-bc65-00987e6a675c,tolong perbanyak lagi jenis pembayaran nya,3,2025-12-21 22:14:35,traveloka
136b58f4-c443-4205-9a5e-4b3b95703fbb,👍,5,2025-12-21 21:52:14,traveloka
d929d107-b036-4fcf-a8f3-71bb95f23226,membantu dan mudah,5,2025-12-21 21:39:05,traveloka
eb84fceb-8f4e-417e-a33f-4bf5558becf9,baik sekali,5,2025-12-21 21:24:09,traveloka
3e2d8ae9-95f3-4d1b-8317-32b76bb4c5c3,mantap dan terbaik,5,2025-12-21 19:48:57,traveloka
f4c0ff6d-dcf0-4358-95cf-74a0a0208adb,mantap,5,2025-12-21 18:59:06,traveloka
f2488d5c-f6e6-4189-bdf3-561b239b6e15,good,5,2025-12-21 18:24:05,traveloka
5ea2fed3-48c2-42ff-8b4b-202a4192019d,ok bgt,5,2025-12-21 18:05:09,traveloka
6936c7bf-8e91-4f59-ae28-29fda514e2e3,"najis najis rugi 200k,gw beli voucher tiktok timezone yang 200k dpet 400 tizo dan gw dh nyampe ke timezonenya,pas mau beli malah salah hari anj,harinya otomatis ke hari selanjutnya bukan hari ini ,najis banget ad fitur ini bukannya membantu malah merugikan udah gitu vouchernya ga bisa di refund atau reschedule lgi hdeh hdeh,""tidak di temukan kasus yang sesuai dengan deskripsi anda"",ngelawak???",1,2025-12-21 18:02:05,traveloka
e6347f1c-3d56-48d4-bf38-d0a8dbc89aeb,"tadi nya ngasih bintang 5 sekarang bintang 1. aneh tiba tiba tpaylater di blokir, padahal belum pernah telat, dan selalu bayar sebelum jatuh tempo udah ngehubungi cs tapi ga ada solusinya hhe",1,2025-12-21 17:45:04,traveloka
b042a4e3-cd2c-4517-8528-bbd5b292133b,sangat memuaskan aplikasi respon cepat,5,2025-12-21 16:51:57,traveloka
f6b25f17-286f-4f50-a704-9863d8fb17fa,Aplikasi yang sangat membantu,5,2025-12-21 16:35:51,traveloka
fd34076a-caf9-4cea-bb4c-0e5b692b176f,Traveloka sangat mudah digunakan dan membantu dalam perjalanan kami sekeluarga,5,2025-12-21 15:49:53,traveloka
6bb84ff4-dc18-4343-a8dd-4fac4f305a1f,sangat bagus,5,2025-12-21 15:25:26,traveloka
b8f27dae-9cf6-4b2f-a14a-e77f17c5cd96,"saya pengguna 5 tahun aplikasi ini, tapi saya kecewa dengan harga awal yg tidak sesuai dengan harga akhir dan tidak ada pemberitahuan tentang perubahan harga saat pembayaran",1,2025-12-21 14:31:30,traveloka
d7757abf-e78c-41a3-89d7-48a3bb33132f,mantap,5,2025-12-21 13:28:15,traveloka
1dc5a972-3227-4012-a2c9-6f2334ce7663,top,5,2025-12-21 12:45:39,traveloka
721c506a-f182-4da9-95f8-2284518823d0,baik,5,2025-12-21 12:12:55,traveloka
a635d455-7567-430a-ae14-9e36e26e7d58,ntap,5,2025-12-21 11:55:09,traveloka
e9da98dc-ace6-4742-9323-309748131980,sangat membantu dan bagus sekali dlm perjalanan jauh,5,2025-12-21 11:17:33,traveloka
cf525e9f-104e-4fe4-a03e-2a9eb29fcb5c,good for everything,5,2025-12-21 10:23:39,traveloka
ebf7ed01-2758-4c8f-866f-1c669391320a,terpercaya.. namun masih bingung cara gunakan kupon/bonus,5,2025-12-21 10:07:12,traveloka
4032d9d4-ccf9-4180-9f63-6472a00ee710,"terbaik pokoknya , semoga sukses trus dalam segala kariernya🙏🏻",5,2025-12-21 08:59:13,traveloka
7099829c-1a89-4919-8209-3a03e8a752bf,mudah kan semua costumer untuk mencari apa yang diinginkan gasss,5,2025-12-21 08:57:12,traveloka
9ef4fe2a-682c-41e1-8334-1077d4686f38,bagus,5,2025-12-21 08:47:22,traveloka
60442a9d-1b50-4d32-9683-39e01d79661e,mantap,5,2025-12-21 08:42:22,traveloka
04549442-1a6a-42b5-b381-6470c6c38c33,maks baik,5,2025-12-21 07:36:20,traveloka
54ca7fbe-56cb-45fe-9fca-f47cf9441ed1,mudah digunakan.. sangat membantu,5,2025-12-21 07:34:43,traveloka
58cd66a2-74a9-411c-881d-2b2a4fa6dff9,bagus,4,2025-12-21 07:07:29,traveloka
7d4550d1-5367-48d1-a13a-7d9cdaecfc9b,sangat kompeten,4,2025-12-21 06:03:51,traveloka
5c521952-0e06-455e-9500-6517e02b8c89,Sangat membantu dan mudah digunakan,5,2025-12-21 05:50:20,traveloka
b0e50259-228a-4af4-b319-453e11923c4e,is the best,5,2025-12-21 05:44:17,traveloka
6beca2c7-0798-4526-b671-6cad3fb898e7,sangat mudah,5,2025-12-21 03:22:01,traveloka
169f09b4-4fc5-481b-baad-bcd799365fe1,"Hari ini Bagus, Mantap .",5,2025-12-21 02:44:32,traveloka
26f74502-da37-41ec-bac8-7309ac1b1c84,oke,5,2025-12-21 02:10:06,traveloka
2da1a8f8-4786-4e03-8da0-df25cf065b16,mantap,5,2025-12-21 00:20:35,traveloka
f69739ed-419d-4266-b246-976a4d867ef7,mantap pesan lewat Traveloka,5,2025-12-21 00:09:15,traveloka
52517719-2417-4d5d-b2ff-14510b4c4208,ok bgt,5,2025-12-20 23:55:19,traveloka
d325098e-2154-4ba4-aa35-ea3eac87ce06,sangat baik,5,2025-12-20 23:27:56,traveloka
f90a9dfa-cf8b-433b-8eac-9bf85c874d78,mempermudah pemesanan,5,2025-12-20 22:50:36,traveloka
f80c852a-4f1f-40f8-85c9-836dbbbb2ddd,fast respon & memudahkan perjalanan,5,2025-12-20 22:06:52,traveloka
3fdefad0-f1eb-4009-8a57-daa3e430ac4e,berikan marchindase karena pelanggan setia,4,2025-12-20 21:15:13,traveloka
5751f5ae-6925-4189-aa3e-0f9cb2f0fd90,keren,5,2025-12-20 21:03:27,traveloka
cb772d70-942c-496c-b0cd-e7865ba9fe43,ok,5,2025-12-20 20:59:03,traveloka
120624fb-617c-45e7-8bcf-fcb876ecaabd,mantap,5,2025-12-20 20:18:13,traveloka
96b8a46c-800c-421b-8ac6-c37f3bebb3a7,sangat memudahkan perjalanan,5,2025-12-20 19:45:23,traveloka
aa1c06ca-609e-4bae-84c6-f98fb352d057,🙏,5,2025-12-20 19:43:44,traveloka
b97be447-da4f-437b-80ca-eaef369d9376,"keren, mudah akses pembayarannya. dan cepet..",5,2025-12-20 19:07:18,traveloka
dae17374-19e2-4c3e-bcd7-ebb05c30dd94,mantap,5,2025-12-20 18:36:48,traveloka
7b80d1eb-38a8-48db-83f9-d398e88f9173,ini kenapa ya kok aplikasi traveloka gak bisa saya download ??,2,2025-12-20 18:14:55,traveloka
936b0cea-7b74-4bb4-a054-8c6a9bf4e330,praktis,5,2025-12-20 17:27:47,traveloka
14a25161-3cec-4a65-b0ff-b63e12800210,Mohon promo2 lebih diperbanyak..,5,2025-12-20 17:20:41,traveloka
b3e803aa-5afa-443c-a8b8-a6de53b50d3e,sangat puas dengan Traveloka 👍,5,2025-12-20 16:41:10,traveloka
e0b10353-93e7-4ed1-9c12-2f95b28a29e1,sangat banguss,5,2025-12-20 16:14:59,traveloka
1ea81bd6-eb6d-48be-802b-75333890e284,Aplikasinya semakin bagus.,5,2025-12-20 16:14:44,traveloka
a3e98232-ec36-4715-9bf9-1c8da0a390b6,bagus,4,2025-12-20 16:02:08,traveloka
5795ea2a-584a-4e58-b673-31487a768cdf,mantap,5,2025-12-20 14:34:16,traveloka
d2227c52-9928-4b45-a17a-a5b0bc3ab56b,ok,5,2025-12-20 14:31:29,traveloka
c9bb8e60-7172-4df6-8ef4-06946e6432a7,baru mau coba klu tdk ada iklan ok klu banyak iklan.tak hapus,5,2025-12-20 13:36:31,traveloka
06bda675-6599-48fa-a2d1-3efc0f13c18f,masih sedikit bingung tapi sagat puas harga terjangkau,5,2025-12-20 13:11:42,traveloka
336520c4-1648-441d-b3e5-1bebaf10e627,Lebih murah dan mudah,5,2025-12-20 12:53:00,traveloka
d08fd894-f72a-4337-8801-35e762bb479f,"bagus, memudahkan kita dalam memesan kamar atw tiket",5,2025-12-20 12:19:34,traveloka
0137b437-7fbe-4cc5-9d47-b42111728180,Mempermudah saat bepergian mendadak,5,2025-12-20 11:20:04,traveloka
4cec0e00-3684-43ba-a58b-d7724af1e8fb,bagus,5,2025-12-20 10:29:44,traveloka
f0eee007-76b2-47d1-9c14-ca0dad74a60b,mantap,4,2025-12-20 09:02:48,traveloka
90621da5-50ea-4255-87df-2a31bf09cae0,sangat membantu saya,5,2025-12-20 08:58:59,traveloka
621b9474-05db-4d24-af18-ba01a4964bf6,traveloka jhos,5,2025-12-20 07:39:40,traveloka
8b6b8bd2-8292-435e-a1d6-2e05c49c0439,baik,5,2025-12-20 06:03:36,traveloka
92977835-b6e0-4e8a-89e8-3c0f947310e8,traveleko is the best,5,2025-12-20 05:42:51,traveloka
4ec1cd8a-4038-4cff-8dac-53036b7f984e,baik,5,2025-12-20 05:01:30,traveloka
306d4eb7-6426-45c1-83e9-ae35ee917ebc,pemesana sangat mudah,5,2025-12-20 02:16:47,traveloka
ce901980-fa08-4e76-8de8-cb1d2d780bf9,"trauma pakai aplikasi traveloka saat covid 2020, uang refund tidak berhasil kembali. hangus entah kemana?",1,2025-12-20 01:50:54,traveloka
d0af623a-01c8-4d78-905a-707abeb1d655,okey,5,2025-12-20 01:36:25,traveloka
21a90eff-db19-4c0d-9abe-eb864cb19fe8,Saya suka booking tiket pesawat dan hotel 🏨 lewat Traveloka,5,2025-12-19 22:31:23,traveloka
b0de71ff-c1d3-4959-b104-fbaaf124b3c0,banyak diskonya mudah dan cepat,5,2025-12-19 22:23:12,traveloka
21c79b74-4ea7-4261-b71f-2b4b2127246f,very helpful,5,2025-12-19 21:19:46,traveloka
fcd68f86-3f75-4507-a58c-92995ffabbe7,oke,5,2025-12-19 21:19:01,traveloka
bbef9033-eafd-4321-9bcc-f88523880f90,pake traveloka bagus dan murah,5,2025-12-19 20:54:12,traveloka
d5d20598-d59b-4f1c-80dc-d15b4372bbba,lebih murah,5,2025-12-19 20:45:21,traveloka
175635c8-55ff-49bc-bcd3-afb2541f4fe9,mantap,5,2025-12-19 20:36:10,traveloka
9b1f13cd-6032-4c8c-938e-0f4c6b7fa35b,hati2 pesan lewat sini anda bisa tertipu,1,2025-12-19 19:55:00,traveloka
fc23c054-afc1-4a9f-ad66-84c885e9e109,"traveloka buruk, dikasih limit 3 juta tpaylatter tapi tidak bjsa digunakan",1,2025-12-19 19:03:04,traveloka
0b6c9467-6ef4-4c73-ae1d-1cf7ddc0abb8,memudahkan disegala suasana ga kenal waktu.... traveloka is the best 🙏,5,2025-12-19 18:59:36,traveloka
57f5ffc0-557d-4ca1-929d-d4bdcb9414b4,Good Job,5,2025-12-19 18:00:31,traveloka
21892ff0-8707-4b71-8d94-9273bc5c96e4,baik,5,2025-12-19 17:30:55,traveloka
fa735062-ff34-4d34-ba79-4ccd8526141c,lumayan bagus,3,2025-12-19 17:30:13,traveloka
87e91f9a-255e-4e7c-98eb-3e5aa2af48ac,good,5,2025-12-19 17:07:55,traveloka
0b603cc9-9d32-42f7-8d8d-f4ba34d92a96,mantab bagus josss,5,2025-12-19 16:26:49,traveloka
14fd51cd-d47a-438f-b321-e18897ebda2f,sangat murah,5,2025-12-19 15:27:47,traveloka
2c904132-16aa-46cd-aaa7-6e59385d7da5,mantap,5,2025-12-19 15:15:29,traveloka
c27e1ce0-c0f7-4f23-be94-8ae618ddae40,simple & murah,5,2025-12-19 15:14:23,traveloka
4eb64752-8b75-4cbb-8356-62b45ad48500,ok,5,2025-12-19 14:56:03,traveloka
2468798a-4f5e-4145-a1f3-c335ff1b83d5,enak,5,2025-12-19 14:27:18,traveloka
5dff492c-1b9d-4272-a191-6ec6818568fc,kerennnn!!!,5,2025-12-19 12:14:31,traveloka
60c53759-57cd-487a-a2ff-beea46b18a30,bagus,5,2025-12-19 11:52:51,traveloka
8abd1780-3ece-455d-9ed3-806d5b17f7f6,good respon,5,2025-12-19 11:02:47,traveloka
4e7dc4c6-e468-4ffc-add2-3cdcd841d5b2,puas,4,2025-12-19 10:56:05,traveloka
03ee58e1-e593-47ed-8737-a4bf1590c418,Terbaik,5,2025-12-19 09:07:47,traveloka
d7e79976-3420-4901-873e-fc11e918066c,kereeennnn,5,2025-12-19 08:49:19,traveloka
7b4b88af-f4f7-464b-98af-06148baef5ae,"kak, mau ganti bahasa indonesia bagaimana caranya? ini bahasa inggris semua.",2,2025-12-19 08:48:31,traveloka
765fdd58-b979-4bdf-9d86-d326c890820e,ok,5,2025-12-19 08:48:27,traveloka
daf4d740-3e07-4f44-be4f-4f02de44f680,mantap,5,2025-12-19 08:03:16,traveloka
bcd90112-cbcc-4425-88e8-1e5d9296e9e3,awesome,5,2025-12-19 06:44:37,traveloka
8cd0c833-fc31-4c03-908e-e4b4934708e7,Bagus Banget,5,2025-12-19 05:45:58,traveloka
d01af76e-9ae6-46c8-bd77-2597113f715a,Mudah dan terjangkau. semua urusan perjalanan beres,5,2025-12-19 03:54:39,traveloka
e1859a48-adc8-4aa8-8834-38a69bdb35b7,Puas,5,2025-12-19 01:56:14,traveloka
dd561d2b-f25c-4368-93f4-d870f1121713,pokoknya the best Traveloka,5,2025-12-19 00:14:16,traveloka
9ff68682-8b01-45db-9954-f94514777614,okey lah,5,2025-12-18 23:35:46,traveloka
8aa15021-a7bd-4a62-97b2-a6fe996ed0b7,bagus dan lancar,5,2025-12-18 23:27:14,traveloka
42f9c5ad-80a9-4477-8157-c9dc8e37e783,saya xoba,5,2025-12-18 23:27:01,traveloka
93e0be28-fa99-4c81-b008-c9438bf8ea69,proses cepat bnyk diskon hrg paling murah rekomended banget,5,2025-12-18 23:16:46,traveloka
4a9df444-7828-46ab-9648-51bab5ac2faa,tingkatkan pelayanan dngan cara simple agar lebih mempermudah masyarakat,5,2025-12-18 22:18:16,traveloka
27de3466-fe90-4bbc-a3be-3beb4d18a5d6,sangat simpel,5,2025-12-18 22:08:52,traveloka
2a21666f-68cf-472d-821e-421a21d6d344,oke bnget,5,2025-12-18 21:25:48,traveloka
e531330c-3f52-4d3d-95af-e6ef6f567e0b,sangat membantu,5,2025-12-18 20:52:01,traveloka
e0da2624-7b09-48ed-8f78-8671d4808a5c,nice,5,2025-12-18 20:40:23,traveloka
cbdf04b7-d043-4553-8a35-abc67b9f244b,bagus,5,2025-12-18 20:32:37,traveloka
9ab570f4-200c-4105-a4dd-4f5a5cfabf17,ok,5,2025-12-18 20:30:23,traveloka
f65cb1b3-3756-478e-aa79-b5bb26d0512d,TOP 👍,5,2025-12-18 19:15:20,traveloka
949437ce-b212-4092-8033-9868942c2458,"setiap pesan di traveloka dengan pemesanan Shuttle Bhineka gapernah beres. Hangus tiketnya juga hubungi CS travle gada jawaban sama sekali, hubungi pihak traveloka juga udah gada respon",1,2025-12-18 19:13:24,traveloka
be17e56d-edfe-4245-94b1-781b0914dcbb,sangat cepat,4,2025-12-18 17:50:44,traveloka
e6a039d5-7c2e-42ef-9d37-c3e3e2648bc0,mantaps,5,2025-12-18 17:11:53,traveloka
e9d14129-6170-4c39-82df-82a2cc7a342d,bagis,4,2025-12-18 16:19:38,traveloka
6b1b3cc7-f9ac-40d4-bcaa-78b3a376efb8,good service,5,2025-12-18 15:27:47,traveloka
a36755fb-1565-4118-98be-7b010013f59f,pesen tiket lokal dan mau rubah tiket di jam yg sama tp harus ke stasiun cikarang. mau dibatalin dan pesen ulang gak bs. gak efisien bngt buat yg rumahnya jauh dr stasiun cikarang. gak bs dirubah atau batalkan by sistem. murah tp merepotkan,2,2025-12-18 15:11:57,traveloka
f208df87-5254-49ec-8710-0882864e3d54,nice application,5,2025-12-18 14:51:17,traveloka
c51c3e66-92dc-4750-83be-58bcce0515b3,Traveloka layanan cepat dan sangat memudahkan bagi kami traveling,5,2025-12-18 13:11:34,traveloka
976769b6-01be-45c1-80b6-9f3ea1d6e474,traveloka layanan 24 jam dan sangat cepat dan tepat ...🥰,5,2025-12-18 12:47:30,traveloka
2c3148a6-7dd6-430c-a764-2594416dd1e7,"ngeri banget ya, dah sama kayak pinjaman ilegal. mau ancam sebar data Traveloka. wkwkwkwkwkwkwk",1,2025-12-18 12:43:45,traveloka
cc61deb7-c181-494f-92ef-4e543b771586,Bagus,5,2025-12-18 12:06:01,traveloka
a7e557f2-f34e-4201-ac20-54222e2923fa,👍,5,2025-12-18 11:57:54,traveloka
f663c4d6-176d-422d-aaa1-bba494f97cdc,plis kasih bonus atau diskon karena sllu pake Traveloka,5,2025-12-18 11:33:49,traveloka
3131c9c7-0cd9-421c-bbed-e08223fecaa9,Kren,5,2025-12-18 10:52:16,traveloka
1c8e1b29-56f8-4e00-8ec7-812c2098e990,"Payaah,, sering gangguan,, masa mau beli tiket kereta aja susahnya minta ampun",1,2025-12-18 10:34:10,traveloka
517ac3a3-0780-4a38-8330-70413d0be752,mantap,5,2025-12-18 10:03:44,traveloka
dcabeeed-b5ff-4fbf-9cc2-fdffdba49550,Baik,5,2025-12-18 09:54:28,traveloka
fc89e4ac-7764-4ef1-9962-c977e8738bec,cukup jelas,5,2025-12-18 09:27:48,traveloka
046a3e17-01ff-4b71-ab11-47cd22b2575a,"gampang,nggak ribet dan harga bersaing",5,2025-12-18 09:00:09,traveloka
86f80e8e-8de9-49f6-a703-ab8cad50b323,baik,5,2025-12-18 08:46:05,traveloka
9cc9ee36-f103-4053-a781-eefaafb97e74,sangat baik,5,2025-12-18 07:57:18,traveloka
8f2760e9-6dcc-48b6-9c0c-700f25c82fcb,mempermudah pesan tiket pesawat,5,2025-12-18 07:54:04,traveloka
392323c9-0785-440d-99a6-87bada8a114b,sangat memudahkan,5,2025-12-18 07:43:06,traveloka
3b4114eb-4fcf-4d1c-ba9e-2e6753c6454a,nice,5,2025-12-18 07:19:26,traveloka
13583026-5298-428c-a84f-91d09a9212e5,Keren,5,2025-12-18 06:15:34,traveloka
fe596ecf-b147-4122-a9d7-1a16f5c79abd,Sangat membantu ☺🙏🏼,5,2025-12-18 00:12:10,traveloka
61a3a70d-1d5b-4179-8f7b-0c550de91546,mudah dan cepat,5,2025-12-17 23:02:26,traveloka
4c57ac41-11a0-4724-bc6c-01dda231980e,harga bersaing,5,2025-12-17 22:24:17,traveloka
2051a895-e087-46f0-a13f-2c43e5e623ca,"baru pertama kali beli tiket disini dan juga proses pengajuan klaim asuransi disini berbelit-belit dan lelet nya luar biasa lamaaaa sy bingung anak sy seorang disabilitas tapi untuk proses klaim asuransi dibuat sangat sulit dan berbelit-belit, hampir sebulan proses refund sangat bertele-tele katanya proses refund mudah tapi kenyataannya nol besar",1,2025-12-17 21:23:38,traveloka
08d1ed35-e5cf-4f34-94f2-49c34d9bb44a,oke..mohon harga agar bisa disesuaikan dengan kondisi ekonomi masyarakat,5,2025-12-17 21:09:31,traveloka
b27812ad-df29-4e2c-b057-153168f76bbc,menyenangkan,4,2025-12-17 21:03:29,traveloka
ef41f667-817c-47bc-8394-bd414fc0925b,mudah dan nyaman,5,2025-12-17 20:39:47,traveloka
61561f1c-c2d3-42d7-ac3e-0c25b6819139,"Keren Terimakasih, Bepergian tidak ribet lagi bisa pesan dari rumah , dan tinggal otw sesuai tanggal yang diinginkan.",5,2025-12-17 20:21:39,traveloka
35ae4fe9-2ce0-47e0-b154-2de6a082b530,saya pesan tiket dan sudah melakukan pembayaran tapi pesanan saya hilang apakah saya bisa mendapatkan uang saya kembali atau tidak saya punya bukti transfer,5,2025-12-17 20:05:45,traveloka
1e4d29cd-13e4-4d38-a6b6-e889e5c3eec3,bagus,5,2025-12-17 18:55:36,traveloka
f3fb2622-68bf-4558-81c1-6d4f47967377,good,5,2025-12-17 18:52:05,traveloka
eb3ff6f1-282c-4ed0-8a41-b537fb830368,nice,5,2025-12-17 18:06:34,traveloka
8bb6a848-1619-462d-b381-b507b78487bc,ok,5,2025-12-17 17:51:39,traveloka
7a7ad277-35cf-4554-be28-07170ddf90cd,mantap,5,2025-12-17 17:38:44,traveloka
1e59bae6-29fc-42fe-b0f4-cfdf4ad412d4,"aplikasinya bagus dan cepat, harga bersaing, fitur nya ok",5,2025-12-17 17:04:52,traveloka
7a181000-fb2d-42f0-8ec4-220044c4606f,okay,5,2025-12-17 16:54:34,traveloka
65d1f2fb-5978-4c11-bad1-9fa8c80d6911,proseses cepat dan harga tiket yg terbaik,5,2025-12-17 16:51:52,traveloka
2bd63aa8-a173-4a20-97fe-77bcd77aa3af,Oke,5,2025-12-17 16:51:10,traveloka
4874a3d1-a7b2-4e0d-8fbd-eaaab0e34473,sangat baik,5,2025-12-17 15:32:51,traveloka
de512346-9fc4-4e0f-a513-eba3f2dfaac1,pemesanan mudah,5,2025-12-17 15:10:57,traveloka
dabb2f7a-d115-45bb-b3c0-22e40646f077,sangat membntu,4,2025-12-17 14:55:09,traveloka
342988e8-b756-44d6-8baa-ea6fcaf20d88,apakah ada kantor cabang di surabaya di jalan perak... dri pihak traveloka apa dri pihak paylater saya cuma tanya aja kantor cabang di surabaya di jalan perak apa ada,5,2025-12-17 14:52:59,traveloka
17647b59-3823-4fa9-b29f-192e3ee82e4f,mantap,3,2025-12-17 14:49:54,traveloka
9081e157-a466-48bf-8f25-b16ff9210255,selalu terbantu dgn traveloka ..liburan jd asik,5,2025-12-17 13:58:00,traveloka
4c1a712c-f9db-4743-9cdb-8aef709e0bd3,"jempol untuk tiket pesawat, hotel,penginapan dan apartemen. Yang lainnya belum saya coba.",5,2025-12-17 13:35:31,traveloka
0d90a88c-75a4-465b-9bf0-c380c12fcefb,jos,5,2025-12-17 12:57:33,traveloka
12330b35-8666-419a-96a6-54d74489ead6,ok,5,2025-12-17 12:13:23,traveloka
e6c8fe7f-f02a-427d-aa04-786e2e6a5d1f,kecewa berat tadinya aku kasih bintang 5 sekarang 1 paylater di blok padahal bayar gak pernah telat level platinum pun gak ada istimewanya gak pernah ada voucher atau apa maaf saya uninstal pindah plafon lainya,1,2025-12-17 12:10:21,traveloka
05573b0f-c705-4cd8-bd9b-4ca7b17b0fa3,mantap,5,2025-12-17 12:02:33,traveloka
401f648e-5b66-49fc-a75c-ea7498739145,sangat bagus pelayanan nya,5,2025-12-17 11:52:33,traveloka
31883dbb-f848-4042-870e-ac2230de414e,mantap,5,2025-12-17 11:47:51,traveloka
79a83145-933f-40b1-860d-4acf67127b6a,good,5,2025-12-17 10:01:46,traveloka
51dbb9c0-7d99-476b-b29c-1b1fa844bb98,bagus mudah gampang....pemesanan dan terpercaya,5,2025-12-17 09:14:54,traveloka
a6738267-9fe5-4090-b312-5762ccf3dc22,sangat memuaskan dan sangat membantu saya,5,2025-12-17 08:39:55,traveloka
59c1bd21-7ae9-41e4-a706-dd0be68e0d7a,bagus,5,2025-12-17 08:25:10,traveloka
9916492a-4c1e-4604-bc1c-f02e6568b5b3,information bagus Dan cepat,5,2025-12-17 07:29:38,traveloka
b29ef2d7-ea2b-4d2e-afbf-ed55584e1d18,👍👍,5,2025-12-17 07:17:00,traveloka
36759751-5a53-4617-90b3-d17f59dcb021,"harga menjelang hari besar knpa harus dinaikan , fasilat sma kursi sma tapi knpa harga dari papua ke jakarta harus dinaikan untuk mengambil untung lebih bnyak knpa gk pakai harga normal , knpaharus dinaikan , gk wortit dngan apa yng kita dapat dngan fasilitas yang sma",1,2025-12-17 05:15:11,traveloka
c6d7eeed-242b-484a-b266-e2c33d1734fd,👍🏻,5,2025-12-17 00:54:59,traveloka
01ec7d18-3f30-4e01-be16-ab9ca3086095,so good,5,2025-12-17 00:15:55,traveloka
a70309f9-4b8c-4f8d-a483-ff7beda217c2,top,5,2025-12-16 22:14:38,traveloka
587b7283-e136-4241-aa1f-2993f1aebe8a,"oke, secepat kilat",5,2025-12-16 21:29:01,traveloka
c5f4c3d2-d316-4c61-afaf-a4c6e4815692,traveloka bikin perjalanan makin mudah,5,2025-12-16 21:20:27,traveloka
a20778f7-8a3d-48f3-be06-218b460cac39,dari dulu puas hati dengan aplikasi traveloka,5,2025-12-16 21:10:31,traveloka
bd345099-4e12-491b-a035-8033ca3976a6,selalu pakai traveloka kalau mau bepergian bali tiketnya mudah gak pakai ribet,4,2025-12-16 20:40:55,traveloka
67ea03e0-8d06-47c4-8e58-ba1171dd5ed8,ngebantu bgt buat liburan jadi lebih mudah dan banyak promonya,5,2025-12-16 20:25:05,traveloka
6ab233de-3482-494d-9071-350ce6d5c507,traveloka is the best,5,2025-12-16 18:53:36,traveloka
7fa2f47f-cd4a-48d4-ab93-522e80dc620c,traveloka mantap. murah. rekomended,5,2025-12-16 18:35:31,traveloka
f8e64abc-da8c-4a91-b053-5259d9c9c955,bagus,5,2025-12-16 18:33:41,traveloka
2f31694a-7195-445e-8577-c8d1345c19d5,good solution travel,5,2025-12-16 18:31:19,traveloka
a5cd5a29-8f0f-4588-9341-4c06128c5f0e,"mau aktivasi paylater nya tp verifikasi wajah nya nge bug gak kebuka,mohon tunggu terus",2,2025-12-16 18:15:34,traveloka
b85e4f46-b935-4eaf-b777-5d1e14ad4ce4,baik,5,2025-12-16 17:01:32,traveloka
961ff73c-e682-4cf3-974a-55182505a551,cepat tepat dan akurat,4,2025-12-16 16:42:02,traveloka
49650e4f-626f-477d-b31f-67de7a30c787,👍,5,2025-12-16 16:25:23,traveloka
c7daeac6-0981-48c5-8889-c418699c151e,Terbaik,5,2025-12-16 15:51:49,traveloka
e339c270-ad89-4dbe-8485-9fa588c4570e,👍,5,2025-12-16 15:45:25,traveloka
02b0ae0d-9cfb-4a0b-9258-4ab22859c377,sangat mudah,5,2025-12-16 15:30:06,traveloka
a84f11e9-56cb-4fc5-8340-d4135bdeeb9a,mudah cepat,5,2025-12-16 13:54:55,traveloka
05cd5b4e-b7f8-4681-ad1f-04bf3a9b1e9e,"Aplikasi bagus, fitur lngkap dan sangat membantu..",4,2025-12-16 13:51:26,traveloka
b32b61e0-52d4-48c5-873d-2c426ca10bc6,mantap rekomendasi pokok,5,2025-12-16 13:36:08,traveloka
70c87e84-62d4-424f-bf3e-6e374fa97eca,Bagus.,5,2025-12-16 13:03:01,traveloka
7bfbeb7a-e726-4963-b99d-c81950e40c26,good,5,2025-12-16 12:30:36,traveloka
758bbaa5-4508-4cff-8953-c75096628cd3,sangat puas dengan pelayanan Traveloka,4,2025-12-16 12:24:42,traveloka
aa7e1bf5-7495-4be6-a4e6-d2f82e843df3,sangat membantu masyarakat biasa👍👍👍👍,5,2025-12-16 12:14:37,traveloka
5558525a-b411-4ac7-8536-908e4ec1e1de,luar biasa mantap playlater ny,5,2025-12-16 12:02:31,traveloka
8244f229-b2ae-4eb2-b8a1-69906710d159,bagus dan cepat,5,2025-12-16 11:32:53,traveloka
ae8ae862-9825-43a5-b94e-50f2fb660f44,mantap,5,2025-12-16 11:06:34,traveloka
b2405ff1-c88f-42a4-8418-04b0e3641dba,keren sih,4,2025-12-16 10:49:22,traveloka
f91e5d98-857f-4a24-bf0e-c9b1b67ee698,bagus .a,5,2025-12-16 10:43:17,traveloka
a6f45beb-cbf9-454a-b260-f31bad76bc84,ok,5,2025-12-16 10:24:19,traveloka
1ea6c32e-1cab-4b38-bcad-8b0f83a6bbd5,paling murah dan terjamin,5,2025-12-16 09:47:26,traveloka
23df02d0-7f79-498c-b9aa-e061cfd5ecf1,"terima kasih, karena sudah melayani dengan tulus hati",5,2025-12-16 09:44:41,traveloka
b9185a12-dbdb-4fb3-b2d3-5b3c0a2325a2,kamar bersih nyaman dan tenang.,4,2025-12-16 09:42:02,traveloka
5542307d-8c6a-4292-a728-35eea4f7be44,sangat baik,4,2025-12-16 09:30:15,traveloka
6bceceeb-0af7-4e8d-ba82-1a10c60acd76,good,5,2025-12-16 09:24:27,traveloka
a4dade50-c753-4f26-a107-443397df66f0,puas,5,2025-12-16 08:48:55,traveloka
03829eab-84e4-49ca-b0a3-9808c88444d1,mantap,5,2025-12-16 08:39:40,traveloka
5868da84-2a3d-4d9f-82d8-d5ea6cf89404,pencarian hotel mudah dan cepat,5,2025-12-16 08:08:46,traveloka
5f87cd9d-b6d0-4b4e-b5bf-70e323108663,mntap,5,2025-12-16 06:44:56,traveloka
b87fe9d1-bfc3-45e3-b601-fe7d4b250361,sudah bagus 👍👍👍,5,2025-12-16 06:36:58,traveloka
dd40b4ec-df74-4782-8cc7-e022571054ec,sangat berguna di saat kita lagi vacation,5,2025-12-16 05:54:19,traveloka
210b966f-48de-4de8-ac3c-225b26ecca28,sejauh ini aman,5,2025-12-16 05:04:36,traveloka
c18dcc0b-3464-47f3-991a-849090ac8059,terbaik,4,2025-12-16 05:04:36,traveloka
ca01b449-78ea-43d7-bf91-2a7a866cc8c8,alhamdulillah mantab,4,2025-12-16 03:27:29,traveloka
abeb6eaa-30a7-42a0-a360-55e623a51fc8,aplikasi ini bikin saya nyaman ke mana²,5,2025-12-16 00:52:56,traveloka
28f62d16-6079-46ff-96a6-7d1014cb7b71,aplikasi the best,5,2025-12-16 00:05:25,traveloka
56c53deb-3bf5-4767-aff6-83082e7ed2a6,mantap,5,2025-12-16 00:04:52,traveloka
fa494393-fe98-4909-b248-0f2e86c67cab,"tetap setia pake aplikasi traveloka dari akun di hp pertama yg sdh hilang,padahal sya sdh dpt paylater hehehe di akun lama.. skrg hp baru ttp pake Traveloka krna aplikasi gak ribet dan harga nya pasti yg terbaik dan pasti bnyk diskon nya.. terima kasih dan sukses selalu untuk Traveloka..",5,2025-12-15 23:17:38,traveloka
dbf246ad-0326-4a6e-a645-996a3fa70db0,bagus,5,2025-12-15 22:58:52,traveloka
aa98b728-2c97-4f84-a03a-99dc2d19720c,keren,5,2025-12-15 22:02:45,traveloka
6648b692-b9dc-4c54-be93-2b4bacb6cee7,Sangat pusa dengan Layanan Traveloka,5,2025-12-15 21:07:27,traveloka
ec20b93c-bc7c-4857-9afa-76c0c0942a18,mantul,5,2025-12-15 21:04:53,traveloka
77e5548d-5cc7-492e-ae4c-4f056b20cdad,oke,5,2025-12-15 20:58:56,traveloka
905cd4a2-9217-4b71-b65b-6fe16642f4da,"sangat sangat membantu, ga mengecewakan, sukses selalu",5,2025-12-15 20:39:37,traveloka
3356eaba-1b40-4375-a6ad-442f95d335ec,baik,5,2025-12-15 20:19:46,traveloka
7a064dee-599d-4bd1-81f7-3ec5ba6e7a51,bagus🙏🏻🙏🏻🙏🏻,5,2025-12-15 20:13:10,traveloka
65d747fa-4e34-4a31-9c5e-75387574e9a4,mudah digunakan,5,2025-12-15 19:05:15,traveloka
7beaa8f0-d711-44cf-b99e-d18b59275d5b,memuaskan untuk aplikasinya,5,2025-12-15 19:01:51,traveloka
3e0c59fb-bb15-48eb-b73e-0c82fd4f3c9b,cepat tepat akurat,5,2025-12-15 18:06:33,traveloka
4b6530a6-8cad-41be-887a-66a17dcf965c,mantap 👍,5,2025-12-15 17:51:40,traveloka
e216c8e9-660e-4b97-9916-94e19b55e609,good app,5,2025-12-15 16:57:25,traveloka
71ea290a-594f-4afe-bd9e-a4cea3c29385,"Beli tiket ditraveloka, mudah dan terjangkau",5,2025-12-15 16:46:57,traveloka
ff7e5357-c419-4095-abb2-0405bd803b09,mantap,5,2025-12-15 16:38:47,traveloka
d40f37ba-5cfe-47f0-8d23-aa98d333ed5d,masih good app.,5,2025-12-15 16:15:32,traveloka
a52c57f0-0385-4bef-afda-b5115740dfdf,luar biasa 👍,5,2025-12-15 15:40:47,traveloka
152fd012-6de3-4289-8bd6-dc31e0baad07,ok bagus,5,2025-12-15 15:21:36,traveloka
044d7131-1904-48eb-abac-d2e37e23fb55,Traveloka memang ok ...tingkatkan terus,5,2025-12-15 15:07:29,traveloka
f4fbe3f2-99be-4d76-9577-cd1bf52e9f58,baik dan cepat,5,2025-12-15 14:34:07,traveloka
c31af378-6f6c-40db-969f-4a457dee47a9,okay,5,2025-12-15 13:01:03,traveloka
325e3643-bdac-4726-b88b-b5cb869c19dc,Mantap kak,5,2025-12-15 12:45:33,traveloka
c456d40e-f5b0-4371-ac59-911015c6ac33,Loadingnya agak lama,4,2025-12-15 12:27:52,traveloka
9f9e920a-08c6-47a5-8ddb-0e3145e79a2d,very good,5,2025-12-15 11:56:57,traveloka
33d1ad4a-118a-4309-94c1-e488ef926f2d,"ada apa ini, tiba tiba limit traveloka paylater hilang, dan akun di blokir..",1,2025-12-15 11:18:40,traveloka
c71ea746-fdef-45df-a790-a1ef68655d4a,Simple dan Cepat,5,2025-12-15 11:09:53,traveloka
b8dd271d-3056-48bd-839b-9b138fdb7144,"kecewa, karena Tpalyleter yang tiba-tiba level turun dan tiba-tiba ga bisa di pake, saat di tanya ga bsa kasih alesan, pembayaran lancar padahal",1,2025-12-15 10:53:03,traveloka
fabc364d-8f8f-4fff-85bd-e78015f9e3cf,"Traveloka mantap,komplain dituntaskan dengan cepat.",5,2025-12-15 10:19:27,traveloka
b474545f-84af-47d7-bff0-b7cee3a2343f,ok,5,2025-12-15 10:09:59,traveloka
907851d1-2bfb-49e4-ac51-e11f24543119,"harga murah, dapat di andalkan",5,2025-12-15 10:08:48,traveloka
e7295bfe-4efe-4863-9748-7db2010fb25a,"bagus sekali, customize",5,2025-12-15 10:06:50,traveloka
e4e19044-dd86-465a-ac06-e39a580970f8,sangat membantu ⭐⭐⭐⭐⭐,5,2025-12-15 09:28:07,traveloka
5ad36169-2d50-4c5c-ac15-69691e6f487b,terimakasih traveloka,5,2025-12-15 08:59:08,traveloka
246c308e-f640-4f84-9a5a-c7f577d81614,Fleksibel,5,2025-12-15 08:27:07,traveloka
fb0d24c8-764f-43fb-a1e0-8a37aaf57441,sangat membantu sekali,5,2025-12-15 08:10:33,traveloka
e63a18aa-31ed-4a7b-b7ce-ec960b1a2a2c,pelayanan bagus gak bikin ribet juga banyak promo2 nya,5,2025-12-15 07:43:56,traveloka
e7fd97e0-bf39-41b0-b06f-8a84efb6c1da,good,5,2025-12-15 07:41:54,traveloka
b9d67c60-f721-4626-aa4f-0d9de899bb34,baik,4,2025-12-15 06:42:14,traveloka
673b737a-2ab1-411d-966a-026a2179f8f1,okeh,5,2025-12-15 05:41:33,traveloka
317190bf-367a-48e4-9d7f-ce779a2aa0d8,very good,5,2025-12-15 01:56:02,traveloka
084444de-4907-4f7e-988a-b2dd36d9c203,pelayanan bagus,5,2025-12-15 01:04:56,traveloka
007d988f-06f8-4046-b264-3f44be029284,"drivernya sangat tidak becus dan celaka kan penumpang, sangat merugikan driver traveloka jangan pernah yg ada pesan driver di traveloka karena sangat tidak becus.",1,2025-12-15 01:04:43,traveloka
32a01367-d3ed-455b-9827-35be3af6615c,sangat membantu.,5,2025-12-14 23:45:02,traveloka
63e554d3-f3cf-43a8-ba0f-2a1385fb05fe,"saya sangat kecewa dengan aplikasi ini, good bye",1,2025-12-14 22:22:49,traveloka
0a8d984a-6cd1-4c05-b0b9-aabcfef1953f,mantap.banyak diskon,5,2025-12-14 21:26:05,traveloka
dfc8a1ea-a06a-4ed6-bc52-30c921c53158,pokoke top,5,2025-12-14 21:06:20,traveloka
6f93d10f-1cd5-4633-a91c-1c39727b4055,Proses simple dan cepat,5,2025-12-14 21:03:49,traveloka
011c90a4-7525-4b20-ab25-b821ec45fb93,mantap,5,2025-12-14 20:28:03,traveloka
c37c6916-00b7-4a08-ab68-a2886a505b10,oke,5,2025-12-14 19:06:15,traveloka
e75d3e2e-0219-4482-83ca-a8ebf7f9a5cf,top,5,2025-12-14 17:24:38,traveloka
78348af7-b81f-4d57-bf1c-d0036b425fa9,Selama menggunakan akomodasi Traveloka belum pernah mengalami kesulitan dan pemesanan berjalan lancar dan sangat simple,5,2025-12-14 17:20:21,traveloka
ef776d14-12b8-4a85-bb51-8e372afce7d1,"aplikasinya keren, rekomendasi banget",5,2025-12-14 17:20:16,traveloka
e7067a4b-18bb-4d2d-b628-dc2ccddf155a,"terima kasih, sudah setia membantu saya setiap saya liburan 🌟🌟🌟🌟🌟",5,2025-12-14 16:00:13,traveloka
3fc321ef-1a89-4a75-8efe-51bdcdbb9712,Pembayaran telah selesai dan pelayanan baik,5,2025-12-14 15:43:54,traveloka
703188df-49a5-4afb-9349-64f3348e6058,Baik banget bokulss,5,2025-12-14 15:01:58,traveloka
100e9140-cd15-494e-a6de-8e8be99ebf42,cari tiket pesawat lebih mudah,5,2025-12-14 14:41:30,traveloka
34e1657a-e9b4-4ee2-ad3c-220224d39af0,thoyib,5,2025-12-14 14:08:58,traveloka
a0e4c2e3-7a63-43e4-8c5b-4c775b62483c,tempat nyaman dan bersih,5,2025-12-14 14:02:17,traveloka
cd46b7fe-83f0-44fe-ab2f-4a2ade82d529,"tolong diperbaiki kerjasama antara traveloka dan gracias, saya pesan kelas premium saat check in malah dapatnya kelas biasa tambahan pula. informasi dari loketnya bisa terjadi pesanan kelas premium dapatnya kelas biasa begitupun sebaliknya! diperbaiki segera ya, penumpang sudah mengejar waktu, harus repot konfirmasi, emosional dan mencari rekomendasi transport lainnya!!!",2,2025-12-14 13:32:42,traveloka
707d9bad-152e-471d-a29d-87ddbc3381f1,"Bad rated. Live chat cs robot,spam. Useless.",1,2025-12-14 13:27:48,traveloka
dd6c1f5a-5196-4087-8bef-f77a889b0074,sangat membantuu👍,5,2025-12-14 12:58:50,traveloka
7cd3475c-a8fc-4cbc-a15a-8332bf453907,Refund Ticket potongan nih aplikasi sampai 600++,1,2025-12-14 11:31:00,traveloka
8dbefe66-81b7-4391-82d3-a64435902234,terimah kasih,1,2025-12-14 11:18:47,traveloka
13e73e4c-9253-40f0-9c80-d7e59cc15559,cepat mantap,5,2025-12-14 10:34:48,traveloka
5c6e6b35-a413-48a7-85ba-c9d8485f08fb,mudah,5,2025-12-14 09:45:55,traveloka
63150477-adf4-43b1-8945-8480f58135cb,good job,5,2025-12-14 07:37:14,traveloka
b521d60b-d6e6-4d4e-94fa-d3c19289f91a,ok,5,2025-12-14 07:35:52,traveloka
6068e7de-ef8c-44b0-8aa0-361502dad235,bagus,5,2025-12-14 07:06:04,traveloka
fb6ad212-e977-4e08-bcbd-4ac2556bf2d1,mantap useful,5,2025-12-14 06:52:17,traveloka
92a687fe-3dfc-4ec1-970f-46b701212b35,ok...agak membnatu,5,2025-12-14 06:01:32,traveloka
b531ded8-7f48-405f-b169-9020b713aaaa,Mantap,5,2025-12-14 03:58:34,traveloka
389b9e4d-72b6-483f-a7c4-1b024a1227d1,aplikasi yang keren,5,2025-12-14 01:35:19,traveloka
d4394cf3-32ea-43c3-bf86-80df2c519b27,Bertele-tele dlm proses refund. Kami akan konfirmasi paling lambat 12 jam & ternyata berhari-hari. Sangat tidak direkomendasikan untuk transaksi di apk ini. Apk sebelah jauh lebih baik dlm mengatasi permasalahan konsumen.,1,2025-12-14 01:16:17,traveloka
58849296-61c5-4546-8a2f-d0ac2964dee1,oke,5,2025-12-13 22:14:06,traveloka
75863b3d-12c8-4b50-ae1b-f043c93a3eb5,"kenapa tidak bisa check-in dari aplikasi???? seharian coba check-in, tapi tidak bisa sama sekali! kesalahan jaringan lah, masalah server lah... BANTULAH",4,2025-12-13 22:11:44,traveloka
993635d7-d8dd-4ad9-9af6-072c2d4fe4e3,"Saya sudah sejak lama menjadi pengguna Traveloka, untuk membeli ticket pesawat & Kereta Api, dan lancar lancar saja. Tetapi beberapa bulan ini (2x) saya membeli ticket pesawat via Traveloka perlakuannya ada yang berbeda, biasanya kalau sudah bayar tidak menunggu lama E-tiket nya langsung keluar lewat email terdaftar di Traveloka, hari ini 13 Des 2025 saya pesan ticket sudah bayar dan sudah dikonfirmasi bahwa pembayaran berhasil, tetapi sampai jam ini E-tiket nya belum dikirim juga.",5,2025-12-13 22:09:04,traveloka
f42c9046-0f2e-4a86-a93c-41d696a6eca7,Aplikasi yang sangat baik membantu perjalanan,5,2025-12-13 22:02:29,traveloka
904984f5-c5c7-4787-bb4b-1ac673452c3b,terimakasih,5,2025-12-13 20:49:12,traveloka
5492520f-5ab2-4427-a5da-c92155726c32,"jelek ngelag mulu apk nya klo di buka, pdhl buka apk lain ga ngelag",1,2025-12-13 20:40:48,traveloka
0cd27f12-3339-45e9-ad6a-bab493ff6a8c,sangat puas,5,2025-12-13 20:16:30,traveloka
b0fdf768-eb64-4d1d-9dd6-680a2aa90f32,"Tolong uang refund ku segera diproses... sudah 2 hari uangnya belum masuk ke rekeningku, lama sekali kerjanya... nggak seperti agoda langsung masuk uangnya saat itu juga... tolong jangan lama lama prosesnya... nanti kalau sudah masuk uang refundku, aku ganti bintangnya",1,2025-12-13 19:03:26,traveloka
0340d3fe-7158-4702-9fe2-3c6e5a2db5c4,balik,5,2025-12-13 19:02:18,traveloka
9f9c2ba5-fb8c-4950-a794-90eba715736e,oke banget,5,2025-12-13 18:49:39,traveloka
bd1fb1e5-42c5-4927-ac5f-2555c41fa1f5,bagusss,4,2025-12-13 18:38:45,traveloka
2094f252-f475-4c1b-96f2-855da6995e5f,ok,5,2025-12-13 18:37:38,traveloka
a0666fad-8fd9-4ff4-b1cc-1f2e8e9882e6,"pesan hari ini... booking 1 bed , bayar lebih mahal... begitu datang dapatnya 2 bed. saya kecewa nih 😥",1,2025-12-13 18:27:36,traveloka
688c2fc1-6061-4fcc-80be-46bf803c84e0,sangat membantu,5,2025-12-13 17:56:37,traveloka
0c5be424-cf23-4f57-8d64-efbbe0c724c3,alhamdulillah bagus terus,5,2025-12-13 17:40:17,traveloka
bfd61d47-c5c7-454b-bd1f-ddc5ff4b09d8,bagus cepat tapi tidak pernah dapat promo terbaik,5,2025-12-13 17:34:19,traveloka
f4e17c79-dd7b-4132-8865-0d17080cc394,Alhamdulillah,5,2025-12-13 16:56:01,traveloka
98fbd95a-e006-470b-992d-ef7f355c2343,"lebih mudah dan aman ,",5,2025-12-13 16:22:25,traveloka
89dc1735-db6d-4af4-b7b6-69ef6a0de054,"8 kali dalam setahun bepergian pke tiket dari traveloka, tp kadang cetak tiketnya agak lambat masuk email.👍",5,2025-12-13 16:16:46,traveloka
5a86ff45-4ba5-4b50-b46a-23c2d54bd14d,ok,4,2025-12-13 16:12:51,traveloka
4815fc78-6447-4769-978e-d4be6e494aa2,"saya suka, lebih gampang",5,2025-12-13 15:50:41,traveloka
6295a817-42ec-40fe-9f15-ad5c4453317a,sangat mudah.. promo nya bnyak.. semoga bisa naik limit lagi ..,5,2025-12-13 15:45:45,traveloka
97e878a6-50b1-457b-8dd6-0bb994b78f29,ok,5,2025-12-13 15:43:31,traveloka
0aadacda-6b3c-4b77-8ab8-651b77b09035,Semakin baik,5,2025-12-13 15:26:40,traveloka
b2fa1134-38a4-4393-bea2-4e074c913d54,mantap 👍,5,2025-12-13 14:55:34,traveloka
b601b7c1-6bbf-4e82-bb54-b70ff36dc0ce,good,5,2025-12-13 14:36:32,traveloka
58c531a9-3381-403f-9c48-85a530c0c3da,bagus,4,2025-12-13 14:10:10,traveloka
2d2f7c13-4298-44c3-8cfd-b18dda6564e4,OK,5,2025-12-13 13:53:34,traveloka
7801a806-3ac4-479a-aa6e-4120f5b83b64,ok,5,2025-12-13 13:48:13,traveloka
2aa8ee37-cc2a-4920-8845-3b4e95ac68bf,Bagi yg tidak ingin opsi di pilihan asuransi harap hati2 saat meng klik,1,2025-12-13 13:37:11,traveloka
92d8716b-28c6-4277-8439-ef0f8689d7be,traveloka is the best,5,2025-12-13 12:50:42,traveloka
5b492c06-1c1d-490f-b356-012b3b211d51,Terimakasih,5,2025-12-13 11:09:43,traveloka
8d0134f9-9ad0-435e-a0a2-0b36c4c7e3a7,Nyari tiket kereta dan pesawat gampang dan cepat. Traveloka mantabs Terpercaya 👍,5,2025-12-13 10:01:03,traveloka
64c5c253-0f67-4566-b945-33fa5b5b509c,ok,5,2025-12-13 09:51:32,traveloka
ade448ec-2947-439b-aa1f-88357ac92f6e,ok,5,2025-12-13 09:50:23,traveloka
ae2f25c6-1e50-4cfc-ae70-4c9dbaaa2493,ok,5,2025-12-13 09:49:40,traveloka
5548e48c-e9a7-4fc8-9e99-15e40a305b8c,smoga makin byk promonya trs dan update trs tempat wisatanya.,5,2025-12-13 09:46:36,traveloka
f405e32d-a1cf-4378-9ba3-d1e7bd543799,Saya pesen hotel di malang. Ada permintaan jam 10.00 masuk eh info Customer Service ga bisa.,1,2025-12-13 07:53:28,traveloka
58890a01-75bf-426a-b11c-f48decf60fc5,mantap,5,2025-12-13 07:37:32,traveloka
90b12b73-e544-41db-9353-085b3b058dd4,"Showed up skeptical cuz online price looked too good, Adel proved everything was legit with no hidden catches!",5,2025-12-13 07:36:56,traveloka
7fe1dabc-0cbb-4a77-8576-c06de4ca1551,sangat bagus,5,2025-12-13 07:09:14,traveloka
e230d7d0-9a03-4d74-a67d-257157685948,siap,2,2025-12-13 06:30:33,traveloka
b7491d8e-7669-462e-a0dc-a5ab94336410,okey,5,2025-12-13 05:48:08,traveloka
44807487-d10b-46c6-8536-05f8f55ead0b,terima kasih Traveloka sudah sangat membantu kami.,5,2025-12-13 01:13:53,traveloka
74f7403c-6c8a-44a6-8a6e-975fd15d0bfd,Aplikasi yang sangat membantu kemudahan di setaip aktifitas sukses traveloka,5,2025-12-13 00:27:54,traveloka
147f652f-36cb-4848-9b78-0e11baa15260,bagus,5,2025-12-12 23:46:54,traveloka
7a1744d6-13cb-4f87-bca6-c3be1471a98a,ok,4,2025-12-12 23:19:02,traveloka
ba60df95-647e-4892-88c7-60590c3ca4ea,aplikasi nya sangat membantu,5,2025-12-12 23:07:28,traveloka
32a4d229-55fb-4298-8799-f2aa274cf5db,terimakasih Traveloka,5,2025-12-12 23:01:57,traveloka
0ab1d4fe-a3cd-4fb3-9dbd-378becbb66d2,Mantab,5,2025-12-12 22:26:07,traveloka
b388b4a2-f655-4d53-99e8-7ffafd6b5319,sangat mudah 🥰,5,2025-12-12 21:35:34,traveloka
0547a1df-d360-4a70-8078-15496c41ad03,"Aman, gampang cari hotel dan hargaya bisa bersaing.",5,2025-12-12 21:15:27,traveloka
85d6aa4a-012d-484c-a5ed-eb85a10c15cd,kok mahal kali tiket nya,3,2025-12-12 21:00:11,traveloka
18f0d918-53a2-434a-89df-65ae77201679,"sangat2 membantu, cs nya juga cpat bnget respon untuk permasalahan. The best",5,2025-12-12 20:16:05,traveloka
7f2a5783-3f4c-4e1f-ac52-6cc0b22ed29c,cepat dan bagus,4,2025-12-12 19:56:13,traveloka
9c8b6fac-21d5-4a15-8868-35467f95eef8,bagus sie..,5,2025-12-12 19:14:40,traveloka
77e3541b-94e1-4640-b622-038c4364efdc,trimakasih layan yg baik amanah ... semoga perjalanan lancar,5,2025-12-12 19:08:08,traveloka
e413b38e-f896-43f5-a5a4-bdea7f500f96,customer service yang sangat baik dan cepat,5,2025-12-12 19:05:14,traveloka
c05edc4b-6aff-49ca-937b-db4aff4a97fb,bagus,5,2025-12-12 18:10:50,traveloka
e27a1c9a-b51a-437d-b8ba-f015d03335b3,lumayan cepat prosesnya,4,2025-12-12 17:59:33,traveloka
70559dcc-6444-4f47-bb96-082d9c03c390,sangat membantu,5,2025-12-12 17:16:09,traveloka
f21d8ed2-7917-46a6-b69e-9d8ecd2e6494,"kecewa sama traveloka proses refund tf pengembalian uangnya lama, udah 15 hari kerja belum masuk uangnya, saran jangan make aplikasi traveloka",1,2025-12-12 16:57:49,traveloka
2b17ca12-5869-4d1a-884a-ab231fefcc1b,Bagus,4,2025-12-12 16:39:38,traveloka
b2a69c7f-37f4-4d15-b2e9-a4bda5eaed4b,mantap,5,2025-12-12 16:32:51,traveloka
2fbcc086-0d9a-4c03-8b73-6749a72cc102,sangat membantu,5,2025-12-12 15:55:34,traveloka
fc7313c9-f9ac-48b0-b1c2-e8e6fa241396,sangat baik,5,2025-12-12 14:28:27,traveloka
ab81287e-e357-43b4-8f83-962c60cc5c54,mantap,5,2025-12-12 14:17:50,traveloka
496f4234-e2ac-43fd-bea1-be15d42a7ead,mantablah,4,2025-12-12 14:10:35,traveloka
90d48306-35c4-4678-aa39-86a265510e0d,bagus 👍👍 sip,5,2025-12-12 13:52:29,traveloka
f19b0f61-4ba8-41e2-b133-4d3847bac15f,good,5,2025-12-12 13:34:24,traveloka
d337d906-0e67-4ddf-9e42-4aae62e7a4fb,mudah dan efektif,4,2025-12-12 13:20:51,traveloka
1a6f9df8-97e4-452e-b1d3-e83ed59c04d4,kepepet mau pulang ke jakarta. tiba2 e ticket gagal terbit karena sistem dan refund harus nunggu 5 hari kerja. gak bisa bayangin kalo diposisi orang yg uang nya udah gak cukup buat beli tiket ulang. Sistem refund Traveloka kayak nya harus diperbaiki deh. gak harus nunggu selama itu min 😵‍💫,1,2025-12-12 12:45:55,traveloka
1ecf1d00-0c7d-42f6-b3bb-558974eaeb34,good,5,2025-12-12 12:20:28,traveloka
fb45cf41-ffae-45f2-ba38-555947e5c346,mantap,5,2025-12-12 12:01:44,traveloka
d7e9bf7b-d37f-4654-871d-6c213972d2b2,bagus,5,2025-12-12 10:27:51,traveloka
11a0b77e-5e91-4654-b95d-36dbfa249fb2,sangat membantu banget TRIms,5,2025-12-12 10:21:08,traveloka
abc085fb-9ef3-4dca-acf0-1ee957ce0820,jadi lebih cepat dalam pemesanan tiket,5,2025-12-12 09:38:07,traveloka
7a612e95-2c06-4d20-9b2a-87b611b8ebbd,"setelah update tampilannya jelek bikin pusing, sampe skrg bingung di bagian mana download tiket pesawatku . jujur bagusan yg dlu meski sederhana, simple mudah dipahami percuma bagus2 klo bikin bingung tolong perbaiki ya, sy sudah langganan",3,2025-12-12 09:16:01,traveloka
a152c09e-1e71-4870-8a18-aa667ebd77b7,very easy to use and solve the problem quickly,5,2025-12-12 08:13:56,traveloka
8e12af0c-16d8-4d7c-8cbe-b77fc2057037,ok,5,2025-12-12 07:00:57,traveloka
7cfd4e2d-e706-4238-a68a-db81db1a8679,"aplikasinya bagus, informatif dan flexibel",5,2025-12-12 05:29:18,traveloka
931285d0-76ce-4176-a4a1-f86e683c05ec,mantul,5,2025-12-12 05:12:55,traveloka
18aac9b2-a6c6-4d6e-9531-0ff84c29b41f,mantap,5,2025-12-12 04:52:52,traveloka
356aa8d9-7a79-4687-ac41-dee2fb5376af,sangat membantu,5,2025-12-12 00:53:16,traveloka
356137bf-9aef-4578-a948-4b034a353f61,luar biasa,5,2025-12-12 00:48:45,traveloka
3a3eaa30-a918-46c7-bc6b-e2a3a4b02b25,proses cepat,5,2025-12-11 23:41:58,traveloka
18a305b9-2d2a-40dc-b883-e9c922f3aa73,bagus sangat membantu,5,2025-12-11 22:57:59,traveloka
a8172f08-65c3-4bd0-9e70-c395ce3c20e5,okok,5,2025-12-11 22:25:39,traveloka
b8e82375-5f46-4dfe-93c0-874d09246dbe,ok,5,2025-12-11 20:39:21,traveloka
745920ed-7441-49fd-b442-a255bdff4bd5,tambahkan dana dalam metode pembayaran,4,2025-12-11 20:23:02,traveloka
0002159a-48b8-4fdf-9271-c3679b5671a1,ok,5,2025-12-11 19:56:03,traveloka
d5150c41-7755-49aa-893d-b3e7ba726672,fast respon,5,2025-12-11 19:46:53,traveloka
2185f822-f806-4eeb-9400-9f8f690595a8,terbaik,5,2025-12-11 19:23:33,traveloka
4c6ea09b-a604-4928-8e79-1f06c4cc59fc,mantap,5,2025-12-11 19:20:20,traveloka
d9809e1c-3d03-4849-a905-feb135ee603b,tiket update,5,2025-12-11 18:38:33,traveloka
2199e831-c911-4ef1-a009-bc44b4c79503,ok,5,2025-12-11 18:02:05,traveloka
e0d2e7ed-7cde-4ed9-8cc0-80c2f7db2ce4,I like,5,2025-12-11 17:46:32,traveloka
99ac3a54-b62c-4761-90d6-17a3fff63846,rekomended apps,5,2025-12-11 17:05:47,traveloka
b68abde4-29e9-40b9-9892-7d30727883a1,nice,5,2025-12-11 16:21:47,traveloka
cf2b28b6-d1a5-41ed-ae8a-0b4febe360b8,Oke sangat mudah,5,2025-12-11 15:27:26,traveloka
2258ec0b-466f-4caf-8439-193aad1aa087,is the best,5,2025-12-11 15:18:06,traveloka
f02e9159-488b-4c70-8fbf-39f91ed275c3,tolong kembalikan uang ku,1,2025-12-11 15:14:03,traveloka
3f71012f-c45a-4d9a-b102-0558fe355c71,top,5,2025-12-11 13:21:55,traveloka
f9123669-95ce-49bb-826e-74840d838863,pesanan hotel di batalkan sepihak sangat kecewaaa padahal sudah pesan dari sebulan yang lalu smpe di sana hotel di batalakan oleh pihak traveloka proses pengajuan refund pun di persulit!,1,2025-12-11 12:31:27,traveloka
b135322d-2ed8-45a0-8558-b10e58acb71e,ini punya dapat limit t paylater tpi ga bsa pakai limitnya.. pdhal blom 50% gmna ajhaaa.. bagus ga usa ksih limit.. byr pun tepat wktu,1,2025-12-11 12:06:14,traveloka
133429c3-8b54-482f-a515-da1b4bc476e2,pelayanan ok,5,2025-12-11 11:33:22,traveloka
a3d0aa70-8f65-4592-b0a9-0f273d09962a,"Traveloka Makin Kesini Makin Kesana... Punya Limit Paylater, Pembayaran Baik Tanpa Alasan Level Diturunkan Dan Limit Diblokir... Harus Banget Ada Transaksi Terus Biar Level Bertahan, Kalau Mau Kayak Gitu Ngapain Ngadain Paylater... Dikasih Paylater 4jt Yang Bisa Dipake Cuma 1jta...Iming2 Nominal Tapi Gax Bisa Di Pake Maksimal... pake Gax Pake Limit Tetap Aja Level Di Turunkan, Iya Kali Di suruh Transaksi Terus... Udah Pake Langsung Bayar Biar Level Bertahan Dan Akun Gax Keblokir... PHP Aja",1,2025-12-11 11:05:21,traveloka
e426b4a6-71e2-4135-b706-493207a8dd69,sangat membantu,5,2025-12-11 11:03:58,traveloka
de72d5b5-c117-4179-986f-75abd5fa0c9d,mantaf,5,2025-12-11 10:25:10,traveloka
1085d9d1-005b-4dbb-affb-b00caa8af2c7,saya beri 5 Bintang agar bisa diatas terus.... saya pelanggan setia traveloka... banyak transaksi pembelian dari beberapa tahun kemaren hingga saat ini... saat ditawari paylater saya pun ajukan namun ditolak.... kalau memang belum layak diberikan kenapa ditawari....ironis pelanggan setia tidak dapat apa apa di traveloka.... maaf saya uninstall... tidak akan lagi ada Traveloka di data pembelian tiket pesawat maupun kereta api di perusahaan saya,5,2025-12-11 10:18:54,traveloka
8d04fd1f-f1b1-4d6d-802c-34ded9047970,baik,4,2025-12-11 10:12:52,traveloka
41be699e-3123-430b-8608-720acd033834,mantap,5,2025-12-11 10:12:35,traveloka
dc6e256a-8179-40b2-965a-2792ad4b8032,"Aplikasi traveloka yang paling mudah, aman, dan nyaman. Semua ada di traveloka.",5,2025-12-11 10:02:07,traveloka
e906a162-ace1-45d1-81b3-398728480121,cepat respon dan informatif,5,2025-12-11 09:58:06,traveloka
bc75b433-1eae-40ec-8675-0106cd6cf3e0,bnyk promonya seru,5,2025-12-11 09:57:39,traveloka
30e1f77c-e30f-4df3-baf6-86d29a910a2b,traveloka sangat membantu dlm segala aktivitas liburan kita...🥰🥰,5,2025-12-11 09:36:38,traveloka
ba82bff0-8e6a-46c1-8505-00f78d9b960f,Indonesia ♡ Korea,5,2025-12-11 08:51:10,traveloka
c153a456-9246-4040-ac77-8facfd896b3c,baik,5,2025-12-11 08:36:27,traveloka
917e08d9-f256-4652-ba01-9826f2bfa257,"g dapat tiket, refund 3-5 hari kerja, lah g dapet tiket nunggu uang refund gimana dong",1,2025-12-11 08:11:03,traveloka
1cec17d8-0d46-462e-860c-182a073da46b,aplikasi gak ada tandingannya mantul banget,5,2025-12-11 07:00:26,traveloka
fed2af40-e0e6-4bdb-8e26-151a8039ed48,nice,5,2025-12-11 01:42:43,traveloka
3f704f89-de63-48e9-9086-d7b857d205ca,"Traveloka parah, refund main dipotong seenaknya , refund harusnya 11,4 juta karena maskapai delay katanya full refund, tp setelah nunggu ternyata hanya balik 7.2 complain nyalahin maskapai nya katanya kebijakan maskapai, kebijakan maskapai dari Hongkong , enak amat jawab nya, sebelum ini juga refund. 1 juta hanya balik 600rb , saya masih tutup mata karena harnya selisih 400rb tp x ini selisih 4 juta saya tidak bisa tinggal diam",1,2025-12-11 00:28:20,traveloka
6ca3dce2-69d7-4819-b237-78894e536d6f,ok,5,2025-12-10 22:57:14,traveloka
0bf6081f-2f30-413f-9a2b-74bac12870c8,makin kesini makin kesana nih app,1,2025-12-10 22:01:02,traveloka
943f1771-dcd2-4d11-b632-a3d6602bc4cf,hati2 beli tiket di sini.. QR tidak keluar tapi dana tidak direfund dgn alasan yg dibuat2.. dan syarat yang ga masuk diakal,1,2025-12-10 21:06:31,traveloka
c5785add-3c7c-4f48-8b6c-8833b8a98e66,luar biasa,5,2025-12-10 21:04:50,traveloka
d53163fb-435a-4ea0-ac35-debf39e1cefd,terbaik,5,2025-12-10 20:57:49,traveloka
77789e4c-afec-4597-8cc2-dfb8c22f7eb4,"Lebih dari 10 tahun menggunakan Traveloka sangat membantu kegiatan trip saya, baik kegiatan dinas dan perjalanan pribadi, hotel, tiket kereta dsb.",5,2025-12-10 20:01:44,traveloka
ae8d3779-d071-423e-8dca-e67660cc23d0,mantap,5,2025-12-10 19:53:22,traveloka
cb59990b-44e0-4630-8f5f-d312c4632e97,Sangat membantu,5,2025-12-10 18:47:51,traveloka
12c2ead3-79a4-4801-b04c-931a927c2091,good job,5,2025-12-10 18:32:59,traveloka
f5b42873-cf76-4044-868c-aac226c74187,OK,5,2025-12-10 17:51:31,traveloka
39b3a708-d98e-4502-bec3-f68e6d340b1f,sangat membantu,5,2025-12-10 17:40:02,traveloka
1b3d7df7-0b25-474e-b5a6-ff483c35676e,good,5,2025-12-10 15:31:08,traveloka
3e8a24c9-46e5-4177-8448-88bae32b9ad8,mudah untuk pesanan,5,2025-12-10 14:37:36,traveloka
843970a3-a744-4a9e-ba37-750aff4da1ef,kemudahan transaksi melalui HP,5,2025-12-10 13:44:19,traveloka
b9d3b574-2fdf-43e4-9558-0685f44e3506,mantap,5,2025-12-10 12:47:49,traveloka
448588d9-eb8d-4290-9d22-66f588af2363,Sangat menolong. Tuhan YESUS Memberkati🙏,5,2025-12-10 12:32:31,traveloka
1d0bb778-c7ee-4423-a882-774c2fba870b,mantap betul,5,2025-12-10 12:11:01,traveloka
8bdd5a88-2801-4dc9-9317-0e8804489eee,oke,5,2025-12-10 10:31:38,traveloka
471f98f8-2883-4613-a333-7b485283b11e,bagus,5,2025-12-10 10:17:58,traveloka
61f04923-697f-4134-89ed-62d74af5cc70,mudah dan cepat serta banyak promonya,5,2025-12-10 09:47:40,traveloka
f5fb720c-4f9a-4272-94f9-e63e9c5c4a65,Good,5,2025-12-10 09:33:12,traveloka
dc92f39f-13db-4d8a-a8fa-39b505d5c70a,Mudah dan mantap,5,2025-12-10 09:25:46,traveloka
b4a0eec3-c6a6-43af-a2fe-284c7fc8f072,"mudah,dan cepat mendapatkan tiket",5,2025-12-10 09:22:14,traveloka
aa11fb22-5bf6-4e44-8145-e780ce3cbb5b,mudah digunakan,5,2025-12-10 09:17:54,traveloka
b4e36807-1409-4d2c-b6be-5ca149582378,fast,5,2025-12-10 08:05:40,traveloka
b8c13d0a-8fe6-4ba3-943c-7e6facf631ad,bagus,5,2025-12-10 07:36:45,traveloka
16778aea-d89f-4e18-9c7f-668acb35cdfa,sangat puas pelayanan e-ticket pesawat🥰🥰,5,2025-12-10 07:09:35,traveloka
83a9f589-bc72-4c1c-ab2e-56177711de1d,sangat baik,5,2025-12-10 06:50:19,traveloka
fb2a7e5e-9d1c-462c-9e1e-1286221669c7,sangat memudahkan,5,2025-12-10 06:20:56,traveloka
56da5a61-82d3-4c97-90fe-8cab0a454edc,ok,5,2025-12-10 06:16:59,traveloka
72d06fdf-78cc-4ba9-8ee4-67f733857fc0,mudah transaksinya,5,2025-12-10 04:27:25,traveloka
92726b95-3a8d-4cd4-a010-d446e858c700,"fitur pay later paling sampah, paling tolol, limit 10jt ketika mau dipakai tidak bisa digunakan dengan alasan limit tidak berkurang, complain cs tidak bisa ngasih alasan jelas dan solusi , histori pembayaran tidak pernah telat bahkan limit trs bertambah tetapi hanya jd pajangan , pay later paling aneh sejauh ini",1,2025-12-10 02:52:57,traveloka
8e771de9-ffad-44ed-a25a-65091cc0b9f8,lumayan,4,2025-12-10 01:18:48,traveloka
98e4286a-ef92-41a0-9079-c6a7388a30c4,sangat rekomendasi,5,2025-12-10 00:52:10,traveloka
5b2fcc18-6c11-4e99-b2fc-4573625d2469,mudah penggunaannya aplikasi Traveloka ini..,5,2025-12-09 23:25:57,traveloka
e31c0eba-0f2a-4861-86c6-485aa677f278,jdilah yg terbaik dan amazing untuk semuanya orang,5,2025-12-09 22:28:10,traveloka
c244a629-1d65-4b55-9700-8a3eed864636,cepat dan mudah,5,2025-12-09 22:19:01,traveloka
0fedb70b-1d8b-423c-b726-511c15392ed3,sangat baik,5,2025-12-09 22:02:01,traveloka
bc9ee32a-52d5-47dc-a0bd-3bca4d699c06,lbih bnyk dikon lg donk,4,2025-12-09 21:58:51,traveloka
c778f03e-9b68-4747-8ae9-ce1a309fb443,tempat dah hotel pesanan bagus,5,2025-12-09 21:50:24,traveloka
0d9634df-ead0-403d-9287-a5453d269354,Bagus,5,2025-12-09 21:31:19,traveloka
a35c8b0a-650b-4e94-a0d1-1b0f1bed5d11,layanan cepat dan akurat,5,2025-12-09 21:25:51,traveloka
7ee4b760-1ef2-4260-bed9-a0999c015110,bagus,5,2025-12-09 20:48:30,traveloka
022433de-1fa6-48f7-ad0a-f436a4c67e30,ok,5,2025-12-09 20:29:34,traveloka
2dbcd9a7-7232-4d6c-8bba-061efccf4bdd,mantapnya,5,2025-12-09 20:16:26,traveloka
6747b235-5950-48eb-8f92-1c2d21668742,busuk,1,2025-12-09 19:43:44,traveloka
0c08ce8f-7b05-44bc-bd08-dc005aa83451,sangat puas & recommended dengan app Traveloka serta memudahkan costumer....,5,2025-12-09 19:23:57,traveloka
673e717f-3329-4d16-a1e9-31629a23bf68,"aplikasi sangat mudah digunakan, banyak promo yg sangat menarik",5,2025-12-09 18:56:52,traveloka
47f1741f-20be-4287-83df-4f2c0e913a36,bagus,5,2025-12-09 18:21:28,traveloka
e294c3e2-c946-4cd7-9f42-ab75b3d0c7f1,sangat oke,5,2025-12-09 17:31:23,traveloka
8e361b63-d13e-47f7-b9e8-b784bb25e222,SANGAT BURUK,1,2025-12-09 16:05:42,traveloka
6c170b64-38e2-47e7-90bd-e800e9645a38,sangat membantu,5,2025-12-09 16:04:13,traveloka
a3f5b27a-2f43-46af-8e8d-df782f9a58f6,"selama memakai traveloka, pembelian tiket kereta selalu mudah...kenapa hari ini ribet banget..",2,2025-12-09 15:50:49,traveloka
fc73ca6a-0801-4b4f-9e2a-5c2dfda52caf,luar biasa,5,2025-12-09 15:44:00,traveloka
c7cb8fd2-c951-4b2f-860f-257a2fb9ab39,bagaimana mau pesan tiket klau semua jadwal penuh terus selama sebulan,2,2025-12-09 15:13:56,traveloka
bdbbd122-2077-4937-b178-719979cfb54b,keren,5,2025-12-09 15:10:23,traveloka
5918cacf-ace7-4c41-9ad7-46d3512449ef,semenjak menggunakan traveloka perjalanan ku semakin mudah tanpa ribet tanpa ragu..trimakasih,5,2025-12-09 13:38:11,traveloka
5f4a26f1-1e7a-41e6-a935-29fe0b527699,mantap,5,2025-12-09 13:09:34,traveloka
486557a9-c238-4d62-99ee-af61761ffd90,dalam pemesanan cepat jelas,4,2025-12-09 12:45:32,traveloka
a3c6fc29-d08b-4fba-8cc4-59a60da3e735,Mantab,5,2025-12-09 11:34:33,traveloka
f19bda26-1086-4aa1-8815-468196323903,Traveloka is the Best. Keren bnget!,5,2025-12-09 11:13:54,traveloka
b5ac8900-523b-49b2-9cd9-59ce850addaf,ok,5,2025-12-09 11:08:21,traveloka
073b91ea-6b3c-49f9-acc4-3bdf76fbde5e,suka banget sm aplikasi ini sangat membantu banget promo2 hotel dll,5,2025-12-09 11:04:30,traveloka
7890dfaf-9b92-42ae-8a99-f2275b631d18,kalo pesan hotel ya d Traveloka ✨,5,2025-12-09 10:56:40,traveloka
41ece9cf-415e-49fe-bac7-ec588473bf66,good deals,5,2025-12-09 10:51:20,traveloka
25be5625-a2e4-44a9-9c78-22d972d2bfb1,sangat puas,5,2025-12-09 10:51:19,traveloka
a9a48abd-b0df-4e8f-9fe1-32beb21c5f84,aplikasi ok bgt,5,2025-12-09 10:20:52,traveloka
d0fdd7dc-3464-4e07-8107-80b01903d88d,setiap kali mau bayar via bank online gak muncul,1,2025-12-09 09:34:03,traveloka
32e746b8-d313-4459-a39b-58127d4be8db,Sukses selalu,5,2025-12-09 09:06:13,traveloka
6d4bd936-c079-40c3-ba1f-36fdd88b35e5,cool with Traveloka,5,2025-12-09 08:05:02,traveloka
97100bdf-4c71-4eee-a1a2-839d851e1857,"kecewa dengan Tpaylater yg sekarang dr di beri limit sampe 15jt ,ke pake cuma 5jt dan TDK ada tagihan akun di blokir . percuma punya limit tp TDK bisa di gunakan",1,2025-12-09 07:50:35,traveloka
bf6910c6-bcf2-4534-a19d-54003714118c,"aplikasi tambah ngawur,, menu asuransi sengaja disematkan dan hampir tdk kelihatan, saat cetak slip sdh tertera asuransinya.",1,2025-12-09 07:43:18,traveloka
6b9b5801-1674-430d-bad0-3a5dc040869c,"percuma ada paylater kalau tidak bisa juga di gunakan,tadinya saya senang karena kami orang tidak mampu,Traveloka menyediakan paylater dengan cicilan..saya bersama istri dan anak sudah senang bisa mudik dengan Traveloka yg menyediakan paylater..tapi begitu di pakai dan saat pembayaran..kok malah disuruh menggunakan mode pembayaran lain....nah paylaternya untuk apa...dan kenapa harus tersedia..saya coba menu bantuan atau hub kami tapi jawaban juga gak memuaskan.....",1,2025-12-09 06:57:47,traveloka
6c7b9675-35f4-4dfa-b992-9b645906cab8,mantap,5,2025-12-09 06:11:12,traveloka
23a66261-fcff-486d-8fbd-980c3f0f9c64,ok banget,5,2025-12-09 03:52:23,traveloka
851e9169-7be5-4cb6-8ae7-4c03500d7666,sangat bagus,5,2025-12-09 01:49:19,traveloka
72231ab0-cef6-4039-8ad5-9fbfbe3d9a39,bagus,5,2025-12-09 00:09:47,traveloka
4fdf8b47-963f-439d-975d-ab29d1ee663c,ok,5,2025-12-08 22:41:55,traveloka
542efaee-583c-4a23-a860-63f3236a962d,sangat dipercaya,5,2025-12-08 22:17:55,traveloka
25550543-22f5-4d7e-b1bd-134d6f95dd0f,"anak sy seorang disabilitas ketika ada proses klaim dibuat sangat-sangat sulit dan berbelit-belit, sy nyesel beli tiket disini yg ga ada peduli nya dengan penyandang disabilitas",1,2025-12-08 21:42:21,traveloka
02c2c05c-3df9-4119-8f70-d70cbb7102a8,mantap app yang sangat bagus,5,2025-12-08 21:32:42,traveloka
b202bf9b-13eb-4d7a-b538-146570701480,ok,5,2025-12-08 20:31:31,traveloka
04aeb7d2-7857-4c33-9101-bdc5da516cae,pemesanan apapun di traveloka mudah.,5,2025-12-08 20:22:17,traveloka
7e3f7980-a9e0-40e7-8359-7801fde45902,lancar,5,2025-12-08 19:18:42,traveloka
014fd0d0-ad68-415a-84d8-d8322cef981e,sangat rekomedasi,5,2025-12-08 19:13:10,traveloka
fb2b4010-afb4-49c7-912d-98a0c97c9301,good luck,5,2025-12-08 19:12:54,traveloka
4a6ce591-9052-4fdb-921a-558df7b118c2,sangat membantu utk berpergian kemana pun 👍👍👍,5,2025-12-08 19:07:23,traveloka
788f9eb0-1d3c-4cad-bc17-11040259b8ab,sangat membantu untuk mendapat informasi perjalanan,5,2025-12-08 18:05:19,traveloka
13a21f1c-3229-418a-aeae-2f7b38687059,Terimakasih Traveloka,5,2025-12-08 17:50:09,traveloka
f89dba87-6108-4cae-8753-0b7e050e4d01,kurang promo pesan tiketnya,3,2025-12-08 16:52:55,traveloka
a0768757-47b0-4672-baff-8ac07f8fe1dc,mantap,4,2025-12-08 16:35:24,traveloka
b341098c-671b-49b5-86e0-621b63138dec,sangat mudah digunakan,5,2025-12-08 16:17:14,traveloka
25115bcf-b183-4f95-984f-2db077864797,fasilitas dan pelayanan terbaik untuk liburan. pemesanan dan pembayaran hotel sangat mudah.dpt point & voucher lg. terimakasih Traveloka..,5,2025-12-08 16:16:49,traveloka
aa6c7876-1f85-4ae0-924e-aa61496b4dae,the best,5,2025-12-08 15:49:38,traveloka
01372c4b-0938-4d79-9815-6b649b35c924,best reccomemded,5,2025-12-08 15:23:00,traveloka
624c63e9-35ea-47a9-ba7e-3979a628aac8,wow bagus simple keren,5,2025-12-08 14:34:51,traveloka
bb91c0e7-a1b5-4658-9750-6cfb59823a54,"Bagus, cepat, dan terpercaya",5,2025-12-08 13:51:06,traveloka
28a73049-396d-4a2e-b147-9ba15c3baaf7,mantappp murahnya 😍,5,2025-12-08 13:28:12,traveloka
d16dd69d-33bd-46c9-8b5d-cd78a0c7a33f,terbaik,5,2025-12-08 13:15:48,traveloka
e48936ac-58bb-4cd8-a956-7c25e3f72895,bagus,4,2025-12-08 12:03:37,traveloka
62f14c42-6665-4218-a974-1c8ee3d46f6e,"terbit tiket lama banget deh sekarang ampun, padahal bayarnya mah cepet",4,2025-12-08 11:44:56,traveloka
a0d86ac2-e9f7-43f9-979d-79a6043cc4a0,top,5,2025-12-08 11:30:42,traveloka
db4dbdfd-1da5-40c4-9b11-7047b896f476,mantap,5,2025-12-08 10:57:34,traveloka
c8b35cf7-9eb0-4aee-89a2-6c343fd261a0,terimakasih,5,2025-12-08 10:39:26,traveloka
70340166-6b5b-4b67-8801-4a7cd9dde54a,baik,5,2025-12-08 10:20:49,traveloka
8692e942-b23f-41d5-b972-4d416a29b6b7,TERBAIK 👍👍👍,5,2025-12-08 10:16:15,traveloka
159f78e3-cb6f-45f6-ac39-3748f6fc7d96,"kecewa banget sangat kecewa saya beli tiket tp di arahin pake tpay latter cicilan 12x saat tiket saya refund, refundnya sukses tapi saya harus bayar bunga 12x bunga untuk hal yg saya tidak beli , RIBA BANGET",1,2025-12-08 10:10:18,traveloka
e6ab0513-7da8-4294-9c23-884a5599fa19,nice,5,2025-12-08 07:44:51,traveloka
5d9db089-6fe1-434d-be3b-a0f1ab6ad087,cepat mudah murah,5,2025-12-08 07:43:01,traveloka
fafe2411-eeab-4c3a-baac-6c8dc57116d1,sangat bermanfaat,5,2025-12-08 07:34:51,traveloka
43284dae-ca77-4b1e-a951-d6af4e219396,sangat bagus,5,2025-12-08 07:20:04,traveloka
49646134-9d35-4dfc-8e40-d7612f27d4e0,baik,5,2025-12-08 06:14:01,traveloka
a447f9e9-fa6a-4139-856e-fbe51da218e5,keren,5,2025-12-08 05:43:27,traveloka
7761b540-9ec1-4568-ad03-f66303e3b1dd,"Terima kasih, mohon pelayanan ditingkatkan lagi",4,2025-12-08 05:24:35,traveloka
60c5730c-35e2-4184-866a-06877af3b333,terbaik,5,2025-12-08 00:25:38,traveloka
1dfacb9c-8ad7-4044-95e3-0fcf3127f9aa,sangat membantu sekali,4,2025-12-07 23:54:29,traveloka
ff9cb4d1-da0c-4a8c-bc67-2691eeb28323,mantap,5,2025-12-07 22:12:22,traveloka
e9447207-6027-4631-98c4-f0bf1e973fc6,okk,5,2025-12-07 21:58:25,traveloka
862ccabe-3cc1-4965-bc31-92e6f4939969,mantap,5,2025-12-07 20:20:19,traveloka
b2b37b46-fbe0-4396-922a-eb57883059af,bagus,5,2025-12-07 19:53:13,traveloka
79ae2230-8a9a-4f49-8fbf-e1d1b6f1221e,ok banget,4,2025-12-07 19:27:29,traveloka
675750cd-2854-41fa-9d45-41c37c75c52b,booking apapun praktis dan tidak ribet,5,2025-12-07 19:14:45,traveloka
5e16be3f-515f-4ba0-9cc8-9f77f99971d4,harga tiba-tiba berubah,1,2025-12-07 18:14:51,traveloka
c049aa34-386c-48b4-a02c-f30a73a8d8ab,mantab pake traveloka. semoga banyak diskon2 lg,5,2025-12-07 18:08:55,traveloka
b92163dd-feed-4e8a-918a-c3ede4e154c5,mantap,5,2025-12-07 17:54:54,traveloka
e439daaa-deef-4bc9-928f-88b8c4f6074e,keren,5,2025-12-07 17:50:29,traveloka
28dad909-f867-4d1a-961e-ec7021974770,sangat membantu sekali dalam perjalanan kemanapun 👍,5,2025-12-07 17:38:49,traveloka
6b26aec7-2633-42b2-ad66-68aff7f13972,ok,5,2025-12-07 17:27:05,traveloka
1c3f2376-a729-4713-a76b-c3477a6a9c87,layanan prima,5,2025-12-07 16:46:08,traveloka
a9aca483-83be-4abb-be72-2ce701b9bd11,terima kasih Traveloka untuk pelayanan nya mempermudahkan setiap perjalanan kami,5,2025-12-07 16:43:51,traveloka
ea8b7a57-5948-4e57-88eb-59b68d5a1713,mudah mengakses nya,5,2025-12-07 14:20:22,traveloka
3c97e248-e985-491a-833a-e3a5406dea46,"kalau anda mau jalan jalan, jangan lupa traveloka duluu",5,2025-12-07 14:00:12,traveloka
bcf5f385-0b28-4f3c-b913-9cdef533d865,mantap,2,2025-12-07 13:32:45,traveloka
4ee40f2e-7423-424c-a228-65be056ac7a6,bgus,4,2025-12-07 13:32:30,traveloka
39fb4e9f-6f5b-43f7-98ba-30456d800367,banyak memudahkan bagi saye pemesanan tiket tak perlu pergi jauh jauh . terimakasih pelayanan terbaik,5,2025-12-07 13:07:44,traveloka
8fc436f3-30c5-4d56-91a4-f1a5b454f3fa,sangat keren banget dibutuhkan di saat situasi genting,5,2025-12-07 13:05:51,traveloka
f205bb10-2091-4877-883d-78a206541329,sangat bangus,5,2025-12-07 12:55:54,traveloka
05a01d4e-681c-4af2-bca7-00a325300981,baik,5,2025-12-07 12:49:25,traveloka
2fbd31cd-b694-4102-9e17-b6668ab7fc37,Bagus,5,2025-12-07 11:50:34,traveloka
7cb50e51-4485-491b-b4e5-93457a30729b,sekarng da mantap,5,2025-12-07 11:19:55,traveloka
1c80a0bb-ca2e-415d-8d72-1a91f06ccd18,"aplikasi sialan, harga gak jelas berubah2 saya beli kemahalan, saya cek lagi tgl yg sama lebih murah.. batal gak bisa.. hati-hati klo mau pesan lebih telit,i lebih baik pake aplikasi yg lain... ada limit sering gangguan gak bisa di proses... parah ini mah parah",1,2025-12-07 10:24:58,traveloka
ec5a2a73-f339-4e46-9aaf-7ac8bf8cec50,"Traveloka sangat membantu perjalanan kami, thanks.",5,2025-12-07 09:03:03,traveloka
cadd6346-e31d-4b8f-878a-eb1dd64933fa,mantap,5,2025-12-07 09:01:28,traveloka
c3381781-6294-4114-aa84-8069c4e40665,mantap,5,2025-12-07 08:21:13,traveloka
15d82bd8-77df-4f3c-9fd8-b0e40c916391,"Terimakasih traveloka, beli tiket jadi lebih mudah, praktis dan hemat waktu",5,2025-12-07 08:04:40,traveloka
f9d73ec8-3819-4b79-985e-febc32830aed,"mudah dalam bertransaksi, info hotel detail, dan aplikasi ini sangatlah membantu, the best traveloka😍",5,2025-12-07 07:53:01,traveloka
9697e14f-6caf-4a41-aea6-fee5311350b6,bagus,5,2025-12-07 07:15:06,traveloka
7494c336-1e76-45dc-9159-22964b0bf07a,ingin gabung jadi driver Traveloka,5,2025-12-07 07:08:08,traveloka
3b3783a6-dfe4-441b-a499-4d86c1a4a9db,menurutku gampang dimengerti dan cara pesannya mudah,4,2025-12-07 07:04:50,traveloka
62c55ae0-8cad-459b-b7de-3ea7e53f640d,"pengalaman yang sangat bagus, fitur yang memuaskan, not bad, mudah diproses dan log in nya juga gampanh",5,2025-12-07 05:41:50,traveloka
a4024db8-9dee-42a2-a18b-4a30723bbcbd,pengembalian dana cepat,5,2025-12-07 05:30:46,traveloka
87228231-73dd-4cc2-8023-12eda1995701,Terima Kasih Traveloka mudah dan murah beli tiket pakai Traveloka,5,2025-12-07 05:17:38,traveloka
199324f0-0831-4831-beb8-769521ab92d7,Good,5,2025-12-07 03:57:47,traveloka
5f3adf71-0290-421c-a7a9-d0fdd615f6a6,gooooddd,5,2025-12-07 02:52:48,traveloka
d513f1ba-127e-4fc8-894e-a7b75532b25c,kalau boleh banyak promo nya di perbanyak,5,2025-12-07 02:18:05,traveloka
f67eaf43-a509-4470-a294-c165ebf2867b,good👍,5,2025-12-07 01:53:07,traveloka
ea773c26-392f-4833-ba51-72dae04f5606,membuat traveling liburan kita mnjadi mudah dan bnyak promo promo menarik Disni😉trimksih Traveloka 🤩,5,2025-12-07 01:32:13,traveloka
9aeb1bbc-2e7c-4b43-913e-509e6d454765,semoga lebih maju,5,2025-12-06 22:47:40,traveloka
0d741d2b-9bf6-4a04-b925-17e21f4285ce,keren,5,2025-12-06 22:16:55,traveloka
38a91b81-2c0c-492c-92d3-a708260524d3,Semuanya menjadi sangat mudah karena traveloka,5,2025-12-06 21:53:19,traveloka
0fbeab98-5879-4edd-ad3c-e778656ad7be,Good,5,2025-12-06 20:13:19,traveloka
9bae92db-04b9-48b3-b52c-84d220b77ad0,oke,5,2025-12-06 19:15:40,traveloka
72c84e8c-873f-4ed5-b69a-4ea1dd20f70c,pesan instan,5,2025-12-06 18:29:09,traveloka
dbdbf727-4d3b-4ce9-b218-8551c43c9e58,sangat baik,5,2025-12-06 18:03:51,traveloka
d9f24f10-7b4f-4d1e-9d0e-40c39c393447,asuransi biaya perjalanan terlambat saya tidak dibayarkan,5,2025-12-06 17:38:23,traveloka
3c4957a6-0642-4035-baa4-df12eae1f5af,"Aplikasi yg sangat bagus sekali,sampai kasih limit awal kasih tidak bisa dipakai,kasih harapan palsu lanjutkan Traveloka",5,2025-12-06 17:00:56,traveloka
c132198a-f014-4965-826c-cc7b103369fd,terbaik,5,2025-12-06 16:12:02,traveloka
47abe288-bbb9-47b4-bff2-7f8f74c2ae27,cepat dan akurat,5,2025-12-06 16:10:30,traveloka
f8a49373-62ad-4e1e-a01d-af7e08773d75,bgus mantab,5,2025-12-06 16:05:23,traveloka
ed142a2e-bd4d-4feb-a534-d459251244f8,pokoknya Traveloka is the best,5,2025-12-06 15:04:53,traveloka
44d81206-910d-4e02-aeaf-61318d797e63,ok,5,2025-12-06 14:28:57,traveloka
e7505d34-67f5-40a5-828e-470a315403bf,masa gk jadi pakai paylater tetap masih haris nyicil bunganya... gila...,1,2025-12-06 14:24:09,traveloka
8ce5460f-4924-4b0f-bc49-4902faaeb281,ok,4,2025-12-06 14:22:09,traveloka
9e01a9b4-a533-4e91-abc4-fe0f160c58b3,Sudah Bagus,5,2025-12-06 14:18:38,traveloka
212fc94b-0db1-48f4-b58e-6d1695696c96,good,5,2025-12-06 13:01:24,traveloka
681c3675-368c-4a00-bad0-0406e121971a,good,5,2025-12-06 11:18:22,traveloka
bf1e2b5e-2ae2-4a10-8838-afc710b26222,salah satu dari sekian banyak,5,2025-12-06 11:16:00,traveloka
2df99ee9-77ea-4ae1-909e-1606fb9889fa,"good,membantu banget",5,2025-12-06 10:23:40,traveloka
691f04cb-40f8-497b-bfbd-a748ae3f04f0,membantu mencari memilih dan memesan hotel,5,2025-12-06 10:06:27,traveloka
d30e6b5c-9aa0-4ffe-82d9-a9790f24f4ab,best,5,2025-12-06 10:05:02,traveloka
93082236-8399-4b79-a681-a6c9e516081b,aplikasi yang bagus dan membantu,5,2025-12-06 09:59:19,traveloka
e8ac99bc-492d-4c68-8140-4421a0ddd403,gila timbang telat berapa hari krn trouble kita punya HP dan tagihan juga kisaran under 200k... tau tau di blokir kita punya paylater...,1,2025-12-06 09:52:55,traveloka
187ec173-c09e-47c2-bbfa-f3f14a7dd431,solusi trip anda,4,2025-12-06 09:32:53,traveloka
3f933473-a2d7-4c9c-a603-68262c070bf0,sangat mudah. gercep,5,2025-12-06 09:32:11,traveloka
722ca017-651e-4c27-a577-e2c3822a3dcb,"ATAS NAMA CS ALA, TIDAK BISA MEMBERIKAN KONFIRMASI JELAS ATAUPUN TANGGUNG JAWAB TERHADAP PEMESANAN SAYA KARENA HANYA BISA MENGKONFIRMASI KE PIHAK HOTEL TANPA MEMBANTU MEMBATALKAN ATAUPUN REFUND PEMESANAN PELANGGAN!!!! SANGAT BURUK PELAYANANANNYA",1,2025-12-06 09:26:56,traveloka
fe768b3d-6b6c-45bb-9aff-13dee9e0f5e3,Mohon dibantu pengaduan saya. saya perlu pesan tiket penebangan secepatnya,2,2025-12-06 08:34:09,traveloka
1fb4d8d8-13a0-491f-ad24-bdaa441a2a78,"Aplikasi ini sangat membantu dan mempermudah reservasi akomodasi, mantap traveloka",5,2025-12-06 08:31:24,traveloka
ad06afcc-177f-4d66-b0a6-95308f9ecd6a,bagus,5,2025-12-06 08:30:35,traveloka
25429a49-0f58-4852-ba78-9dd599ab6710,pelayanan yang sangat baik,5,2025-12-06 08:07:38,traveloka
23c693aa-739a-4ce7-b74d-bd3af70f9715,ok,4,2025-12-06 07:38:05,traveloka
4747c2ef-3d5d-4b30-8e0b-7d47777d536e,"mau bayar playter gimana call center treveloka ga bisa , call center playter ga bisa , nih gimana saya mau bayar playter",1,2025-12-06 06:25:09,traveloka
268613a6-dff1-4c45-b948-cc5594682ed7,good,5,2025-12-06 06:11:27,traveloka
ed70e434-6552-48b2-b118-cda9637846b5,"Sayang, promo dan pemakai Traveloka Paylater tidak bisa digunakan untuk akun saya",5,2025-12-06 05:35:01,traveloka
e21abd37-42e0-483c-9d89-af7a336ab9f7,sangat membantu,5,2025-12-06 05:24:30,traveloka
acb7378b-b04b-477a-97ab-ddaf263d410c,Bagus & Mudah Pesan Tiket,5,2025-12-06 01:21:24,traveloka
ce64a31c-633b-438c-9330-8f4a6c20adf5,terpercaya !,5,2025-12-06 00:20:49,traveloka
4b4db8a4-e514-410a-9209-af0ea1fa873b,terbaikkks,5,2025-12-05 23:56:17,traveloka
e7791567-ec50-43e4-9ace-2314033dea82,cepat. proses mudah,5,2025-12-05 23:15:09,traveloka
2265c8ef-1b25-43bf-9c7a-25ddb234bb7e,Bagus Sekali,5,2025-12-05 22:12:55,traveloka
f98e1c2b-deb4-402d-a606-eb1760f66ddd,mantab,5,2025-12-05 21:48:05,traveloka
43bfc196-2cb6-40e5-ad72-00156b07cb89,Traveloka memang ok,5,2025-12-05 21:05:57,traveloka
45cf51c8-8976-4f73-96c3-138facbde57f,Sangat membantu,5,2025-12-05 20:44:16,traveloka
99fc3edc-b442-4661-92e0-dcd142722e5b,"Aplikasi liburan, pulang kampung, PALING THE BEST. belum pernah menemukan sesuatu yg mengecewakan di aplikasi ini. perbanyak promo kereta panoramic ya",5,2025-12-05 20:38:40,traveloka
f724fc45-cea7-4839-bf97-7941229a3207,bagus hanya saja harga sering berubah ubah padahal sdh di deal..coba jangan bikin kecewa pengguna traveloka,5,2025-12-05 20:03:18,traveloka
d041937a-2d36-46cc-abb5-5eeb909eefc4,Mantap,5,2025-12-05 19:14:53,traveloka
d7b3ed8a-aa11-4ccf-ac78-f6ac85ae840c,sangat membantu kl boleh saran harga tiket banyakin promonya 🙏,5,2025-12-05 18:58:52,traveloka
4ec93a98-158e-4906-9b2d-d281c7da8e3a,the beast Traveloka,5,2025-12-05 18:34:57,traveloka
e155d960-024e-4e48-a23d-ba9d4efe7d00,bagus memudaka bertanssaksi tapi layana paylater di tingkatkan lagi,5,2025-12-05 15:28:18,traveloka
f1d2b6bb-8d20-456f-9cd6-850365dc1cc4,ok,5,2025-12-05 14:18:26,traveloka
5dc070a3-27c1-49ce-abda-af45e724c6d5,sukses terus,5,2025-12-05 13:59:03,traveloka
07be090c-473e-44c8-a115-ee72426977e3,good aplikasi,5,2025-12-05 13:38:30,traveloka
6e6f6f3a-fad6-411b-8c43-4baf317059bf,terimakasih untuk traveloka,5,2025-12-05 12:19:53,traveloka
a7036bef-dc47-4d05-ad54-f5f9a1ad377d,bagus,5,2025-12-05 11:49:37,traveloka
2976a6d9-ddfd-46ae-8f5c-fb86535ca554,good,5,2025-12-05 11:01:50,traveloka
6f8025fa-c6b5-414e-83ad-a4264df137d4,Baik,5,2025-12-05 10:47:43,traveloka
ba571b38-da9f-42db-ae15-4c8d349a5ec2,bagus,5,2025-12-05 10:31:27,traveloka
1bd89bfc-bc4b-495c-9234-5cbee96c2f63,mantap,5,2025-12-05 09:40:05,traveloka
de74fe9c-62da-4b34-b39a-8a898e1245b9,bagus,5,2025-12-05 08:55:09,traveloka
41b46981-6fe2-4d19-a216-5697ed0e1ecc,good,5,2025-12-05 07:53:31,traveloka
f56ad3ae-7b4b-4911-90c5-7fd236da681b,terbaik,5,2025-12-05 06:46:42,traveloka
441a7f34-5aef-404b-afdb-b0d8f789ab5a,"saya memang jarang menggunakan aplikasi ini , tetapi setiap menggunakan aplikasi ini, selalu lancar",5,2025-12-05 05:25:48,traveloka
5b686151-7f60-4c58-806f-74c6b900f6f9,mantap,4,2025-12-05 02:19:06,traveloka
94d930ff-a8ba-43b2-906a-4204d5d91787,sangat membantu sekali. terimakasih Traveloka,5,2025-12-05 02:00:50,traveloka
f04f25fc-920c-4fe3-b78c-86957ca7fdfa,oklik,5,2025-12-05 01:03:19,traveloka
cf104d4f-a38a-4337-a2a5-3a2eaab4adcf,"chek in online lemot parah kalau dekat waktu, siapa yang dipioritas kan sebenarnya .",1,2025-12-04 23:11:59,traveloka
3a455676-8faf-4f91-808f-419299031c81,mantap pelayanan nya,4,2025-12-04 22:26:56,traveloka
ea1c06b6-3181-4c86-ab74-8f256696e5e9,pelayanan bagus dan menarik promo,5,2025-12-04 21:57:35,traveloka
21827005-1f80-4c87-bbf7-6eb739178387,ok,5,2025-12-04 21:45:18,traveloka
bdfd7f5c-8b87-4dbd-b491-f45ed31e3206,ok,5,2025-12-04 21:16:10,traveloka
c74d23fe-def9-4964-9367-335ff0e0852f,harga murah,5,2025-12-04 21:04:41,traveloka
99feaa60-5412-4326-ab24-2edcceebf3d7,Harga Tiket Bersahabat,5,2025-12-04 20:08:41,traveloka
0b6f9ebb-1b80-445c-91c3-c547c4fcd5bc,"kecewa, voucher hotel saya dibatalkan sepihak, alasannya hotel penuh, saya tlpn hotel masih tersedia banyak roomnya, terus hub CS tuh, eh disuruh pesan ulang, enteng banget jawabnya, padahal harga sudah hampir 2 x lipat naiknya",1,2025-12-04 18:53:18,traveloka
263717ab-87cf-4366-989b-1c4365b7154c,excelence,5,2025-12-04 18:50:40,traveloka
809c4b32-5750-4918-ab91-1bce9df41915,ok,5,2025-12-04 18:43:22,traveloka
2dcac3a3-f286-4595-9802-aadffb53f7eb,kasih murah2 dong tiket pesawat pilihannya ke seluruh indonesia he.e.e mksh.,5,2025-12-04 18:41:17,traveloka
c91d7507-7fe8-4a6c-87a8-91eed7bd0dfe,bgus,5,2025-12-04 18:36:56,traveloka
26608191-fd41-41e0-85dd-d7ded1f7d6d9,Traveloka sangat membantu dalam bepergian atau dalam perjalanan. Namun ada baiknya untuk penukaran poin bisa menjadi uang cash.,4,2025-12-04 18:06:11,traveloka
d8f6b607-0758-4277-84c5-74c98207dbea,mantap,5,2025-12-04 18:05:38,traveloka
e6be6a37-1353-4133-a3c0-e4cb85fff0b4,memudahkan setiap keperluan,5,2025-12-04 18:05:25,traveloka
03fa22eb-0dd6-4403-adbf-84e10020644a,sangat baik,5,2025-12-04 17:50:09,traveloka
e4f3809b-c596-4003-92e5-ac4fe2a1a6d1,Kerennn,5,2025-12-04 16:56:05,traveloka
9f649f44-de5b-4527-8ab4-ae0434d844e0,keren,5,2025-12-04 15:48:06,traveloka
895b4903-1b1f-41cf-85ed-e8691cf5f3ff,mudah dan cepat,5,2025-12-04 15:41:32,traveloka
d11d3a90-084b-48e5-a849-e16fdc7b097d,mantap... terimakasih,5,2025-12-04 13:32:30,traveloka
cbb89e8b-3c76-4505-b0bb-dbce5ba88e8b,cepat dan mudah,5,2025-12-04 12:53:01,traveloka
5a079dfa-2cf3-467f-a7e7-250113670e62,cepat dan mudah apk nya,5,2025-12-04 12:46:53,traveloka
cb670ceb-2fa9-4880-90d1-72e973456ce6,aplikasi mantap,5,2025-12-04 12:38:14,traveloka
190a6987-a408-4dcd-8861-71c9b2b50f17,sangat memuaskan untuk smua transaksi,5,2025-12-04 12:22:49,traveloka
034820c2-0607-425d-ab44-448f1c8fcc87,"PERINGATAN!!!sengaja kasi bintang lima biar di lihat. hati hati jangang tergiur dengan kata bisa RESCHEDULE di pesawat scoot penerbangan jepang jakarta. harganya bisa lebih mahal dari harga tiket aslinya, dengan alasan biaya maskapai.",5,2025-12-04 12:13:30,traveloka
94a8ab31-3fed-4b9a-8845-d31af9c4f271,layanan bagus dan proses cepat,5,2025-12-04 11:42:54,traveloka
e3fa6631-28ff-4005-a102-a754512bdbc3,tolong data saya jangan di salahgunakan . pengajuan Tpaylater saya ditolak .,3,2025-12-04 11:38:30,traveloka
2e38afb1-48a3-4d07-8b61-7e30334adb67,terbaik Traveloka 😊,5,2025-12-04 11:16:03,traveloka
6e440328-6826-4963-8475-4877bbfa7866,responsif,5,2025-12-04 10:55:32,traveloka
b0e4843b-e374-4752-a0af-0d21c69f92dc,Traveloka kerenn,5,2025-12-04 10:29:59,traveloka
ecb9bb96-2a47-4365-a7a6-d39473cb9cbb,"Ada limit paylater gabisa di gunakan, aneh kalo gitu gaperlu di kasih limit sekalian",2,2025-12-04 09:35:56,traveloka
da297285-6f2c-4575-8ea9-0f0ab8392c06,baik,5,2025-12-04 09:32:15,traveloka
e2041fec-e43e-4749-9b97-ba62ce86052b,cepat dan nyaman,5,2025-12-04 09:23:27,traveloka
94cb7c60-0615-415b-88d9-491d25edff2f,"transaksi apapun lebih mudah dan proses refund cepat ,,, mantapp",5,2025-12-04 09:15:36,traveloka
6e02ccbe-eaa1-4d32-8776-834a06ac8cd1,sangat membantu dan mudah,5,2025-12-04 09:05:50,traveloka
e26fa081-9b42-493c-af34-e0bc9ba95d66,aku yg jarang pesa tiket jdi bisa.mau lihat no kontak buat komplen di mana ya?,5,2025-12-04 08:57:29,traveloka
9f43bbdf-9bfb-4c22-97ea-eea65061bf24,baik,5,2025-12-04 08:36:45,traveloka
c3ee36d7-ac99-4d6b-931f-3d385f62026e,ok2.. ok.. ok dah,5,2025-12-04 07:37:30,traveloka
8d2f37a5-e2cd-483a-8666-f8f71408cea4,mantap,5,2025-12-04 06:37:03,traveloka
e45497e8-620d-40f6-9f0c-3d1c5d715e5f,good,5,2025-12-04 06:26:46,traveloka
2c6dbd15-6d13-4fbf-b60b-8396353304dd,memuaskan,5,2025-12-04 03:27:33,traveloka
20d142ed-f091-4892-90da-5387926d0fb8,nice apk,5,2025-12-04 03:08:25,traveloka
f5f08e55-ba95-48db-b979-4e91f75050f4,tolong jgn salah gunakan data pribadi sya terimakasih penolakan nya,2,2025-12-03 22:47:30,traveloka
cd1af8ef-2673-4aa8-8098-8597da9b77f6,terbaik,5,2025-12-03 21:58:03,traveloka
6f854c84-c205-41dd-a10d-7bfceedc5800,ok joss,5,2025-12-03 21:07:44,traveloka
2acdb718-51e0-4886-97bf-59a65e875c2b,Sangat membantu sekali 👍😍,5,2025-12-03 20:42:47,traveloka
46f19376-ef08-4013-8e21-41ec80e2f0da,oke,5,2025-12-03 20:26:17,traveloka
2fe365db-11e7-4942-b5a1-f4940b67ea84,mantappp,5,2025-12-03 20:04:42,traveloka
ed667956-3489-45bf-9759-90a862bdf165,fast process n more option hotel. tq,5,2025-12-03 19:18:27,traveloka
851b54e8-945f-4fdf-a031-23981b623f86,Bagaimana cara Beli HP via Traveloka Paylater.,5,2025-12-03 19:11:23,traveloka
189631e7-6c6e-406f-82aa-d285a42c186b,bener2 dah ni aplikasi level diturunin mulu padahal limit banyak sampe kosong diturunin.. kalo gak niat ngasih paylater jangan kasih donk. padahal make dah 5tahunan langganan tapi makin kesini makin aneh aja.,1,2025-12-03 18:52:47,traveloka
65e14ceb-a507-4158-be10-3aa61a088be3,affordable,5,2025-12-03 18:03:34,traveloka
8d9f0cd3-be81-430a-83d3-e8569ce65831,mantap,5,2025-12-03 17:46:37,traveloka
0b33e7fa-7401-4cdc-b709-dce1ff16d13b,toppp,5,2025-12-03 17:43:48,traveloka
d75be612-4432-44bd-bb90-42df5fdd2a27,mambantu,5,2025-12-03 17:20:27,traveloka
02c80cea-58a5-4ddd-a147-414cf204e436,praktis,5,2025-12-03 17:16:11,traveloka
96146a86-6b83-4216-b411-46b9fa73c7b6,bguss,4,2025-12-03 16:57:45,traveloka
156a6528-0d59-466f-b54a-487a933b7afd,cukup baik,4,2025-12-03 15:32:33,traveloka
378b2507-9bac-41b7-82b8-409b70301580,Cepat dan akhirat terimakasih Traveloka,5,2025-12-03 15:27:02,traveloka
08e7ca97-4591-4415-8770-e64983a3b264,Traveloka Keren,5,2025-12-03 14:50:51,traveloka
acf960e2-41e3-42c0-a4cf-048523dae4cf,TIDAK ADA RESPON SAMA SEKALI CS NYA.,1,2025-12-03 14:31:47,traveloka
9441d581-27ad-4157-9f86-032b3ebba16b,Lebih mempermudah dalam proses pemesanan tiket pesawat.,4,2025-12-03 14:30:46,traveloka
3c03992a-e68e-452e-8360-d2a82efc7c02,ok,5,2025-12-03 14:19:02,traveloka
aac15fad-009b-4f1b-8fe8-c42bd34babaf,susah hub cs dan delay received otp perubahan pin/password,2,2025-12-03 13:59:32,traveloka
2779853a-be4e-4486-bda3-828af0cc8683,trimakasih,5,2025-12-03 13:39:44,traveloka
3728aa58-bb4b-4540-821a-22f070dcc081,semoga layanan terus ditingkatksn,5,2025-12-03 13:11:59,traveloka
461bd0cf-ad2b-4f85-913a-a5c59946e6ee,terbaik,5,2025-12-03 12:39:01,traveloka
49a79cfa-4961-4655-bf1d-4f18842be16d,memuaskan,5,2025-12-03 12:25:56,traveloka
57a9d60c-912f-470a-8267-5c1cd3ce3877,goddddddd,5,2025-12-03 12:14:42,traveloka
b264d283-a70b-4383-a3fb-6095bb42255d,sulit untuk pengebalian dana atw atur ulang jadwal,1,2025-12-03 12:08:52,traveloka
f51b7ba8-e6b0-4ed7-9f3a-62ec24c8b786,bagus APK nya tpi waktu daftar Tpaylater susah verifikasi wajah padahal sudah mengikuti intruksi nya,5,2025-12-03 11:53:06,traveloka
082505f3-c58b-4eb5-9300-1cbf68dbd5d2,terbaik,5,2025-12-03 11:47:38,traveloka
3bc14ce0-b56f-45ae-89c7-631e13006239,"sangat mudah ,cepat ,sangat membantu sekali",5,2025-12-03 11:32:01,traveloka
3c2a5762-81fd-43d7-b43d-fa0f6f50f379,traveloka sangat membantu bagi petualang,5,2025-12-03 11:01:25,traveloka
063aa255-9241-4e1b-956c-b58273200217,ok,5,2025-12-03 10:17:46,traveloka
a4ddcef9-6c83-4f98-9219-a3f459973668,terbaik,5,2025-12-03 10:17:15,traveloka
0d7f9660-fab9-4a99-8466-3d4e02726c6c,ok,5,2025-12-03 10:16:06,traveloka
b316f1e4-b14c-4821-a58c-de09f7d05298,aplikasi ini sangat mudah di gunakan banyak voucher nya,5,2025-12-03 09:54:21,traveloka
93148277-c752-419b-9cad-ec2b15d1b75f,nice,5,2025-12-03 09:52:11,traveloka
c1834c37-fffd-4068-9196-762523021748,terbaik,5,2025-12-03 09:24:08,traveloka
003a3ca4-368c-49bd-ab19-92441dd4862c,akun tidak dapat dipakai. Poin dan membership tidak berguna.,1,2025-12-03 08:56:43,traveloka
4ce444f1-3e1c-4f4e-9354-650c5bd098d9,keren,5,2025-12-03 08:03:38,traveloka
e6bbc5c6-f40e-4c58-b02a-ec12e7af8af0,kemudahan urusan,5,2025-12-03 07:40:30,traveloka
36a9ed23-f8aa-4207-94b9-5cce88996f84,pilihanku traveloka🥰,5,2025-12-03 07:19:45,traveloka
2b447d00-3811-43fe-a54a-51e9e53675de,ok,4,2025-12-03 04:55:56,traveloka
58f31c3e-f2ba-4429-ae59-3c7ee94414e1,penagihan traveloka latternya pakai ancaman telpon dan wa. percuma bilang diawasi ojk tp yg menagih tidak paham aturan larangan menagih dg ancaman. jika ancaman itu dilakukan saya juga akan melaporkan secara hukum pidana dan gugatan perdata. utang piutang malah lari ke pidana. tolong yg nagih di bilangi dl. dlm akad utang kan udah jelas akan dikenakan denda setiap keterlambatan. tidak pakai ancaman dalam bentuk apapun,1,2025-12-03 04:40:26,traveloka
9dd58014-7382-4459-a6ae-68ff4e64d145,memudahkan membeli tiket dan boking hotel 🥰🥰,5,2025-12-03 04:13:44,traveloka
504ea886-3fe0-4d81-9d85-96763cd513b6,"alhamdulillah, aplikasi yang banyak membantu perjalanan kami selama ini",5,2025-12-03 04:02:46,traveloka
abffa81e-f7cc-402d-9d12-97fbbba3b1b3,good jobs,5,2025-12-02 23:46:31,traveloka
1d946483-41a0-4f53-b280-8dd4137a38e3,sangat bagus,5,2025-12-02 23:39:51,traveloka
31fe9659-8146-4928-8e48-5167b71d6e9a,sangat di rekomeendasikan,5,2025-12-02 21:31:42,traveloka
a8efcf00-6151-4319-8e0d-df9edf90bb2e,proses refund pun ga pake ribet,5,2025-12-02 21:21:15,traveloka
aadc0646-1e6f-4777-aed2-7ad0affe5f85,paylater bosok ae promo promo,1,2025-12-02 20:45:23,traveloka
02b9f726-27fa-4c3a-b3b6-b4e18b81a1be,good,5,2025-12-02 20:13:03,traveloka
c7ad5a64-0d1a-4fd1-9eb9-c79cb0fc4783,membantu,5,2025-12-02 20:02:37,traveloka
dfba3843-1729-4023-b52e-53e4871bb273,membantu sekali,5,2025-12-02 19:53:38,traveloka
91745843-c40f-4e94-9b4d-5c23b297978f,sangat membantu 🥰🥰,5,2025-12-02 19:42:20,traveloka
6efa0a10-29d8-43da-9b39-192ae2c5c5d1,mantap,5,2025-12-02 18:58:36,traveloka
6fb77d90-c108-4485-8151-a1f6396b2e69,barokah,5,2025-12-02 18:46:42,traveloka
b24c3372-e250-4d69-aa49-acd3bf12b951,beli tiket di Traveloka bisa lebih murah dari loket8,4,2025-12-02 18:43:39,traveloka
5d6b0dea-b75d-4d82-8460-7877d5a1f907,tpaylater di blokir tanpa sebab. Gk ada tunggakan ataupun telat bayar. Jawaban cs dan email gk guna. Payah.,1,2025-12-02 18:33:39,traveloka
a22f220d-a046-47fe-80c6-1175f541f7b3,memudahkan dalam perjalanan dan pengalaman.,4,2025-12-02 17:30:13,traveloka
e607db8d-e9a6-4533-8ca8-9bd84af6370f,mantap,5,2025-12-02 16:39:54,traveloka
7d95d948-bbec-4f1d-885c-89748616d1ba,Alhamdulillah... saya membantu,5,2025-12-02 16:10:21,traveloka
1c5f9e5b-df3e-40b8-b94e-55627bcef5a0,jelek harga tiket mahal,1,2025-12-02 15:55:43,traveloka
19ab76c4-09b3-4156-84ed-42fcab9747ef,goodluck,5,2025-12-02 15:22:32,traveloka
240f91e2-6f2f-43dd-a4cd-923b11aae204,bagus,5,2025-12-02 14:18:02,traveloka
4147d392-8ce8-41e9-81e5-a4b4dd01f2a8,ok,5,2025-12-02 13:35:42,traveloka
da6c410f-a12e-4258-95b2-a96cc86c3b4c,sangat memuaskan,4,2025-12-02 13:35:02,traveloka
422a9f08-7e3b-4d16-8d5b-5b649e72a2cd,alhamdulillah... selalu memuaskan dg traveloka,4,2025-12-02 13:18:15,traveloka
60c865e8-ca3e-49bd-925d-5a66724081ff,selalu membantu dalam penhelolaan perjalanan dan liburan,5,2025-12-02 13:10:05,traveloka
55c2f6e8-fae1-4646-b0f0-5115a2d7ecab,baik,5,2025-12-02 12:23:39,traveloka
1e3c2ad4-540c-490b-ba6f-f2dd59407713,mudah gampang digunakan dimana saja dan kapan saja,5,2025-12-02 11:07:46,traveloka
8c46dfac-599e-4959-bdf2-cc14b5224353,semenjak ad payletter dr traveloka buat liburan n mudik2 jd lebih gampang booking hotel n pesawat ya terimakasih traveloka,5,2025-12-02 10:32:29,traveloka
d3adf947-0c53-469b-a941-2d45623124d6,"limit paylater gede, level pun sudah 5 tapi paylaternya ga bisa di pake qkwkwkkw aplikasi aneh, gausah kasih limit klo ga bisa di pake!!!",1,2025-12-02 10:02:47,traveloka
1b6490a6-63e5-4c73-8361-73611fd09fa7,terbaik,5,2025-12-02 09:30:25,traveloka
1049d5e5-2407-4ede-8c02-95a6c77709b6,"yang ditanyakan soal kebijaksanaan eh dijawab tentang kebijakan, padahal ga semua permasalahan dapat dijawab dengan bahasa prosedur. harus di follow-up ke bagian tertinggi diluar pengetahuan dari seorang customer service",1,2025-12-02 08:16:01,traveloka
44546578-de6b-44ae-aa1c-61ac18ee16e6,keren,5,2025-12-02 08:14:37,traveloka
411e1b09-aa0d-4a6c-89b4-f362619271d4,mudah dan cepat brovo traveloka,5,2025-12-02 08:07:51,traveloka
b0ce8d99-e20e-4c9c-8bd7-bd97e76779b4,bagus,5,2025-12-02 07:58:22,traveloka
f237e296-66ce-4561-a5b9-66aa6d263cff,mantap,5,2025-12-02 07:22:40,traveloka
9a9f2dde-2bb8-44ef-a3d0-535682d7a631,Terimakasih,5,2025-12-02 06:51:13,traveloka
a2a8d2a0-a19a-4731-838e-e16a28aa8137,"JANGAN MAU PAKAI TRAVELOKA TAGIHAN DI LUNASI SESUAI TEMPO TIDAK PERNAH TELAT MALAH GABISA DIPAKAI LAGI, LIMIT TIDAK BERKURANG. AKAN SAYA INFO KE GROUP FB JANGAN PAKAI TRAVELOKA. LEVEL GAMPANG TURUN PADAHAL JATUH TEMPO MASIH 3 MINGGU LAGI, GILIRAN DI LUNASI LEVEL TIDAK NAIK & LIMIT HANYA PAJANGAN. JANGAN DI DOWNLOAD DAN AJUKAN TPAYLATER NYA GUYS . DARIPADA SIA SIA BAYAR TAGIHAN TEPAT WAKTU TAPI LIMIT GA BISA DIPAKAI LAGI DAN LEVEL TURUN MENDING GALBAY AJA. #sangat kecewa",1,2025-12-02 06:25:33,traveloka
17650c09-9d4e-44fa-a005-65ab0ab3f5db,untuk ditingkatkan yang lebih baik lagi sesuai zaman,5,2025-12-02 06:01:44,traveloka
301fd60b-528e-4b50-87af-0aa9d80403bf,mudah di akses,5,2025-12-02 05:41:31,traveloka
956d7d11-bb97-4d0f-9737-0c0f4bd56cd7,pelayanan yg sangat membantu,5,2025-12-01 23:00:28,traveloka
55731f29-d5bb-4a11-aeb9-0c4e632134f0,sangat mudah dan membantu tidak di persulit,5,2025-12-01 22:24:20,traveloka
b4eb9673-7fcf-4590-9905-db08efed28f2,bagus,5,2025-12-01 22:19:30,traveloka
98f38e49-bc2c-4fd6-860b-dd6fb0b6ed1a,"pemberitahuan reschedule penerbangan berubah"" tidak jelas dan tidak ada pemberitahuan lewat pesan secara tepat, dan menyebabkan kebingungan, alhasil pelanggan yang disalahkan, yang jelas ini adalah bentuk penipuan. sangat mengecewakan, bukannya membantu masyarakat yang ada malah menyusahkan.",1,2025-12-01 22:10:33,traveloka
85fa03c4-91b4-460d-acbd-241411fbce92,Good,5,2025-12-01 21:43:22,traveloka
1030076d-d444-40e3-9144-4b7056b45ac7,best,5,2025-12-01 21:29:12,traveloka
bdb58479-9d06-4e09-b634-4d3335c8813f,baik dan cepat,5,2025-12-01 21:21:08,traveloka
d24911a4-0a64-4f76-a8be-1bde69b6cecb,👍👍👍 sangat baik,5,2025-12-01 21:20:57,traveloka
04c9d3e0-4d0e-450a-b224-f87df4e143ee,sangat membantu dalam perjalanan,5,2025-12-01 20:15:33,traveloka
64948688-3a68-4d40-b15c-b80bfad24d58,"rumit dan menghubungi cs susah, tolong. diperbaiki kembali layanannya",2,2025-12-01 18:26:47,traveloka
ad2db325-4fe1-40e1-b129-a496457304ec,Respon cepat dan recomended,5,2025-12-01 17:42:00,traveloka
dc124868-e74d-4312-9bf7-48aebe97eb5d,app terbaikkk kaya ga ragu lagi pakainya. besok aku review ulang pas pakai sama pasangan,5,2025-12-01 17:39:08,traveloka
2292142b-1b7b-4dc2-a1ac-4232528d999d,top,5,2025-12-01 17:25:08,traveloka
42ed0088-976d-47c6-9afa-c9248415ed5e,good,5,2025-12-01 16:02:47,traveloka
cfd79ac0-3432-49aa-9031-163d5d44b171,mudah beli tiket,5,2025-12-01 15:09:57,traveloka
f9a93fab-c3ef-486a-a143-9eb1b3920e51,layanan baik.,5,2025-12-01 15:08:22,traveloka
ec12e3f6-a61a-4df7-8bcc-9f9668d54b7d,keren,5,2025-12-01 14:55:01,traveloka
dd83c27d-d3b6-4b28-a46a-adc880eb8ab6,sangat baik,5,2025-12-01 14:53:21,traveloka
2ecdc082-b29a-44a7-8208-bfb8d0bd3268,sangat baik dan simpel,5,2025-12-01 14:15:33,traveloka
bb31c193-645c-473c-a327-56d12af67357,baik,5,2025-12-01 13:47:55,traveloka
18facb0f-a2ee-4054-a247-4ce808a61843,Banyak promo,5,2025-12-01 13:43:33,traveloka
be611532-db94-41f7-a480-29de926e34f4,Saya pengguna T-paylatter yang setiap pembayaran tidak pernah terlambat dan selalu tepat waktu belum lama dipake tapi malah turun level kan aneh Gimana cara penilaiannya ?,1,2025-12-01 13:34:35,traveloka
d1b5a0af-be42-48b9-9218-c502ccb20f1c,baik,5,2025-12-01 13:12:02,traveloka
779dab49-22c8-42d8-b36a-00b1306cfe7f,selalu lah bertahan utk melayani konsumen.,5,2025-12-01 13:06:13,traveloka
dedfd793-f47c-4231-af47-f84ca014cbf3,top banget,4,2025-12-01 12:53:35,traveloka
7326b33c-4319-4fb3-95b9-0b1b50180c49,sangat membantu,5,2025-12-01 12:24:34,traveloka
6180d3a9-fff3-4ca3-81c9-a8023cfd7aca,good choice,5,2025-12-01 12:16:48,traveloka
e326140d-6a1e-4fd0-b4fa-cf81efe1a098,udh totalitas pkai treveloka bertahun2. namun gak ada reward. kacau.,3,2025-12-01 11:57:31,traveloka
1da68d9f-b1d6-4a1e-80a6-b2bb927d356e,good,5,2025-12-01 11:56:22,traveloka
6e6e47d2-82bb-4f45-90e2-ad71ca801177,aplikasi sangat mudah &cepat trimakasih Traveloka semoga semakin jaya😁,5,2025-12-01 11:39:03,traveloka
3edffa03-e83f-4c77-ac07-b69db8398ebf,"selalu merasa terbantu, semoga selalu membantu, dan makin memudahkan 🙏",5,2025-12-01 11:16:17,traveloka
d95909f9-d0e8-44be-8327-ced1dd1334bd,TRAVELOKA TAI,1,2025-12-01 11:00:26,traveloka
ca1ebd8e-f4f1-4510-add0-c4a4e4776fb3,mantab,5,2025-12-01 10:47:57,traveloka
8398194c-cdde-4874-89a3-70fff31feebd,good,5,2025-12-01 10:43:42,traveloka
282bddb0-d914-4c96-a093-9d72fa261a12,mantap,5,2025-12-01 10:29:00,traveloka
31c837e9-078c-42e2-8e31-17515f605b07,ok untuk pesen hotel,5,2025-12-01 10:24:41,traveloka
a9bc37cc-54b4-4bd8-a4b6-a90d45d792da,"Mudah, asik dan worth it",5,2025-12-01 10:04:27,traveloka
ff78692f-7f32-44da-844d-abafa6be62ce,bravo,5,2025-12-01 09:45:44,traveloka
9a7b575d-97bf-4c2f-b19c-896a81a40bfc,baik,3,2025-12-01 09:40:19,traveloka
6d723cc9-3bd1-4d67-8712-3088cf3928ff,bgusss,4,2025-12-01 09:28:17,traveloka
a7242e81-54e6-4904-8970-fa02f4ed761a,mantab,5,2025-12-01 08:58:35,traveloka
92cb36f7-531f-4177-8444-4f1a7312c718,Penanganan Lama,1,2025-12-01 08:15:43,traveloka
19fbbaee-b25a-438e-9bc8-264573d64779,👌🫰,5,2025-12-01 06:48:55,traveloka
98c4b263-94bf-413c-a89b-8f71475a467e,mantap,5,2025-12-01 05:19:51,traveloka
2de5bcd5-60fa-4268-b479-a964a4516ed2,Aplikasi yang sangat muda cepat dan sangat membantu,5,2025-12-01 04:43:22,traveloka
3519c1be-6f71-4f8f-a3db-feecf0daf95c,"layanan lancar dan tidak mempersulit, terimakasih. dibuat sederhana",5,2025-12-01 00:46:01,traveloka
a5f61081-5a13-411d-9996-07ca0bafa45b,keren,5,2025-12-01 00:14:54,traveloka
24b719a1-9294-4229-ab68-381ba186315b,mantap,5,2025-11-30 23:14:00,traveloka
53723a77-5c7c-40f1-bed7-dab1a1983394,mantap. segala lebih mudah,5,2025-11-30 23:06:29,traveloka
5b569a5f-0421-405f-a78f-e42193235647,bagus,5,2025-11-30 22:54:32,traveloka
1c29f2ac-d8a3-4664-b266-642662573e82,gak bakalan nyesel downdload traveloka sangat sangat memuaskan pelayanannya sangat responsif sigap di saat ada kesalahan tgl pemesanan ..gak pakai lama langsung di tindak lanjuti team traveloka memuaskan deh pokok nya,5,2025-11-30 22:34:20,traveloka
6891ceb4-0443-47dd-bd05-79aa694e04dc,selalu nyaman dengan traveloka,5,2025-11-30 22:05:00,traveloka
59d6145d-08d3-4957-8554-9d5ef678f1ea,bagus,5,2025-11-30 21:49:56,traveloka
a3eb55c7-a526-4ef6-a468-1d7bd543591a,Traveloka Sangat membantu dan is the best,5,2025-11-30 19:51:42,traveloka
6d3c96fa-88c1-40e2-a276-7f57702c30b9,sayang banget paylaternya di blokir tanpa sebab.,5,2025-11-30 18:59:52,traveloka
2593e876-db7a-44a8-b5a9-c6f1c78d28d1,mantap,5,2025-11-30 18:39:43,traveloka
5259f1bf-b797-4450-b6da-fb75b6ac2dd9,baik,4,2025-11-30 17:59:20,traveloka
5bae27b4-cda9-47df-9173-8c9332266af4,"Trimakasih Traveloka, udah banyak membantu saya.",5,2025-11-30 16:10:56,traveloka
b9f7e4f8-dd96-4848-8fc5-d36bd6ce7f8e,pkok nya traveloka segala bisa.. mantap,5,2025-11-30 15:42:35,traveloka
3971d504-0e71-4fcf-a8db-cb7129be9a77,"tiba-tiba log out sendiri, giliran mau login malah gangguan terus. coba urus dulu sistemnya yg bener",1,2025-11-30 15:30:21,traveloka
63cc5b66-86f9-4106-817c-e141bcd8b67e,sudah berlangganan lewat traveloka terpercaya..,5,2025-11-30 15:24:52,traveloka
2008ff6d-2b9c-40ba-8eb8-f592022efc72,pesan tiket..dll...gk ribet saya sdh hampir 10 taun pake traveloka...mantap boskuuu...,5,2025-11-30 15:15:10,traveloka
6be190fc-a8c2-4ae2-b54e-74b2ae53585d,Alhamdulillah akhirnya bisa beli tiket ke solo terimakasih Traveloka,5,2025-11-30 13:55:25,traveloka
927211ae-b8b4-48f4-88b0-5bfff2958f1b,Trusted and recomended,5,2025-11-30 12:21:46,traveloka
f92b25c2-e82c-45f7-b709-dd1f7c1783e2,"mudah,banyak promo nya, dan nyaman,terpercaya",5,2025-11-30 12:11:45,traveloka
4821dddf-4f17-4ea4-843f-bde6e5804716,Traveloka oke,5,2025-11-30 11:44:02,traveloka
273ec819-28aa-4a0a-8593-7eac9fbe2d18,good,5,2025-11-30 11:29:50,traveloka
b7d92a38-7c24-46df-9c0b-6d83546eb879,bagus,5,2025-11-30 11:23:31,traveloka
19f0f835-e8b5-41b5-88e0-e2829b49058e,gak pernh kecewa sama traveloka banyk promonya dan dipermudah segala aktivitas. thank you traveloka,5,2025-11-30 10:54:42,traveloka
a0e64b8e-3e53-4ce9-a436-4fe0a188dfa0,Sangat bagus,5,2025-11-30 10:15:48,traveloka
a3ffd501-1d11-488f-b435-6a39a17a023e,"traveloka sangat berpihak ke mitra bukan konsumen. saat proses refund, siap2 uang anda kepotong. padahal yg bermasalah itu mitranya sehingga terpaksa refund. bukannya dpat kompensasi malah dipotong ga jelas. hati2 mending pake aplikasi lain yg mampu berpihak ke konsumen.",1,2025-11-30 10:12:24,traveloka
6f0d0f8f-8d92-4fd6-9589-d3ce595cd635,"mempersulit, sekali ini saja saya beli di traveloka, its very very bad ...",1,2025-11-30 09:07:33,traveloka
7913b8c5-1356-4549-ac2c-29651cab4686,mantap,5,2025-11-30 08:58:01,traveloka
180bce57-28d6-46bb-bb02-0f0e3d0eb5b2,"suka banget pesen disini,udah murah cepat dan praktis😍😍",5,2025-11-30 08:29:43,traveloka
0c4fa75e-4f55-4f4b-8dc4-253cb4c669c3,sangat suka 🥰😍hotel dan pesawat memudahkan saya untuk pesan denga pay later,5,2025-11-30 08:13:28,traveloka
ac7c0a72-f40f-4323-ba4c-74a6fddec30d,kereen limit cepat naik selama kita bayar nya benar,5,2025-11-30 08:03:50,traveloka
3c28f2a4-6cc2-40b6-88cc-d8335c03cea7,recommended,5,2025-11-30 07:23:55,traveloka
7c1bad2f-ca25-48f5-b7b4-35b4b8c3f913,baik terimakasih,5,2025-11-30 06:13:35,traveloka
d4e3d86c-b82e-4bbc-833a-e0afba8c042d,membantu sekali utk bepergian mulai beli tiket kereta booking hotel jd lebih mudah,4,2025-11-30 03:59:10,traveloka
a07769df-47c8-4ca0-8962-306200ae5c4d,"Traveloka sekarang semakin terbaik untuk aplikasi traveling semua system nya sangat jelas dan sangat mudah untuk di gunakan setiap kalangan mau muda atau tua, pokonya sukses selalu buat Team Traveloka",5,2025-11-30 03:05:24,traveloka
676df5db-5c40-4839-80ea-eef8609edf06,real good apl.,5,2025-11-30 02:43:14,traveloka
631bf6bb-51fe-4598-924f-c4ab578af0ff,Tiket dibatalkan oleh maskapai tapi pada saat mau refund traveloka malah eror sangat disayangkan. padahal saya sudah pengguna lama traveloka. tapi kali ini sangat mengecewakan,3,2025-11-30 01:35:48,traveloka
1c3cb300-2e11-4f8f-988d-49c1f02c531f,"punya kredit limit (alias limit mencukupi)tapi tidak bisa melakukan transaksi, jadi percuma saja ada kredit limit tapi tidak bisa digunakan sehingga kurang nyaman dan lbh menggunakan aplikasi lain belum lagi aplikasi sedang alami down server",1,2025-11-30 00:31:14,traveloka
75c786fb-3285-47a9-a4dc-00029418eca9,"banyak promo, kemudahan bertransaksi",5,2025-11-29 22:12:21,traveloka
af267707-6596-44e4-ade5-12622f842646,adanya aplikasi ini sangat membantu dimanapun berada. tinggal cari Lang sung ada pokoknya mantap,5,2025-11-29 21:42:10,traveloka
d2a85279-3650-41d4-92e7-212dc08fbcd0,bikin hidup lebih mudah,5,2025-11-29 19:36:18,traveloka
0284a861-0cd5-421b-9446-d05e42db913e,susah tidak bisa reschedule atau refund,1,2025-11-29 19:06:40,traveloka
6231fbc8-9d28-4172-abec-ba30c9d33a7e,sangat bagus,5,2025-11-29 19:00:52,traveloka
0d79cd23-4ad2-4a1e-8955-c7e36169c982,mudah cara pemesanannya...,5,2025-11-29 18:08:26,traveloka
29f1b96c-5afb-4b5f-b398-3c7581118390,keren,5,2025-11-29 17:21:07,traveloka
9b9fb09c-df6d-4bed-8f67-a6306beabd99,keren Traveloka,5,2025-11-29 17:17:30,traveloka
ba82c520-00de-4175-a572-a08e165c0ceb,mantap betul,5,2025-11-29 16:35:14,traveloka
4c177994-39e0-4166-b997-316347c1605c,sangat membantu,5,2025-11-29 16:34:15,traveloka
a4c1edb4-44db-4bb6-b93c-e6af900b535e,pelayanan bagus,5,2025-11-29 16:21:21,traveloka
d260d9cb-7f5e-42d5-ada1-6544be039174,"Banyak penipu di traveloka, udh pesan kamar, pas di datangin malah ga Terima transaksi lewat traveloka, uang saya melayang 165rb, minta refund ga bisa apk jelek",1,2025-11-29 15:39:17,traveloka
65806192-d39f-4087-911c-39e38323b799,baik,5,2025-11-29 14:49:47,traveloka
b4dd88c6-0316-4c08-b988-eaec83bcfc45,bagus,4,2025-11-29 14:37:58,traveloka
df8de6ce-1b47-424d-870c-50d0f9030a44,mudah penggunaaannya,5,2025-11-29 14:06:15,traveloka
5ee859e9-1cc9-4b49-adba-ee0f4760fb9c,memudahkan dalam perjalanan,5,2025-11-29 13:51:29,traveloka
7ec9f832-d391-4021-b51d-26152877103a,aplikasi yang sangat mempermudahkan perjalanan dan sangat membantu.trima kasih Traveloka,5,2025-11-29 12:48:49,traveloka
938705fb-5176-4e91-8770-74e090017b3f,"Traveloka the best banget, thank you",5,2025-11-29 11:29:55,traveloka
e1a6d97e-99ae-499c-aa4b-990188350867,keren,5,2025-11-29 11:07:13,traveloka
0d6c157d-208e-472a-b313-4f6500c9d756,alhamdulillah,5,2025-11-29 10:40:14,traveloka
d6931fd8-88af-4139-84ae-ffec0272f7fd,sangat membantu,5,2025-11-29 10:38:01,traveloka
cc8d661e-6e58-403d-a896-81a604ac76d3,bagus,4,2025-11-29 10:18:31,traveloka
a1bf7141-79b0-4e9d-bd08-eb6a93dd01e9,sangat puas pake Traveloka,5,2025-11-29 09:15:29,traveloka
438a2ea5-e26c-4ecd-8f4b-d13aa4ea06fb,mantap jos gandos,5,2025-11-29 09:06:22,traveloka
dc343a63-bb0e-4554-869f-a7bd7ada774c,mantap,5,2025-11-29 08:48:47,traveloka
874df87a-22df-4d2c-9cc4-52bcf5c05d64,sangat baik,5,2025-11-29 08:39:42,traveloka
c6870aab-8aba-4712-aa42-fbcf582804b6,mantap,5,2025-11-29 08:00:19,traveloka
b961e151-4efa-4b0b-9bb3-01bb7af3f444,cepat akurat dan mudah,5,2025-11-29 07:54:27,traveloka
ef3c7474-f8e1-41ca-8b1e-b7c1a3a19492,bagus,5,2025-11-29 07:38:48,traveloka
f8b7112a-7762-4557-9c70-20af2e731213,mantap,5,2025-11-29 07:15:30,traveloka
e8e2f17e-4f58-412d-b9bc-4dd3a6a88da4,"keren, gampang di gunakan",5,2025-11-29 07:11:51,traveloka
5dfcbb01-22b0-4642-b232-7370bebb08b6,sangat terpercaya,5,2025-11-29 06:59:10,traveloka
9ad7bb6e-6f00-47a9-b282-9bbb46dac56c,top,5,2025-11-29 05:55:55,traveloka
b33c7806-2c2d-44ee-8794-9c15ec0c3616,oke banget,5,2025-11-29 05:11:40,traveloka
90bdfffc-2fdc-4b37-9c6f-2abe4d617c41,"sangat membantu dalam pencarian hotel, tiket pesawat, transportasi, tempat rekreasi/wisata keluarga dengan banyak pilihan dan promo-promo menarik.",5,2025-11-29 02:58:15,traveloka
e2b0feb5-1333-498d-a9d2-b4f6d22cfd2a,kalo bisa mah Adain merchindise apa ke gitu buat kita yg sering pake Traveloka 😁,5,2025-11-28 23:12:42,traveloka
5dad3fb9-7aac-476e-ae8c-a45fe62d1d04,baik',5,2025-11-28 23:10:06,traveloka
89fa602e-0ae8-4982-86f5-390dd46fed45,sangat baik,5,2025-11-28 23:05:24,traveloka
64be006f-3da0-443d-9c6c-4e1a893197fa,bgus,5,2025-11-28 21:37:07,traveloka
77da405a-d763-418d-b881-a546e49a8073,selalu jd andalan,5,2025-11-28 21:36:56,traveloka
992ed6e1-029a-4f4a-ae08-0b2ff9e3c505,salam lancar jiwa,5,2025-11-28 21:13:38,traveloka
624a010d-94c6-4397-b8fa-665cee6341f0,transfer via mandiri no tujuan lebih 1...jadi 14 angka yg kesehatusan 13 angka,1,2025-11-28 20:50:29,traveloka
b91a0e7c-c39d-4aee-bb78-1c8aed6f2ea9,sangat membantu,3,2025-11-28 20:44:29,traveloka
cc7ebe46-bb5b-4ab1-a0a6-65b81c275069,bsgus ... aku suka,5,2025-11-28 20:43:25,traveloka
9b772a44-a8c9-4411-9b5e-e8784d45c813,sangat baik,5,2025-11-28 20:29:07,traveloka
1f2e57ed-626c-47e5-bbca-bc44dd7610a5,good,5,2025-11-28 20:06:23,traveloka
6af9ff32-5fa6-47cd-b068-869c5e92e945,simple akses,5,2025-11-28 19:24:23,traveloka
b5059056-2e2e-4650-9d39-9d6f8e20857b,baguus,5,2025-11-28 18:46:06,traveloka
e34976ee-984e-46ef-8f5c-681c3aa66687,ribet,4,2025-11-28 18:33:08,traveloka
a440a6e3-f295-40e1-949f-925c8e5782f3,bagus sekali,5,2025-11-28 18:30:46,traveloka
019e8a62-75f2-4af7-a531-6054902e8926,sangat membantu,5,2025-11-28 18:18:41,traveloka
5ad22c2a-3834-411d-9560-60498569e773,"aplikasi yang terpercaya dengan respon cepat dari CS nya juga jika kita melakukan keluhan. pokoknya the best.. sayang sama traveloka, dari awal perjalanan sampai hari ini selalu memberikan yang terbaik👍💯",5,2025-11-28 17:54:03,traveloka
4de88d29-7724-422c-9e80-b10ef9d0b9dd,ok,5,2025-11-28 17:52:59,traveloka
714dc25e-9416-4237-bef9-38595aec19a4,cepat dan mudah,5,2025-11-28 17:44:47,traveloka
e0c12b1e-844f-4684-a684-7eba45b0e2ea,mantap,5,2025-11-28 16:31:53,traveloka
a8572645-e3b2-4f0c-ac50-b1f4b43a695c,terbaik,5,2025-11-28 16:09:51,traveloka
45d46316-28da-4055-8916-ce2d4d7e98cb,bagus si.. tp tiap buka aplikasi minta update terua,5,2025-11-28 14:41:46,traveloka
4ebaf8f8-3a01-49a3-a41a-211241f31ee0,Pesan tiket dan hotel di Traveloka sangat memuaskan.,5,2025-11-28 14:32:58,traveloka
8daf22fa-3129-4b99-bfbc-cebf58c46444,"top deh .. pesen tiket kemana aja,kapan aja gampaaaaang .TRIms Traveloka",5,2025-11-28 13:36:20,traveloka
8545ca2f-719a-48b9-9ea7-96bf574fed8d,ok banget,5,2025-11-28 13:12:22,traveloka
abe63b20-153b-45cf-8adb-53e62cdc1a55,bagus,5,2025-11-28 13:10:30,traveloka
51a778e2-62d6-43cc-881e-44443e0faa69,ok,5,2025-11-28 13:05:22,traveloka
fad52b5c-ca9e-4bb3-be7a-6e2cf62f5a77,layanan cepat,4,2025-11-28 12:41:25,traveloka
ad4f674a-0559-4de7-8118-ff843361424b,aplikasi sangat mudah di gunakan,5,2025-11-28 11:58:01,traveloka
98de9209-4ad1-46eb-a22f-164b0051e0c9,top,5,2025-11-28 11:53:14,traveloka
7ffb069a-d6ec-4f64-b7d6-6f6fc8629d84,akan lebih ok bila merambah transportasi online (ojol),5,2025-11-28 11:37:07,traveloka
313f3320-a9f3-41df-938b-5dfd8e21f63e,jelek,1,2025-11-28 10:05:02,traveloka
eebaf6f9-d924-4f4e-8d0e-83c76fcbb2c2,mantap,5,2025-11-28 09:51:30,traveloka
27b68e48-1343-4fee-8574-6a88f89db9d5,sangat puas.,5,2025-11-28 09:08:39,traveloka
865682eb-5d34-4ad9-b1ec-24303c3e5a7f,traveloka terbaik untuk Indonesia,5,2025-11-28 08:04:18,traveloka
1316f67e-d959-4097-8440-065295517784,terimah kasih,5,2025-11-28 08:00:50,traveloka
222c769a-6809-438c-b6ee-91e0651dfc29,memudahkan transportasi,3,2025-11-28 05:39:37,traveloka
1a766d52-771f-4ba5-8bf4-2f628f30d33d,memudahkan,5,2025-11-28 04:30:16,traveloka
0e58effa-6d04-4213-92af-f97045294bd4,keren,5,2025-11-28 04:22:35,traveloka
37d983b8-0272-4045-8517-451b6a8fc7a4,bagusss,5,2025-11-28 03:10:05,traveloka
98d51420-7e63-4ee5-babb-c221a6f00b1d,RESPON CS SANGAT LAMBAT,1,2025-11-28 01:20:36,traveloka
2695a5c0-25ee-4b3c-9d88-db1587029e0d,mantaaap,5,2025-11-28 01:09:35,traveloka
a3a00fff-7615-46c8-9ab0-f4ac48aef29b,Aplikasi ini sangat membantu saya disaat berpergian,5,2025-11-27 23:10:30,traveloka
3924d10f-2d53-4460-b7e2-d615746bf6fc,"mau refund, disuruh lampirin surat keterangan sakit dari dokter, terus disuruh pilih opsi mana pesanan anda, salah satunya IVBID BSREF ProvideDeathCertif LC. padahal ditiket yang terbit tidak ada kata2 itu dalam filenya, jadi bingung mana yg harus dipilih, mana gak ditampilkan gambarnya pilihan yg dimaksud itu yg mana. kayak sengaja banget bikin orang bingung sampe bikin kesalahan sendiri terus gak bisa direfund.",1,2025-11-27 20:56:11,traveloka
08516ae5-c4f5-4b6f-b1cb-3600f76e6a35,bagus,5,2025-11-27 20:43:25,traveloka
7433a4f5-542a-4e56-95eb-7af67cc4a134,mantap,5,2025-11-27 20:18:13,traveloka
dcfe7fb0-8c01-431c-a063-fc57fe76ca15,mantaaaaaaab,5,2025-11-27 19:37:45,traveloka
f447a943-fb44-4762-b47d-fe057e8e14cb,stop iklan,1,2025-11-27 19:15:17,traveloka
a4e43adc-b33d-4e24-9dea-e9435c5004d0,sudah pakai traveloka dari 2016,5,2025-11-27 19:09:27,traveloka
683c0813-0718-4ce5-92f2-cf9e743a5948,ok,5,2025-11-27 18:54:40,traveloka
2ff0436c-890a-4708-a96d-26ee15bfde10,"Kasi 1 bintang⭐ aja dlu, karena tiba tiba Paylatter sy di non aktifkan tanpa ada pemberitahuan, pdhl gak pernah nongak",1,2025-11-27 18:44:28,traveloka
abf47f03-28a6-4b74-980c-783ec8baedb9,cepat mudah dan banyak disconnya...,5,2025-11-27 18:18:03,traveloka
09da11fe-e172-47e7-9206-5fe9a777b38b,oke,5,2025-11-27 16:44:01,traveloka
4b3dd9c7-2c65-4632-aaba-1ad4e400b9e7,good,5,2025-11-27 15:56:48,traveloka
7ac52999-0bbb-43c7-b034-616fddf5b586,"PAKAI LIMIT GA OVER.. bayar juga belum lewat, tiba tiba PAYLATER di non aktifkan..??? alasan apa nga ada informasi, nga jelas banget... giliran MENAGIH HUTANG NO 1 KALIAN giliran komplain lama banget prosesnya",1,2025-11-27 14:51:09,traveloka
9d6341ed-2f20-4f96-8669-1082cdc71d78,mantap dan dapat di pahami,5,2025-11-27 14:37:13,traveloka
a5c9bcd5-c655-4bd1-bd20-eda645807d81,refund ribet,1,2025-11-27 14:33:50,traveloka
1c39ce71-0558-4583-8bfb-c80c9fc2e032,ok,5,2025-11-27 14:30:42,traveloka
2a6dc89d-3e41-4b89-acdc-e443e704e136,kita coba dulu,5,2025-11-27 12:57:30,traveloka
c41ad19a-5fd1-4753-872a-f1d3f99ce103,good,5,2025-11-27 11:59:43,traveloka
8aa70feb-af66-428f-be77-6b4f2274a3b2,memudahkan perjalanan dan liburan,5,2025-11-27 11:57:50,traveloka
926fcffc-e43e-418a-89df-db9f5e3a8b7f,Mantap Oke,5,2025-11-27 11:28:43,traveloka
8ad005bc-52be-441b-a582-efa7b73e6b14,punya teman saya batalkan hotel purwokerto 2hr. gak bisa kembali uang. 750rb jd milik traveloka. penipu,2,2025-11-27 08:38:14,traveloka
9b355237-494a-45fb-b8be-eefc1658b64b,😁,3,2025-11-27 08:26:00,traveloka
33179f67-418d-44a5-b329-57e5cbb0dcaa,nice,5,2025-11-27 07:39:49,traveloka
e0956ec8-135d-4af1-bdb1-c5e8e6a4cd1e,maskapai yg batalin..dipotong 140an ribu !,1,2025-11-27 07:27:39,traveloka
56acae6e-1c0b-4f5c-b0f4-08c23fcfac04,"Pesanan hotel di batalkan sepihak dan status dana refund berhasil di kirimkan ke rekening yang jelas jelas bukan no rekening saya. Sudah email, chat, dan telepon ke cs tapi tidak ada solusi yang di berikan. Setelah bertahun tahun pakai traveloka baru kali ini saya sangat kecewa. Jangan sampai ada yang mengalami masalah seperti saya. Pikir 2 kali jika mau pesan di traveloka dan jika tidak mau di rugikan.",1,2025-11-27 06:09:19,traveloka
8c52c5e5-5a80-406c-940f-e83906a02dd7,"harganya setelah pajak jd mahal banget, sekarang gak ada promo sama sekali, harus ngutang baru dpt promo sedikit, bayar bunga banyak??? jadi sekarang lbh sering mending pake aplikasi lain",1,2025-11-27 04:48:08,traveloka
b3d85dfb-a0f5-455c-97d5-697194e8069c,"sangat membantu sekali, proses cepat. terimakasih Traveloka",5,2025-11-27 04:32:14,traveloka
74445cb7-8a88-482c-b7e7-bc5b1d02e429,mantap,5,2025-11-27 03:31:56,traveloka
805409d4-f90e-47d7-a8d2-184ffb568f24,"Harga yang ditampilkan tidak sesuai dengan harga setelah memilih tanggal, sama aja dengan penipuan. perbaiki dong",1,2025-11-27 02:28:17,traveloka
fc633590-33c2-47bf-9357-0a71c0eac6ca,Nice Application,5,2025-11-27 00:30:32,traveloka
3c19c621-4451-426e-9461-40a9e835b573,traveloka sangat membantu proses mudah dan terpercaya SE Indonesia mantap,5,2025-11-27 00:11:11,traveloka
d7662604-abf6-4de0-9bb5-bed9b96fb582,okelah,5,2025-11-26 23:30:01,traveloka
9e4e9691-fefc-46e4-9a52-4fcad50a37f6,mantap,5,2025-11-26 22:39:59,traveloka
e4cf365e-c48b-4c62-898a-207cf744ac79,baik .memuaskan,5,2025-11-26 21:48:48,traveloka
037e3c01-162c-4282-8691-e3ec13d79002,okeeeeee bangets,5,2025-11-26 21:39:03,traveloka
a355f706-c6eb-4a1e-94ce-0991b919ccdf,ok,5,2025-11-26 21:36:18,traveloka
12da8af4-c3ff-4c92-a5f0-6370a364c7fb,baik,5,2025-11-26 20:24:49,traveloka
24cc678c-dfde-4972-8bf7-1560219ceacc,good,5,2025-11-26 19:49:34,traveloka
9e0590ac-5980-4076-a618-d3ef56f3b199,mantap,5,2025-11-26 19:31:37,traveloka
a0ccdebc-01ed-4817-8e73-2005f4be1bdc,mantap sangat membantu keperluan,4,2025-11-26 18:48:02,traveloka
c01b405f-dec6-4687-8084-b53aa8c5e798,baik dan tepat waktu,4,2025-11-26 18:44:53,traveloka
57c830c5-e390-4a4a-b937-03c410615d37,Ok mantap,5,2025-11-26 18:44:17,traveloka
0c6d5b8d-27ae-4d75-9749-3924ae4f2b0c,mantap,2,2025-11-26 18:21:19,traveloka
d08a7d69-cdf3-41ac-97ac-489f8ebe3a4c,Baik,5,2025-11-26 17:50:31,traveloka
bd7c53ac-ff08-4415-a58f-e521e586f4d8,Punya saudaraku. Batal booking hotel 2hr di purwekerto lewat traveloka. Gak bisa kembali uang 750rb. Tambah kaya ae traveloka. Penipuan,1,2025-11-26 17:39:36,traveloka
2a9b00ba-2fac-45e9-9f17-2c2a6aec85c4,agar lbh dipermudah lg infonya,5,2025-11-26 14:57:49,traveloka
1f4b5ab6-2f01-41b4-9168-46916f59b28d,puas,4,2025-11-26 14:48:43,traveloka
60518e6e-b5e5-4f33-8d09-5465b3b1ed16,"aplikasi paling gak jelas, penggunaan paylater di bayar dengan lancar tanpa telat, lalu penggunaan limit juga sesuai ketentuan, malah level semakin di turunin tiap bulan.",1,2025-11-26 13:56:41,traveloka
f0f2e391-2b0c-4e51-b7ed-ad46fab3861d,"sangat membantu memesan tiket hotel, pesawat, kereta api dan sewa mobil",5,2025-11-26 13:45:24,traveloka
cce963eb-b9a0-4e54-b418-c326d7f9e14c,selama pake traveloka belum.pernah dapat casback tunai,4,2025-11-26 13:43:35,traveloka
582466bc-fa94-4e37-9eac-368dd1169502,"semoga semakin baik, jelas dan akurat info yg di berikan,",5,2025-11-26 13:13:44,traveloka
16d10f75-3b56-4521-a244-edc1e99e1823,Mudah menggunakan nya,5,2025-11-26 10:24:08,traveloka
a7d83433-bc8d-4deb-8c61-3b96fd9c9b35,sangat membantu traveler,5,2025-11-26 09:34:55,traveloka
946640a4-9842-4f54-a320-9153667ff8ff,pokoknya Traveloka buat kita Nyaman,5,2025-11-26 09:11:00,traveloka
e81dbd48-8256-434d-9ef3-669a40eafa7d,mudah dan cepat,5,2025-11-26 08:50:00,traveloka
7e7bc8d4-bc09-485f-87ef-6b838fc177b9,sangat membantu,5,2025-11-26 08:35:23,traveloka
f30dcad5-7fbb-46c1-83b6-86cb792ddfb3,mantap,5,2025-11-26 08:24:52,traveloka
73af09c3-1251-44e4-8429-f20d401d8631,sangat membantu dan terbantu,5,2025-11-26 07:20:52,traveloka
16744377-296b-4832-96e7-dec4c0ce5620,mudah di pelajar i,5,2025-11-26 07:06:04,traveloka
a0651346-579e-4ba1-bad0-4a72172b9313,terimakasih,5,2025-11-26 06:05:57,traveloka
ab90aa59-9991-4796-a082-9847fec2619d,seneng dengan layanan ini,5,2025-11-26 05:59:42,traveloka
7d2ae7e3-fb84-4036-a5a1-bc0c974cb2ac,sangat membantu,5,2025-11-26 05:45:43,traveloka
80f9ac00-5fb6-40c1-a3b1-b21aff1e5aa8,good,5,2025-11-26 01:58:38,traveloka
f910a378-ba44-4f0a-bc95-bea2b896d608,Aplikasi mantap buat pergi ke mana saja,5,2025-11-25 23:35:05,traveloka
aa8454db-e62b-43dd-97f9-0dcdffcecedd,goodok,5,2025-11-25 22:21:50,traveloka
5e698f82-1059-419e-bc61-ae0642a69d47,baik,4,2025-11-25 22:16:22,traveloka
916e94c1-cfce-4c25-97ab-6d6532967f2b,ok sangat membantu,5,2025-11-25 22:15:03,traveloka
50a2f27d-f7c5-406d-a7d0-4741d85fb8fd,goodjob,5,2025-11-25 21:27:56,traveloka
ab63412f-1b32-464d-9af0-0f3893f0f22c,ok,5,2025-11-25 21:21:52,traveloka
0174ca04-d388-4889-a0a2-2c13464f7ca7,ok,5,2025-11-25 21:01:09,traveloka
42658e4d-3d16-4277-a774-4ef52fa48637,ok,5,2025-11-25 20:36:35,traveloka
6b5bb600-1aad-43f7-82f5-19167b02ca22,mudah2an dan nyaman,5,2025-11-25 19:56:50,traveloka
ee2d7b73-e908-4b43-8890-1f09d0458838,"Kecewa sama bus kemaren, disana tertera jarak perjalanan 2 jam tapi faktanya 5 jam 30 menit.",1,2025-11-25 19:08:24,traveloka
d2416fdc-afbd-4258-8fb8-dab267958bc5,keren banget Traveloka...,5,2025-11-25 18:02:39,traveloka
4868fd7e-dd8d-451a-88e4-3b7c34463ee8,great,5,2025-11-25 17:50:49,traveloka
eb1ccc40-c118-4f3d-8091-cfc4d8e4fd8a,terbaik,5,2025-11-25 16:23:05,traveloka
5d6278d7-3157-4a41-aa5b-f815ea5c631c,"pesan hotel untuk tanggal 22 November 2025, tp yg terpesan tanggal 6 Desember 2025, pas ngajuin refund ditolak oleh aplikasi,",1,2025-11-25 15:35:07,traveloka
8d7280e2-9afa-4d5b-afbf-1bd13cc79f27,sangat membantu,5,2025-11-25 15:23:46,traveloka
5d160613-9d19-442b-b14a-960a71ed235f,mantap,5,2025-11-25 15:17:38,traveloka
c86baa56-ce2f-4d9c-9ee8-534937f513f6,Terimakasih Traveloka. 🙏,5,2025-11-25 15:04:03,traveloka
5da01634-103f-4c19-a292-477129811e5e,"Sangat kecewa dengan Traveloka. Tiket saya dibatalkan oleh maskapai, tapi refund tidak bisa 100% padahal kesalahan bukan dari saya. Prosesnya lambat dan tidak jelas, membuat pelanggan merasa dirugikan. Sebagai platform besar, seharusnya Traveloka memberi perlindungan penuh ketika maskapai membatalkan penerbangan. Pengalaman ini benar-benar mengecewakan dan membuat saya ragu memakai Traveloka lagi dan mengimbau pengguna lain agar berhati-hati dan mempertimbangkan ulang sebelum memakai Traveloka",1,2025-11-25 15:03:54,traveloka
6a6abcaf-5fe6-4906-a407-34b61884597b,sangat memuaskan,5,2025-11-25 15:03:20,traveloka
4fe61bd2-7005-4baf-b33d-846aeb6d63ca,good,5,2025-11-25 14:52:16,traveloka
303db5b2-22de-4ddd-904a-f1af76e64781,bagus dan banyak promo,5,2025-11-25 13:50:25,traveloka
31bff2a2-457b-4be9-aed5-3c00ea1bc8d6,baik,5,2025-11-25 13:34:50,traveloka
894ec4d1-df5a-4d77-95c9-9462fbc1572a,banyaknya biaya tambahan yg tidak langsung terbaca saat pesan,2,2025-11-25 13:20:23,traveloka
0d429037-c55e-4003-8edb-8aa2b94261b3,solusi cepat traveloka,5,2025-11-25 13:16:01,traveloka
9f0918e8-b2e1-4520-a6f3-a90fa6999151,nice,5,2025-11-25 13:08:05,traveloka
661af19a-2053-46fd-b57b-102f743a18d7,payletar traveloka sangat membantu mksh sukses selalu,5,2025-11-25 12:57:08,traveloka
12a10207-726b-496a-b681-e3cdb454e5cb,konsisten,5,2025-11-25 12:38:15,traveloka
d487cc88-4961-491e-a749-fb0b08732812,nice,5,2025-11-25 11:54:12,traveloka
69793ef8-db09-4b2c-9857-e6821f98a54f,mantab,4,2025-11-25 11:39:06,traveloka
c6341381-4141-4d67-aafa-202545a66e38,"SAYA SUDAH LAMA PENGGUNA TRAVELOKA, DAN TEPAT WAKTU MEMBAYAR. HANYA KRN TIDAK BERKALA MELAKUKAN TRNSAKSI/PEMESANAN, AKUN SAYA DI BLOKIR DAN LEVEL SAYA DITURUNKAN. MANAGEMENT BOBROK !!!",1,2025-11-25 10:24:39,traveloka
50f8ac66-9553-4e09-886b-b590c92d1563,membantu sekali,5,2025-11-25 10:04:26,traveloka
54e85d33-ea65-4470-b77f-cc5fd01b060d,bagus dan cepat pelayanan nya,5,2025-11-25 09:00:26,traveloka
f6a5a07a-dea8-4b9b-ade9-691d40e127a9,"sangat mudah pesen di sini suka,moga dipertahankan dan ditingkatkan lagi macam fitur dan kuponnya",5,2025-11-25 08:15:13,traveloka
df813125-83ba-43a4-9515-bd1f5a24cebe,good,5,2025-11-25 08:14:05,traveloka
09355cd1-828f-4248-867c-34d4217e29e4,oke,5,2025-11-25 07:46:55,traveloka
e88ac562-bc83-43e6-83e0-8fbeaa2c2516,semoga lebih baik pelayanan kepada konsumen,5,2025-11-25 07:23:35,traveloka
52431057-8a03-4d6c-ae87-885390f2562c,goog,5,2025-11-25 07:06:14,traveloka
2794a9a7-6d96-4ed9-9863-fcb9275835ce,"mudahnya booking tiket, banyak promo",5,2025-11-25 07:00:19,traveloka
895ad5fc-24d7-4625-b160-26d0a264fa85,luar biasa Traveloka. gercep,5,2025-11-25 06:40:21,traveloka
7e56f42a-f363-4dd0-9baa-92b619be3199,konsisten dan tidak pernah berubah,5,2025-11-25 05:35:57,traveloka
04e81ddc-94e7-444b-8fcb-9fb2e501a3cc,mantap,5,2025-11-25 04:56:48,traveloka
bb2ae4f4-0992-41e5-b4f8-d72d570c58c4,"mudah, ada diskon",5,2025-11-25 00:43:49,traveloka
9cbb7506-4a82-42fa-9298-3668cd1b8f17,mantap,5,2025-11-24 23:26:38,traveloka
d5bc28ab-4fc6-43c9-8120-3345e6b339c8,bagus,5,2025-11-24 23:13:42,traveloka
9b0de9bb-cd55-4eb5-87e3-04856d3cb924,sangat membantu sekali..,5,2025-11-24 21:04:48,traveloka
d0e962f4-fbcb-4adb-9d54-9f809040e40e,sangat membantu dan mempermudah untuk jadwal penerbangan dan harga tiket pesawat dan juga dalam pencarian tempat dan lokasi untuk menginap di hotel hotel sekitar kota tujuan dan lokasi kita terima kasih Traveloka,5,2025-11-24 20:58:34,traveloka
cbe3ce78-416a-4dc2-acc5-5d9d06696664,Terbaik,5,2025-11-24 19:26:43,traveloka
cf7d7388-e4a4-4d83-b7ba-3be906bc0868,sangat membantu sekali,5,2025-11-24 18:31:17,traveloka
5c85a8ce-60f2-45ba-82a3-b1afc267ea30,pengajuan refund sangat lama 90 hari kerja padahal kesalahan maskapai reschedule penerbangan seenaknya,1,2025-11-24 18:25:15,traveloka
f537d065-2038-4afb-b60d-7824a8d3eb81,mau coba dlu,2,2025-11-24 18:00:16,traveloka
3238bace-a54c-49bd-81b1-6d7f421cc5e6,so fast so good,5,2025-11-24 16:41:43,traveloka
d8f5e230-05d7-4282-81b7-dbb85f8f4693,makasih,5,2025-11-24 16:11:34,traveloka
1a5f729a-52ab-4e84-9a09-d4afd5d6e444,good👍,5,2025-11-24 15:58:42,traveloka
37a4fd99-8876-4d43-a2c5-7411aac1fa8d,pilihan tiket banyak banget,5,2025-11-24 15:30:50,traveloka
1ea3d2a5-a24e-41df-af21-28f5222a2b17,cepat dan gampang.,5,2025-11-24 15:26:29,traveloka
fb554c76-cd69-469d-ac3b-b4c7f8f82abf,ok,5,2025-11-24 14:25:49,traveloka
230d2378-5d46-4081-bb75-e278a589e80c,ok,5,2025-11-24 13:16:55,traveloka
9de6928d-d7c8-43d6-aa71-7400be1528da,layanan mantap,5,2025-11-24 13:08:45,traveloka
e96b49c3-3fc9-4590-a7ad-e9fd9e7f4655,"sangat menguntungkan bagi calon pengguna layanan baik pesawat, kereta api, maupun bus..",5,2025-11-24 12:40:27,traveloka
d7401b3d-89ee-4ec8-9f50-79765a067385,mantullllllllllllll,5,2025-11-24 12:36:28,traveloka
12bf3247-ef99-4555-bfd6-51df4ccb90ba,bintang bicara,5,2025-11-24 12:32:07,traveloka
e6c864f9-e2dc-4511-840a-92fc521b078f,baik semua,5,2025-11-24 12:26:10,traveloka
5cec0c4f-5d3a-44b8-90d4-66fae447191c,sangat membantu,5,2025-11-24 11:54:30,traveloka
218a1d17-34e9-4d46-95ae-1e7eb9bff006,coba pertama,5,2025-11-24 11:41:20,traveloka
0c93744f-d3ba-460b-8236-0fe678bd0f4f,terbaik,5,2025-11-24 11:18:50,traveloka
7952f98d-b823-453a-aa70-9efee28266d7,keren,5,2025-11-24 10:42:56,traveloka
6b58ba62-b685-4274-8d38-88f1a230c99e,sangat mudah dpt info dan budget utk planning kemana2,5,2025-11-24 10:23:21,traveloka
648f8405-695e-415d-9b7e-08d47e946595,"Senang dengan ada aplikasi seperti ini memudahkan pelayanan bepergian. saran saya untuk kementrian pariwisata supaya ada diskon tiket dan tarif untuk daerah-daerah terpencil agar masyarakat lebih menyebar dalam berwisata ke seluruh pelosok daerah nusantara, sehingga ekonomi lebih merata. bisa di kasih insentif, subsidi, dll bagi penyedia jasa, maupun tempat wisata. Terima kasih",5,2025-11-24 09:45:58,traveloka
6ff69266-7c4d-4bfa-9271-ea31d744c0bb,good,5,2025-11-24 09:24:17,traveloka
716a99ed-fc05-4d78-ae4e-a7595e8bb919,"Saya kecewa dengan Traveloka karena pesanan saya tidak terdaftar di hotel ketika check-in, untungnya pihak hotel segera menyediakan kamar.",3,2025-11-24 09:19:37,traveloka
28bae130-0081-40f6-8c37-4c92f84a31e5,Ok bgt,5,2025-11-24 08:50:04,traveloka
8c7fdcec-a81c-487e-8592-5df690531627,sangat memuaskan,5,2025-11-24 08:23:56,traveloka
86b804bf-82fc-4838-ac00-6d49d7e64ec5,"saat perlu, makasih aplikasi ini dapat kita akses dimana saja dan cepat. mau pesan tiket pesawat murah sendiri atau vocer hotel pun gampang.terimakasih",5,2025-11-24 07:27:49,traveloka
aba2346e-cea4-429b-8f5d-39ae1a45ce54,good,5,2025-11-24 06:57:00,traveloka
17675c13-005e-4473-841c-6cf1e5a55d98,ok,5,2025-11-24 05:46:44,traveloka
6654a6b8-5d48-415a-bff9-c63743b5452a,"Nice,",5,2025-11-24 03:42:59,traveloka
99acfaf0-d443-42c6-88f6-bb03eff0932e,"kereen, sangat keren.",5,2025-11-24 03:41:46,traveloka
52ace280-eb7a-4454-8ddb-ec5153345f11,luar biasa,5,2025-11-24 00:32:32,traveloka
52ea4af1-1c11-4dd9-a7ae-2b4d1778b360,over all selalu lancar..,5,2025-11-23 23:57:07,traveloka
3af96f20-8186-4eab-a56f-bc24741cfb20,the best service 🙏👌,5,2025-11-23 22:47:29,traveloka
d263dd7f-acaf-40df-ab81-9eac271f35be,"mantap traveloka, awalnya was² karena kena hotel fiktif tapi ternyata uang bisa kembali 100% kerja bagus traveloka, untuk kedepanya traveloka harus menambahkan fitur lapor, untuk melaporkan hotel² yang fiktif",5,2025-11-23 22:18:31,traveloka
c52362d8-bf74-42f8-81d5-44385cd43c9f,"Tiba tiba di blokir limit, tanpa pemberitahuan.",1,2025-11-23 21:23:47,traveloka
d83bd630-f8ae-477e-842b-99923511e0b8,simple,5,2025-11-23 21:20:53,traveloka
9fa537eb-a566-4402-9756-1e8434324dcd,baik,5,2025-11-23 21:14:16,traveloka
23938dfc-f54f-4d35-b3b7-31cd596696ef,"mudah digunakan ,mulai dari tiket perjalanan sampai hotel selalu menjadi pilihan yang tepat. diskon nya selalu menarik",5,2025-11-23 21:10:04,traveloka
a73ad242-c847-465a-bc89-e939dccca55d,siip,5,2025-11-23 20:55:47,traveloka
9ad82521-b27d-4f0c-a528-be18804041cb,hidup makin dimudahkan,5,2025-11-23 20:47:55,traveloka
7d41d955-f9b9-4c81-b6d8-3872364d792a,ok,5,2025-11-23 20:42:49,traveloka
bdead612-4408-4d2d-b664-0b64cfc365aa,sangat bagus dan berguna sehari hari,5,2025-11-23 20:18:56,traveloka
c241803e-96f3-4dbf-a319-084b45767dfe,mantap mksih,5,2025-11-23 20:15:00,traveloka
25618c6f-bae7-4e03-b029-23b7cf8757a4,ok,5,2025-11-23 20:05:53,traveloka
65cfb36e-7f18-4c49-b8b1-a10498a296bb,bagus,5,2025-11-23 18:22:43,traveloka
564c32c6-e818-44b8-b8c6-7d3466ba2b2d,mantap,5,2025-11-23 18:15:57,traveloka
f6d52fdf-23eb-4c1f-b6d7-fdaf0ae82aa3,bagus,5,2025-11-23 18:08:38,traveloka
3bc6f26f-a43b-41f0-af11-2274385907b1,perfect,5,2025-11-23 16:33:09,traveloka
61fe0810-41d3-450f-addd-db8605cde69b,"terima kasih traveloka,,, selalu memudahkan kegiatan saya 😍👍🏻",5,2025-11-23 16:08:48,traveloka
3ff09986-fc7b-481f-bd89-6f496bab47b3,sangat Mumudahkan,5,2025-11-23 15:55:12,traveloka
b663bc01-5484-4301-9469-7374483db723,good,5,2025-11-23 15:42:58,traveloka
e733e983-1283-48a5-8296-398f236166b1,bagus,5,2025-11-23 15:39:20,traveloka
e2123fe9-01b8-443b-bc82-5a7f865c4b07,layanan cepat,5,2025-11-23 15:38:47,traveloka
9e8a5813-4e0e-4d06-a4b7-b357bb7e044b,hati hati beli ditraveloka cek. ke aplikasi lain . ditraveloka mahal .,1,2025-11-23 15:27:10,traveloka
d8368902-ddac-495d-bbcc-408f7f9b72c3,mantap,5,2025-11-23 15:01:33,traveloka
73ecfd3f-7214-4e3a-9b3e-a5863e8c0d1f,membantu banget..ok..bagus,5,2025-11-23 14:49:23,traveloka
f82f1876-4d9c-4f2d-a8e1-949364564beb,sangat bagus sukses trus travelola,5,2025-11-23 14:39:42,traveloka
2f4f16ba-2272-49d6-b8bf-661b7c4887fc,👍,5,2025-11-23 12:38:51,traveloka
a2d1fdcc-b79a-492e-b28a-44a4e6cef4fd,oke,5,2025-11-23 11:52:53,traveloka
b45f1194-196a-40be-951b-13479ed7fc51,terpercaya,5,2025-11-23 11:44:25,traveloka
bfcd5d11-549f-4a26-8aca-81c31e452937,mengapa aplikasinya tidak bisa di buka diupdate juga tidak bisa,5,2025-11-23 11:33:13,traveloka
65c58679-100a-4501-b4d1-f0841f416e45,sy sangat terbantu dengan adAnya aplikasi Traveloka ini .,4,2025-11-23 08:40:55,traveloka
859fd9ce-6f8a-404e-9af3-4c18fd6e8137,bagus,5,2025-11-23 08:40:16,traveloka
37ab8d44-74c5-4804-9ce0-0866ad2bf026,fast and clear,5,2025-11-23 08:13:13,traveloka
e7dd5abe-73e4-4fd9-aec0-95c304bffca8,"sy baru menggunakan trveloka biasa sy pake punya adik utk keberangkatan dari plg jkt dan sebaliknya ,menurut sy membantu dalam perjalanan trim s",4,2025-11-23 08:06:20,traveloka
602f6d7c-24fc-4e7c-9e85-11038761e5d8,Cukup mudah digunakan dan sangat informatif.,5,2025-11-23 07:30:03,traveloka
be6a371f-fbea-4fbb-a222-d83b4d8aaafb,bagus sekali,5,2025-11-23 07:28:52,traveloka
8b6a0dbc-21fd-4963-832f-64054f756c03,gooddsss,5,2025-11-23 07:22:12,traveloka
00b5bd68-50b0-46b7-a7b1-ada8efc1684f,ok,5,2025-11-23 05:42:34,traveloka
b47d888e-4df7-453b-817e-30d0686ca004,"TIDAK ADA KEUNTUNGAN LANGGANAN SINI... HARGA TIKET MAHAL JUGA... BANYAK"" BELI TIKET CUMA DIKASIH POIN SE UPIL... GK ADA FARDAH LANGGANAN DISINI.",1,2025-11-23 04:37:37,traveloka
16e070c1-2141-46a9-b2db-c93bbd7f1fff,mantap,5,2025-11-23 00:20:49,traveloka
747aaa25-05fe-4b80-a8ec-3a58e5fbc6cd,Harga tiket berapa pas mo bayar lebih mahal...jgn nepu ...tau orang butuh tapi jgn anda manfaatkan.,1,2025-11-22 23:41:32,traveloka
7eb31154-79c7-40f6-99ec-631ce0cc0f9a,tolong untuk pemesanan tiket whoosh di perbaiki lagi untuk pemesanan nya jangan langsung di arahkan untuk pembelian di tanggal besok ny terimakasih,1,2025-11-22 23:26:04,traveloka
f3014914-90cb-4acb-b0f8-2c6d62eaca7a,lebih praktis,5,2025-11-22 22:56:35,traveloka
a6840107-47dc-4c82-83fd-0d42e1ca4a2a,bagus,5,2025-11-22 22:08:25,traveloka
ac3ceeda-f0aa-409c-aefa-42a2ee894be0,"sangat multifungsi, bisa mesan tiket tempat wisata, reservasi hotel, pesawat dll top dehhh",5,2025-11-22 22:07:15,traveloka
bfd79df1-d65d-44e0-ade3-78d73fd482e5,menyenangkan,5,2025-11-22 21:01:38,traveloka
d928dabf-2101-420f-8447-87ada383b650,"Semakin lama semakin buruk aplikasi ini, mau chek online tiket pesawat aja sdh 4 kali di kecewakan. Eror melulu. Komplin ke pihak aplikasi nya blm ada perubahan lebih baik...",1,2025-11-22 20:52:20,traveloka
9e20278b-42da-4989-b70f-2f23707fe012,"cepat dan mudah, serta biaya sdh full",5,2025-11-22 20:39:58,traveloka
0a7275f8-6853-47d0-ab77-a4e012170e7b,teman terbaik utk liburan.,5,2025-11-22 19:59:56,traveloka
a747dd4b-1fee-42fa-84ac-650755a3118c,"Mau staycation / pemesanan tiket apapun udh pasti dari zaman dulu di traveloka , loveable banget app-nya.. makasii sudahh menemani berbagai pengamalan seru",5,2025-11-22 19:09:44,traveloka
226976cc-2204-4690-9a91-d63c5b2b7e0d,Mantap..,5,2025-11-22 18:53:49,traveloka
c042ecac-6e97-49ec-afcb-3be696d33224,mantap,5,2025-11-22 18:44:10,traveloka
f2ad95e0-0b02-4866-9d8c-e7826709e023,giod,5,2025-11-22 18:40:32,traveloka
84b27bc0-0ad3-44f4-9eb9-fe64602f5ca4,terbaik hingga saat ini. mhn bagi lagi potongan harga dan diskon menarik lainnya.,5,2025-11-22 17:29:04,traveloka
86c1cd0a-3abf-46ed-9744-68b274702451,susah ajuin tpaykater,2,2025-11-22 17:05:50,traveloka
0f962dee-ac4a-42fa-9a50-7ffaeb3e3ff9,puas,5,2025-11-22 16:28:34,traveloka
4aac68b9-1b80-42a4-92ea-25a53425c8d5,Aplikasi yang mantapp,5,2025-11-22 15:37:20,traveloka
944c73c5-b91c-4930-9f8f-436f33604176,mantap,5,2025-11-22 15:30:03,traveloka
170cf5b4-476b-4fc6-a187-860872c382c1,"ok, mudah",5,2025-11-22 15:25:11,traveloka
bbd45e27-0b0a-421d-8393-f653ae4d78dc,mantap👍🏻,5,2025-11-22 14:46:44,traveloka
4a22829a-2b85-4b9e-9a30-602ad5abeee2,mudah,5,2025-11-22 14:41:22,traveloka
591f3c42-7e05-46ed-92f2-47215028bc4a,bagus sekali sangat terbantu,5,2025-11-22 14:11:40,traveloka
ee5d366a-9cca-43c0-bfaa-255ecbe60b82,Proses Refund lamaa,4,2025-11-22 13:25:58,traveloka
1a372db4-1756-4396-86fe-b9c062fc4572,bagus dan simple,5,2025-11-22 13:17:34,traveloka
2de8d9c1-dd9c-4566-a090-fbde8d0e743a,Sangat membantu,5,2025-11-22 12:53:04,traveloka
46b55bf7-d04d-4f22-824a-ac318f6c8995,Bagus,5,2025-11-22 12:37:09,traveloka
c31542e2-395f-496d-86e2-4d2ad7c0bf64,good,5,2025-11-22 10:38:22,traveloka
3851a267-2b4a-4163-9070-4cf0f9b25b29,bagus,5,2025-11-22 09:33:58,traveloka
f75891cb-002a-4108-9980-ed5afe9a30bd,aplikasi tepat untuk berpergian,5,2025-11-22 08:07:39,traveloka
9aa8c246-1a89-4d64-ae69-735772d2aa6d,baik,5,2025-11-22 07:36:29,traveloka
c1283e5f-00af-4d2f-8879-3aa0c13d7fad,sangat memudahkan kan untuk perjalanan dan mohon informasi berbagai promo agar menghemat pengeluaran pada saat ingin berlibur kemana saja,5,2025-11-22 07:04:56,traveloka
5796c5f9-72e7-4424-be1d-fafd18cc2427,sangat membantu,5,2025-11-22 06:15:33,traveloka
928d2e90-01cb-4326-aa81-924234db07ab,selalu pakai Traveloka mudan n murah,5,2025-11-22 05:02:18,traveloka
4251590c-c6c5-45e3-91a6-64a9a74768a7,mantap,5,2025-11-22 04:30:51,traveloka
d5810076-a934-4fa3-8c26-0a94b7359482,mantap,5,2025-11-22 04:06:29,traveloka
8bba72bd-8125-4b83-9205-d799599b13bb,ok,4,2025-11-22 03:28:07,traveloka
ef87edf6-94ea-462c-a881-859941c34afc,mudah,5,2025-11-21 23:06:32,traveloka
5f3419b0-c6ff-4ab8-b399-bdb64ca31d4d,ok pelayanan bagus,5,2025-11-21 22:38:02,traveloka
0170621b-47b3-4d60-ab23-182433b5ef39,best,5,2025-11-21 22:32:42,traveloka
52457f08-0fb4-4fe8-b1ff-172927372dff,Traveloka sangat.membantu sekali di saat saat urgent waktu mepet untuk beli tiket...dan soal price ...boelh d adu sm tetangga sebelah,5,2025-11-21 22:29:29,traveloka
c9fa54bf-7162-4978-ad77-7247d6d6df93,proses cepat dan mudah,5,2025-11-21 20:53:23,traveloka
b4335948-7a92-4f1b-afc5-81f6dedfef7a,Good,5,2025-11-21 19:12:02,traveloka
d0590dc6-68da-4d69-a4b9-96ca0cbc1398,aplikasinyaa baik,5,2025-11-21 19:01:08,traveloka
47a830b9-7211-4118-b50c-0ae355bf1579,lain kali kasi promo di bawah 2jt,5,2025-11-21 18:49:26,traveloka
dedb5fcd-4af0-4ade-9797-8870ce2f8b7a,good apps,5,2025-11-21 18:35:38,traveloka
da7d1357-fbee-4ee4-9af8-51bbaef98d15,mantappp,5,2025-11-21 18:35:12,traveloka
2ecaa981-b2ec-4848-8487-d7382e70581a,sangat membantu,5,2025-11-21 18:12:08,traveloka
57344e7f-48e9-4874-9118-4fd51680fd35,👍,5,2025-11-21 18:03:04,traveloka
ec8c02a1-b4c0-4059-bdaf-d5c5741a29af,mantap,5,2025-11-21 16:43:21,traveloka
28ee1b87-1225-4c67-ac7d-95308a9ea207,mudah,5,2025-11-21 16:07:59,traveloka
18b08b91-bac4-4543-8be9-480d0609b822,sangat mudah dan praktis,5,2025-11-21 15:01:47,traveloka
b075a16a-5d46-4c96-9eab-25705c0b5e50,baik banget,5,2025-11-21 15:00:37,traveloka
a4f19602-b1ca-4abe-9ddc-e6b9c4f64cbc,good,5,2025-11-21 13:59:43,traveloka
81ec656e-ee12-44b4-bcab-0391c62f985c,pelayanan cepat,5,2025-11-21 13:51:11,traveloka
944e7d57-6c83-4a65-8d99-c7bb287c9812,mempermudah pesanan tiket dll dan gak perlu bolak balik isi data pembeli,5,2025-11-21 13:21:42,traveloka
43416fb4-5930-42e4-b1d7-76eb4b267c18,sering2 adakan tiket promo traveloka.. 😁,4,2025-11-21 12:37:23,traveloka
ce17a8f7-a71e-4c77-a89f-d1f6c9bf0e65,good,5,2025-11-21 12:19:35,traveloka
6ce562f6-1806-493b-8364-809d879d8262,nice,5,2025-11-21 11:58:19,traveloka
0e563297-9023-4f5e-86b3-914ec75db5d0,mantap,5,2025-11-21 11:41:36,traveloka
08528df6-2554-48a6-9773-5eecfa6bd4b6,"Pake traveloka aja karna pelayanannya bagus tidak ribet,dan cepat, maw reschedule atau refaund juga cepat, pokoknya traveloka terbaik lah",5,2025-11-21 11:28:08,traveloka
d732ffcf-10f5-4599-a6d7-d92a20d3a4bc,Banyak pilihan,5,2025-11-21 10:57:48,traveloka
4ee3168f-6045-484a-9c59-32a07d8427cd,lebih mudah dalam staycation,5,2025-11-21 10:44:47,traveloka
bfbd2f20-e0d0-45c8-91c0-8398e7d6363e,oke,5,2025-11-21 10:12:03,traveloka
a07c9250-7472-4f59-8c9b-6210d8a1f251,sangat bagus,5,2025-11-21 09:12:16,traveloka
01899dc7-8deb-4ce7-af1b-df436bc2c956,good,5,2025-11-21 08:22:58,traveloka
33885117-ab17-49d2-bc57-3aa808bc0d80,👍,3,2025-11-21 07:18:19,traveloka
69d530c3-7228-42bc-8ddc-fa4b29e19a79,membantu sekali,5,2025-11-21 07:11:20,traveloka
faebffb9-369e-4f6b-ae2d-d8f3d312166e,Dengan Traveloka Dunia ada di genggaman kita,5,2025-11-21 05:52:12,traveloka
95a9277f-16fa-4ceb-9af5-800b267c7265,Percuma kasih limit Tpaylater kalau hanya bisa dipakai maksimal 75% saja.,2,2025-11-21 05:24:30,traveloka
606eccf8-3d00-4050-b691-926e5c77db0c,saya selalu pakai app ini buat beli tiket,5,2025-11-21 04:34:22,traveloka
0a71d8e3-7d4e-4bfe-a67d-6b81ff79a1ab,good,5,2025-11-21 03:11:49,traveloka
2b86e0a2-af7c-48e6-a7f0-a0c77c224c22,ok,5,2025-11-21 00:36:31,traveloka
67ce7b2d-8bd8-44d8-942c-88eb0c2dc0fb,"setelah banding2, kalo pergi butuh bagasi, harga traveloka cukup bersahabat.",5,2025-11-20 23:26:47,traveloka
a2da4f9a-4be1-4666-b6dd-4f32d9c0ea59,mantap,5,2025-11-20 21:13:44,traveloka
ef5a4460-b7cf-4101-8ba4-a72cafa241cd,terbaik,5,2025-11-20 21:00:26,traveloka
5ddd07af-48e3-4cb0-88d4-efab42822573,oke,5,2025-11-20 20:11:19,traveloka
5a2aa172-5fa4-446a-85cb-cd854de3ef9b,baru pertama gunakan Traveloka mantap,5,2025-11-20 19:55:27,traveloka
a6f0f1fc-74b5-4039-ab29-b6af24b19363,mantap,5,2025-11-20 19:37:34,traveloka
f70d2d1e-4f6a-4299-bb3a-dbbcd3fbca36,kenapa habis update pesanan saya hilang ya. ndk bisa kedeteksi. maka sudah saya lunasi. datanya tidak muncul lagi. bekas transaksi juga menghilang.,1,2025-11-20 19:31:14,traveloka
5c505bcd-241e-4a31-8780-ec95e1f1db87,sangat membantu saat liburan👍👍,5,2025-11-20 18:12:40,traveloka
87b9d3eb-245f-4967-9591-b8280792811d,buat aq sangat2x membantu setiap aq mau bepergian,5,2025-11-20 17:44:06,traveloka
dfa3dd84-c197-4f53-81aa-c7c53be5d2d2,mantap,5,2025-11-20 17:18:48,traveloka
d358067d-c0ba-4ca4-9f64-19fe06c9b5de,oke,5,2025-11-20 17:13:48,traveloka
621b1a5e-a987-43d1-9ce1-77c6f8517560,ok,5,2025-11-20 16:46:33,traveloka
966e1942-23d4-40f4-a0d3-1b9bcf75e335,bagus sekali,5,2025-11-20 16:18:38,traveloka
6481d778-15e9-487c-8ea8-297c10308645,👍,5,2025-11-20 15:32:13,traveloka
d78ed34a-d913-4f15-9d27-802a99689dc9,mantap,5,2025-11-20 14:17:18,traveloka
83bea82c-d491-43ab-9098-9b3aec35fe93,ok,5,2025-11-20 14:07:25,traveloka
037894ce-088f-40ec-b2dc-cb07a45e421b,"praktis n cepat,,",5,2025-11-20 13:10:51,traveloka
f87d4dac-9deb-46c9-a675-a439711def70,Exselen,5,2025-11-20 12:48:39,traveloka
85c32a23-e760-4e10-97f5-04f77707faab,mantap,5,2025-11-20 11:05:01,traveloka
cb719ff1-9beb-4e9d-9d74-d19eebb5fa4c,ok,5,2025-11-20 11:04:21,traveloka
0877af8c-64ac-4c58-9eef-70ca17004fe9,ajib,5,2025-11-20 10:59:51,traveloka
51366ba8-3db3-48f7-8419-d417f31fe22a,mantap,5,2025-11-20 09:54:13,traveloka
29f50491-7694-4848-bdd7-b8ac4130711c,traveloka selalu dihati,5,2025-11-20 09:19:34,traveloka
ff94fba6-46d3-46be-bac1-bd833d94a040,keren,5,2025-11-20 09:07:33,traveloka
85383542-3d90-4e5b-ae2f-28c48b97b9fb,"sangat membantu, simple dan bnyk fitur yg bermanfaat bagi penumpang",5,2025-11-20 07:08:36,traveloka
40f1aa0d-646a-4bd2-946c-acbe64113d18,Sangat membantu dan mudah,5,2025-11-20 07:08:09,traveloka
cea77229-8f3f-4053-b3cd-77e4a90bf01d,"bagis sekali, sangat membatu perjalanan saya, trimakasi traveloka",5,2025-11-20 06:23:46,traveloka
494d4263-4c96-4925-acde-c2883760379c,"Saya termasuk pengguna lama dan sangat terbantu dengan semua fitur dari traveloka baik pemesanan tiket pesawat, kereta dan hotel dan banyak promo serta cara klaim asuransi yg sangat mudah dan simpel",5,2025-11-20 01:05:45,traveloka
07a47703-3b67-4612-a4f8-b8bc0ff4e3d5,ngajuin tpaylatter ditolak data sudah benar dan jelas,1,2025-11-19 23:38:01,traveloka
1bad2f05-c474-40ba-91f7-a57077a94128,the best travel agen for domestic and internasional,5,2025-11-19 21:47:46,traveloka
4d5d3833-d936-4666-85e6-76d4e7e07810,"Sangat membantu mempermudah urusan. Walau dadakan utk bepergian ke kota lain, tapi transportasi dan penginapan bisa mudah didapatkan",5,2025-11-19 21:38:55,traveloka
d3f67ae2-b768-4d9e-98d7-e3793b49f5e4,"tiket sudah di bayar tapi saya tidak mendapatkan tiket dan pembayaran saya tidak di konfirmasi, sudah 1x24 jam tidak ada kejelasan kalau tiket saya bisa di terbitkan baru saya kasih bintang 🌟🌟🌟🌟🌟 jadi untuk sekarang BINTANG 🌟",1,2025-11-19 20:33:51,traveloka
a4911e64-124c-466c-bd66-292ea6874c7a,mantap bagus sekali. simpel,5,2025-11-19 20:21:34,traveloka
a7b2504e-a5aa-426d-a7aa-8b7452ded2d1,mudah urusannya mantap pelayanannya,5,2025-11-19 20:18:44,traveloka
d00d58cb-b753-4658-a632-5215478f7738,good,5,2025-11-19 20:00:07,traveloka
8e4d15a4-cf04-49fe-9b2c-e83d9feb6eb6,pelayanan mudah dan praktis,5,2025-11-19 18:22:08,traveloka
b9e9fc22-da06-4f2a-956f-b99f6793060e,Harus banyak promo sama permudag refund kalau hotel full,3,2025-11-19 17:36:03,traveloka
a2a2de9d-b2df-4abc-bb3d-219d944f4643,👍,5,2025-11-19 17:24:51,traveloka
10c181e7-40b2-41bd-886c-b8e0caec2f73,trimakasih traveloka. mempermudah kita untuk wisata..,5,2025-11-19 17:08:11,traveloka
9d829644-ddb7-4fa0-add1-f9027c0c3e5c,Top,5,2025-11-19 16:41:34,traveloka
8660a856-1cbd-482b-9c0e-7dabfb443f86,bagus,5,2025-11-19 16:31:50,traveloka
508cf0eb-4aa2-4241-9b9d-94669c6c2cb6,"mantap sekali, mempermudah pengguna",5,2025-11-19 15:56:57,traveloka
016a5507-c81d-408d-a97d-a0bea745c3d9,sangat bagus,5,2025-11-19 15:42:05,traveloka
0b999708-24d4-477b-83c6-65e0758cd25d,"saya pesan lewat tpaylatter lalu d cancel karna suatu hal, dan ternyata uang yg bisa di refund hanya uang pembayaran hotel tanpa bunga dan untuk bunga tetap harus d bayarkan walaupun ada tulisan pembatalan gratis, padahal aplikasi lain gak gini lho tapi aplikasi ini merugikan aturan kalau cancel ya udah balik lagi aja semua gak pake harus bayar bunga karna ada tulisan pembatalan gratis atau di ganti nama nya bukan penbatalan gratis, jadi berasa di tipu",1,2025-11-19 15:07:04,traveloka
c66e25a9-9e7a-4371-85d3-bd6ea4c1a2c6,"gak bisa refund,padahal di tiket aplikasinya bisa,gara gara salah tanggal doang,makan tu duit haram",1,2025-11-19 14:49:48,traveloka
99fbaae4-14ee-4499-871c-da6f5e2da468,Nice App... The Legend!!!,5,2025-11-19 14:43:47,traveloka
4c58e491-53dd-4aed-b53b-2f497587e988,mantap,5,2025-11-19 14:19:27,traveloka
a7113c27-1707-4645-87b4-9fd59575049e,puassss,5,2025-11-19 13:52:19,traveloka
95cf0e92-5141-4f85-95c1-41ecca8fe3d1,"saya sangat mengapresiasi aplikasi ini, karena sangat membantu.",5,2025-11-19 13:42:35,traveloka
2d975849-20c3-4dcf-8a13-685a5fca94a1,mantap,5,2025-11-19 13:20:22,traveloka
49cf77d9-b72f-4e50-908c-9c52872fe422,super,5,2025-11-19 13:11:36,traveloka
2914d555-04da-4b02-82e0-b90f7c89a808,baik,5,2025-11-19 12:55:18,traveloka
e46554de-ac8a-45a9-8b6c-35aabc89fd9d,oke thanks,5,2025-11-19 12:26:25,traveloka
165bc44a-e661-43a1-bcd1-735600b9c4be,hehe,5,2025-11-19 11:12:55,traveloka
57e9de79-a823-4e8b-a73f-48d757ee22d7,baik,5,2025-11-19 11:09:02,traveloka
cd8cb11d-7ab3-49e6-aeb7-7cc3e9fc4eb4,bagus,5,2025-11-19 10:48:31,traveloka
fbc9ae75-1d82-4d67-a318-a88e5c42fb48,best👍👍👍,5,2025-11-19 10:16:05,traveloka
d5cb5c87-113d-4939-a4f5-a103a0416860,biasa saja,3,2025-11-19 10:10:02,traveloka
be78e9e7-6851-46e3-a618-241c033ecbc8,Okay..👍,5,2025-11-19 10:05:09,traveloka
a822a578-088f-42c4-9f41-d4a851ee0466,sangat membantu,5,2025-11-19 09:57:38,traveloka
775c6668-b290-498f-bdd7-da5f529e28d5,luar Biasa,5,2025-11-19 09:33:59,traveloka
c0a593fe-866f-4db9-b31a-cdd9a96e98fb,mudah sekali dan pokoknya ok lah,5,2025-11-19 09:30:47,traveloka
085c6531-a273-4636-8134-3389410c0e8d,terbaik..tingkatkan lagi pelayanannya untuk transportasi laut dalam negeri..terimakasih,5,2025-11-19 09:00:59,traveloka
37263dcb-f8eb-4aa3-8acf-15eccda62375,"ketentuan Rechedule misleading, mengakibatkan saya rugi moril dan immateril Update masalah saya sudah selesai, Terima kasih Traveloka",4,2025-11-19 08:58:27,traveloka
df918a51-2de5-4a96-b462-91d983646aaa,good service,5,2025-11-19 08:04:49,traveloka
fe48242b-a4f2-4d9e-b5e5-19646e1a5437,"solusi terbaik untuk melakukan perjalanan bisnis maupun liburan, pesan tiket mudah dan cepat",5,2025-11-19 06:28:01,traveloka
d0b7045d-2cda-4318-b258-e9d718b70ad1,sangat memuaskan,5,2025-11-19 06:10:54,traveloka
511b1e44-308b-4095-8b0b-793cafb600d7,recommended....,5,2025-11-18 23:03:19,traveloka
6941749b-9b7a-4446-b554-c6e89806eae1,Sangat membantu⭐️⭐️⭐️⭐️⭐️,5,2025-11-18 22:40:05,traveloka
e5bb7560-5220-4799-8fa3-7bd35a51d025,cepat,4,2025-11-18 21:04:26,traveloka
9b2cbfb9-2302-4f3c-9a09-ced3fd4003d0,mantap Traveloka bisa buat spt ini,5,2025-11-18 20:43:46,traveloka
1b769f8e-cabf-40e6-9cfd-181812ea56c0,cukup puas,5,2025-11-18 20:33:32,traveloka
c7985704-460c-4a5d-80f2-2e264e0ec47a,sangat memuaskan,5,2025-11-18 20:28:10,traveloka
e30c71d3-5fe5-48bf-9086-55b81df73693,keren .. limit selalu naik . pembelian mudah .. mantaaap ..holiday no pusing no ribet,5,2025-11-18 19:13:27,traveloka
bd1cb620-1e0d-4eff-8c50-41310f92cdcb,semoga traveloka selalu memberikan yg terbaik buat penumpang nya dan selalu selamat sampai di destinasi... amin,5,2025-11-18 18:42:55,traveloka
f37eaf2f-5781-4dee-b746-78d50df4030c,ok,5,2025-11-18 18:40:35,traveloka
5e07ea0b-ca23-4031-ae69-634eef269f4d,good,5,2025-11-18 18:32:42,traveloka
042ed113-ced3-4c90-b60e-6bdf9b4bef8e,Membantu dalam mencari hotel,5,2025-11-18 17:07:22,traveloka
9a037d5e-914c-40b7-b446-0460085cfeed,ok,5,2025-11-18 14:50:23,traveloka
82450802-f9d7-41d8-b763-82ccd56bd837,"sangat puas baik saat pesan melalui traveloka mau saat sampai ditempat yg dituju( hotel,tempat wisata)",5,2025-11-18 14:24:46,traveloka
a5d33abd-f018-42ba-a072-0ab34d23ca90,traveloka sangat membatu dalam perjalanan bisnis saya👍👍👍,5,2025-11-18 14:21:04,traveloka
f42d8662-fb1f-48dd-a37f-f833ed729b0b,"loading check in online lama banget, dpt kursi sisa mulu. memang apk tolol",1,2025-11-18 14:19:01,traveloka
f4a77304-c4ee-44ce-bb68-f1e7fb3a9dec,untuk hotel mp Purwakarta TDK di dianjurkan boking on line,1,2025-11-18 14:04:52,traveloka
40fe34f1-6957-4715-95b8-276f32c8fb31,cepat dan tdk merepotkan,5,2025-11-18 13:17:46,traveloka
19d402dd-555a-4872-b599-fba4d1488fc4,mantap,5,2025-11-18 12:18:09,traveloka
9803315c-d949-4de3-bfb3-86a6ebde88e5,"sangat bagus saya sangat suka,berkualitas dan Aplikasi Transjakarta sangat membantu saya dalam merencanakan perjalanan di Jakarta. Fitur rute dan jadwal yang akurat membuat saya tidak perlu khawatir",5,2025-11-18 12:10:57,traveloka
66e3f179-4889-47bc-9424-664110e10a0c,ok,5,2025-11-18 12:05:41,traveloka
ae5b74b1-029f-4c83-b0aa-c18a036daffa,mantap,5,2025-11-18 11:51:51,traveloka
a8ef940e-5799-4223-a6a0-66300cd49687,rancak,5,2025-11-18 11:41:20,traveloka
6fcf719c-3317-499c-a229-3424570f6660,"selalu pake ini pas lagi liburan semester, yppiiee",5,2025-11-18 11:32:49,traveloka
5d3e1703-4e89-4f13-8db3-f3305f5d907e,snagat puas,5,2025-11-18 11:15:22,traveloka
b0df681d-4510-4e6d-8316-e91a2e38762b,mantap,5,2025-11-18 11:06:25,traveloka
29c111e1-809d-406a-b951-2a084e9b4e38,mantap,5,2025-11-18 10:22:33,traveloka
f9ca9c91-4970-4fc2-9953-8903668eab4e,bagus,3,2025-11-18 08:45:35,traveloka
a1f0d8e7-286f-4238-8956-dcf6512e23be,sangat membantu,5,2025-11-18 08:11:02,traveloka
88e9d703-f0ea-41f4-a2ea-3a22cfc56a97,Mudah dan aman,5,2025-11-18 06:48:15,traveloka
10090a7a-7399-459c-9203-c4655481ca9f,mantap,4,2025-11-18 06:27:41,traveloka
c229a18b-15ae-468b-b848-74f9de92eb4b,pesanan di batalkan sepihak. payah,1,2025-11-18 06:05:01,traveloka
e67cbe23-70e7-4edd-9dc6-cf61c2b2534f,mantap,5,2025-11-18 00:26:55,traveloka
99f0c1b8-e9cd-4844-8806-91390ed66a7d,"Keseringan update Thank you, next!!",1,2025-11-17 22:45:39,traveloka
243ca01e-ca5b-42ff-9f0d-4b1c79cd6c8b,"10 tahun pake ni aplikasi, boroo borooo dapet apresiasi, harga paling mahal, promo paling susah, belum lagi cengkonek asuransi dll..",3,2025-11-17 21:08:44,traveloka
6deb087a-eaa7-4431-ab5c-c58d2fd70a12,1. Habis pesan tiket terus jadwalnya diubah oleh maskapai. Kemudian saya melapor ke pihak Traveloka. Ternyata pihak Traveloka nggk bsa berbuat apa apa. Sekalinya saya hubungi pihak maskapai eh ternyata bisa. Entah apakah pihak Traveloka yang tidak mau berkomunikasi atau gimana 2. Kemarin saya menukarkan poin saya untuk mendapatkan poin penukaran pulsa di MFun. Udah ambil penukaran ternyata aplikasi MFun udah dihapus dari playstore dan udah nggk beroperasi lagi dan poin aku jelas rugi,5,2025-11-17 21:06:02,traveloka
974fceba-289a-426b-b6c8-7ded8f7fa0e4,mantap,5,2025-11-17 20:20:14,traveloka
51b2a043-93d8-42df-82e8-05b0db0e6133,bagus,5,2025-11-17 20:16:07,traveloka
7c5e437d-ed5e-410c-8643-0d462c1928a9,"gua pesen disini udah brapa kali. dan sering ke kecoh. ga tau ya apa emang aplikasi nya ga bener. atau memang ada kesengajaan. tiap awal pilih hotel pasti gua pilih dulu tanggal tapi pas mau cek out tiba"" berubah. akhirnya sekali ini gua kena. dan yang bikin kesel itu hotel yang gua pesen ada ket no refaund no reschedule. gua platinum priority. apakah ga ada konpensasi atau apa kek. gua konfirmasi pihak hotel. mereka bilang harus traveloka yg hubungin. giliran konfirmasi traveloka di lempar lg",1,2025-11-17 20:12:02,traveloka
9c428e11-e563-4f05-98dc-81b121783971,"aplikasi yg sangat membantu sekali, terimakasih min",5,2025-11-17 20:10:58,traveloka
d1001e9c-d94a-4dcd-b1d3-59a7e09dd86d,cukup sekali.,1,2025-11-17 19:35:18,traveloka
fc5171fd-1c4f-4c66-ad59-bca42ac44244,bagus,5,2025-11-17 19:32:36,traveloka
431d008a-46c5-4f5b-91e7-3cd0e277dc75,oke,5,2025-11-17 19:00:13,traveloka
fe45d237-09fb-4842-ad1c-efe7e486ab1e,sangat cocok dan mantap,5,2025-11-17 18:37:51,traveloka
dc7a59b2-d7b5-48d9-afea-685e258d3261,sdh bertahun tahun menggunakan aplikasi ini. mudah dan gampang. thanks traveloka,5,2025-11-17 18:26:35,traveloka
000a0311-b846-49de-ab48-b2cc5c09da30,gsangat membantu,5,2025-11-17 16:48:24,traveloka
a50de0c0-1517-4c68-a6e0-a7818fbea70d,Saya kecewa karena keseringan saat akan melakukan pembayaran menggunakan metode PayLater selalu error padahal limit nya mencukupi.,1,2025-11-17 16:35:09,traveloka
bc5a408c-0cdf-4b0d-ad47-c5d2ea639b92,cepat dan mudah,5,2025-11-17 14:57:17,traveloka
6cc34b85-e712-4935-87bb-2232271b7310,sangat membantu 😀☺️,4,2025-11-17 14:52:56,traveloka
dbe4ad54-ed7f-4507-afa9-b34dad41b576,"Proses verifikasi payment gajelas, udah payment tapi malah ga tervalidasi oleh sistem aplikasi, efeknya e-ticket gabisa rilis, padahal jelas2 nomor virtual account & nama penerima tertera bahwa Traveloka. Giliran pengaduan via live chat, CS nya slow respon banget.👎",1,2025-11-17 13:46:25,traveloka
abc5acf2-6fd8-4062-b36e-d564729f52ec,all the best,5,2025-11-17 13:23:05,traveloka
feac6157-3d0f-406a-8ff4-cbd9a1267761,terbaik,3,2025-11-17 12:25:37,traveloka
68fba728-6fbf-4f17-aa46-70d65f63f683,memuaskan,5,2025-11-17 12:03:53,traveloka
ac8d17ca-7c6c-4d21-870a-5a054ac58fde,sangat mudah membantu dan bnyka diskon,5,2025-11-17 12:01:27,traveloka
a6cd255d-f9aa-4e6b-8cb3-2865b5b605f1,Traveloka memudahkan pencarian tiket,5,2025-11-17 11:13:00,traveloka
181ee99c-32f4-4b59-8158-e7f769677fd2,pakai Traveloka semua jadi lebih mudah apalagi ada paylater,5,2025-11-17 11:12:18,traveloka
e968d709-f1aa-4bac-84b8-f4c3e4c43205,sangat mudah dan praktis dalam mencari penginapan,5,2025-11-17 10:21:11,traveloka
8bb842ad-aff3-4db4-a190-cb53fa472a40,cepat prosesnya,5,2025-11-17 09:56:07,traveloka
0544ba72-1679-4e96-80c2-9809420d288e,"Kereen....selalu puas... juara, pokoknya.. belum ada lawan...😊👍👍",5,2025-11-17 08:38:59,traveloka
9a3f5d8b-2acf-4e97-8f33-a356511990c9,traveloka memang mantap,5,2025-11-17 06:45:33,traveloka
e8d3ece3-006b-43e5-82f9-934da79979fa,good 😍,5,2025-11-17 05:40:26,traveloka
6a39935f-2df3-4c95-81c5-bae8d11e7f15,apk super lemot,1,2025-11-16 23:18:25,traveloka
8fc4c2e6-d30a-4c02-a2a1-a39742bb3f66,joss.,5,2025-11-16 23:00:26,traveloka
264c4359-05c0-4216-9857-e7f3ee1509db,sangat membantu sekali,5,2025-11-16 21:35:14,traveloka
d5cdb6e5-7ac5-4699-9629-16acced7ee59,Selalu pilihan yg terpercaya,5,2025-11-16 20:27:43,traveloka
aca10a8e-6d49-4093-936f-922cb920a202,Bagus,4,2025-11-16 19:17:55,traveloka
7e3f6f22-3ff5-4f10-9fdb-c28cda2b4fb4,sangat bagus,5,2025-11-16 18:43:09,traveloka
e81994f1-cd37-4425-a4cf-f28fc53c3b29,sangat membantu,5,2025-11-16 18:01:55,traveloka
a4086946-1c9a-467c-85ec-0b43ad171fb2,trapeloka semakin memudahkan penggunanya,5,2025-11-16 17:30:25,traveloka
7aa3b2b2-01f5-498d-a55d-4fc1057baf01,senang bisa pake apk traveloka untuk refaund ataupun reschedule nya cepet diproses 🥹🥹,5,2025-11-16 17:28:05,traveloka
fd4d100a-15d7-4a41-987d-d9fec5e47842,"dr tgl 18/9/2025, sy sdh mmpertnyakan soal pemblokiran traveloka sy, smpai skrg blm ad perubahan. pdhal sy tepat waktu membayar. tolong ditinjau kmbli. ulasan sy direspon, tp tetap sj status sy di traveloka sy msh diblokir, limit sy tdk bs dipakai",1,2025-11-16 17:26:39,traveloka
1bbe290d-2830-4257-ab02-c7d17052bdab,cepat dan lengkap,5,2025-11-16 16:34:26,traveloka
6374a008-e52f-4c6f-9c42-8e8d6aaf48f5,Traveloka memang ok 👌,5,2025-11-16 15:39:36,traveloka
20a17ace-2ce2-4cde-b176-cf0aff611f64,sangat membantu,5,2025-11-16 13:42:37,traveloka
3799762a-e5f9-47c6-b204-c8223760265e,memuaskan,5,2025-11-16 12:37:13,traveloka
234115b3-78a4-420e-8007-0c0e01f2ffc5,baik,5,2025-11-16 12:00:11,traveloka
02162e17-9b94-4d25-bd33-611f344d1d18,cepat dan praktis,5,2025-11-16 11:53:56,traveloka
25dd4209-b2bd-43b1-a9c4-f02dcb4a46ec,Mantappp,5,2025-11-16 11:30:36,traveloka
671eb3b8-20ae-48b0-8d56-2579fbfa3543,terbantu sekali..,5,2025-11-16 09:44:07,traveloka
5842f47a-841a-48aa-8e56-6ca4ed55d92d,agar ditingkatkan pelayanan dan aplikasinya dipermudah dan safety secure,5,2025-11-16 09:21:05,traveloka
50c25a75-edcf-4fa1-aed5-ce1506772f22,sangat membantu,5,2025-11-16 08:33:51,traveloka
6a9bf370-c348-412c-9247-a6c8432b24e6,cukup baik,5,2025-11-16 07:59:03,traveloka
3bdab2d1-2b24-4d71-931c-f951da40320b,pelayanan bagus,5,2025-11-16 07:56:12,traveloka
b91a3858-1ebf-4afe-97a3-bb86460538e9,Memudahkan nyari pilihan kendaraan,5,2025-11-16 05:52:19,traveloka
a062e9fd-ee40-4108-b176-802c885f0483,"komplain ke cs traveloka disuruh nunggu 30 menit,,wlpun kita ngetik panjang2 ga akan direspon yg saya bingun knp pake harus nunggu 30 menit krjaan admin nya ngapain gtu loh jadi nyesel pake traveloka hubungi cs nya lambat respon nya",1,2025-11-16 02:12:46,traveloka
5ffbf3f3-fae6-4d06-b1e3-ebe2810d1fff,mudah sekali mantap traveloka,5,2025-11-15 23:22:50,traveloka
8b296bc3-df90-4982-a1c9-87bed4987f9b,coet dan akurat,5,2025-11-15 23:08:25,traveloka
97f58e0f-68ca-4570-b6e0-86c719045f25,sangat membantu proses cepat,5,2025-11-15 22:08:25,traveloka
2c4d492a-7cfb-40bd-af83-5815432f68b1,"Aplikasi ini sangat merugikan kami, mohon tidak digunakan aplikasi ini, kami sekeluarga menjadi korban aplikasi ini",1,2025-11-15 21:37:40,traveloka
9c459ea7-1c0a-421d-a549-a11351d4238a,"kasih promo husus lah,,dah banyak transaksi mlalui trpoloka",4,2025-11-15 21:13:09,traveloka
7f7a10fc-780e-4484-8840-cf0aacc064db,paylater ku biar bangkit lagi,5,2025-11-15 20:53:59,traveloka
1bf03423-7cc1-4d64-b86a-cf22e860822f,sangat membantu sekali...smoga sukses selalu Traveloka 👍👍👍👍👍👍👍,5,2025-11-15 20:33:52,traveloka
7936acd6-43fc-46e3-8987-bdee57bdadfe,Lama proses autentikasi,1,2025-11-15 20:23:09,traveloka
db59ce2e-7812-4a76-bfcb-278ff2282913,terbaik,5,2025-11-15 20:03:42,traveloka
ff1dd3dc-39cd-469c-92ca-fe3329f3bcd1,ok banget,5,2025-11-15 20:01:14,traveloka
5a59e411-fb04-4dd6-9947-1ecd91953be7,Mudah dan cepat,5,2025-11-15 19:24:21,traveloka
f832d04c-f5af-4b1e-bb13-0bec45a84ff2,terlalu mahal untuk pengguna baru,2,2025-11-15 19:04:34,traveloka
761e8edc-349a-44d8-9c4f-43142361ec51,sangat membantu! dalam pembelian tiket.. terimakasih,5,2025-11-15 18:40:44,traveloka
3195ca9c-0b82-40d4-b0a0-3a0218708e89,bgus,5,2025-11-15 18:25:35,traveloka
31825393-7b1e-4607-97ec-b5ebf9455508,"suka dgn pelayanan traveloka,,",5,2025-11-15 17:46:47,traveloka
c7b3af64-4c04-4d57-86fb-74a20515e375,a+,4,2025-11-15 17:18:13,traveloka
da7b6a30-ff2e-4d46-a318-2321f9527a3c,"layanan baik, pemesanan hotel atau pembatalan pesenan, prosesny cepat, untuk hotel2 nya selalu yg baik tempatny, diskonny selalu lumayan, sukses terus traveloka.. 😊😊",5,2025-11-15 16:22:33,traveloka
a8b1686d-5a43-475d-ae44-c424544a9372,ya kali gak bisa direfund,1,2025-11-15 16:21:56,traveloka
9f7f862d-8252-45e7-b98c-0dff69511204,Traveloka is always. Thanks.,5,2025-11-15 15:42:50,traveloka
b5c6ecce-ad17-462f-9cd3-6d3b4745fc3e,knp pesanan sy di apk Traveloka gak muncul? pdhal e tiket udh terbit dan di krm ke email,4,2025-11-15 15:22:16,traveloka
c702b31e-be5e-4bda-b906-dfe28836514e,mudah dan cepat,5,2025-11-15 14:21:09,traveloka
9a7825e1-0b52-46dd-82b4-fd65ed16bb87,mudah dan cepat,5,2025-11-15 10:39:47,traveloka
1d92bef6-536d-4f4f-ad91-7c7d76d655ea,Ok,5,2025-11-15 09:50:16,traveloka
43439713-dbfd-4374-a79a-31c0d2456e4d,Alhamdulillah...,4,2025-11-15 09:45:07,traveloka
1632edd2-10fe-4c81-983d-7e30e09971dd,"bagus, sangat membantu",4,2025-11-15 08:26:21,traveloka
0c92e392-4fa1-4ed4-88a1-80a0747df880,oke,5,2025-11-15 07:01:21,traveloka
6e848dcb-dc73-49f1-85d0-219edd926d62,keren,5,2025-11-15 06:24:33,traveloka
69ce8b71-0040-44b8-84c9-70174ca16933,Best 👍,5,2025-11-15 06:19:18,traveloka
f17afdbf-d547-4db6-8f1e-7f021b0abee7,Layanan bagus,5,2025-11-15 06:11:07,traveloka
577867e6-4187-4bfc-b0ec-da6e8e29a898,keren,5,2025-11-15 06:00:48,traveloka
11757469-8e95-4a03-b782-1da9fffb7672,tidak dapat discount,5,2025-11-15 04:58:10,traveloka
83fb4ac1-f8d3-49c1-91e7-d0ded9612459,cukup lumayan,4,2025-11-15 04:55:18,traveloka
1fedcba7-87d9-4a4f-a64d-25fe95929447,bagus,5,2025-11-15 03:50:17,traveloka
f260b6a3-522a-4a1d-b46b-dc31623c206a,keren,5,2025-11-15 00:42:43,traveloka
a6974b79-2006-4eab-931d-ad9b9f0d5e49,aplikasi payah bertahun2 sy pk traveloka smpai platinum dan paylater tidak pernah telat bayar dan sejak pindah kelola PT paylater jd menurun pelayanan tau2 limit jadi 0 dan dibilang krn ada pnurunan dr luar padahal slm ini tidak pernah masalah. bulan dpn hapus aj aplikasiny kecewa berat!!,1,2025-11-15 00:29:15,traveloka
e435d569-ff39-4085-aee1-f63f3169ecaa,cepat dan praktisi,5,2025-11-14 23:45:15,traveloka
9bf7da9b-b735-4897-8ac7-5d99113932e4,praktis 💪🏻,5,2025-11-14 23:30:44,traveloka
e3390e1b-fbee-47d6-afb8-23650f40d8f2,good,5,2025-11-14 21:44:43,traveloka
7a424008-4bfd-4816-ba67-090d45c7aa95,"sangat membantu, mungkin bisa lebih baik lg",4,2025-11-14 21:44:11,traveloka
bd1687ee-ddb4-4e35-81b9-d1411108f8c3,sangat membantu,5,2025-11-14 21:39:35,traveloka
569c3cda-5379-4067-a772-d00b1c2607cc,mantabz..!!,5,2025-11-14 20:57:12,traveloka
e803f023-506b-464c-8c6e-a2f50a20edd1,proses cepat,5,2025-11-14 18:26:10,traveloka
1ad127b3-bc2c-4d3c-941a-f63448e2e5ea,sangat baik,5,2025-11-14 18:21:57,traveloka
7f979e34-a593-46af-b3a7-c8c5fffbdfab,mantap,5,2025-11-14 17:59:25,traveloka
5e9e5674-1dd6-400b-bc60-51b9b3c4be49,mudah dan cepat,5,2025-11-14 17:19:25,traveloka
668859ed-56d6-4024-b7bc-d344c08167d2,sangat mudah🥰,5,2025-11-14 16:50:16,traveloka
57864695-c12c-442f-80c3-ec8f1e55353b,Bagus,5,2025-11-14 16:27:58,traveloka
a0d8447c-fbec-4956-b674-4ccca9964d77,mau pesan tiket atau pun hotel yg terlintas dipikiran cuma Traveloka Traveloka is the best 👍👍,5,2025-11-14 15:25:01,traveloka
bfc5962e-5df7-478f-a6ae-57b1dde32dc1,cepat tepat,5,2025-11-14 15:07:12,traveloka
25b40b91-1638-45d5-bea6-58d044d5d7a1,"orang mau ngeklik yg lain yg muncul traveloka., iklan ya iklan gausah gitu",1,2025-11-14 14:42:53,traveloka
d07916c0-9123-4f3e-bf58-458c08904694,baik,4,2025-11-14 14:39:11,traveloka
6ada133a-24f7-4ac6-b78e-a76103d0a1c4,okeyyyyy,5,2025-11-14 14:36:06,traveloka
131f7642-6880-4401-95c2-537387e788de,ok,5,2025-11-14 14:35:35,traveloka
72c8adb4-8941-495d-a8e1-7aaf1d4cd912,baik,5,2025-11-14 14:26:44,traveloka
74ea08dc-18db-4ed4-9fc8-d7cbeadfcf64,Top 👍,5,2025-11-14 14:17:43,traveloka
62293708-302f-4a8a-8f5f-f3e57838b749,baik,5,2025-11-14 12:48:10,traveloka
f2a28663-080b-4b90-aa00-4c158764365d,ok,5,2025-11-14 12:43:04,traveloka
4bd1e645-e10c-4639-a094-0565a2aecbe2,praktis pembayaran dengan traveloka,5,2025-11-14 12:31:36,traveloka
a70832b1-3e02-4eac-ae01-c2fce675bc91,baik,5,2025-11-14 11:24:58,traveloka
8a63246c-d6be-442c-94ec-af6b8ef0b625,ok,5,2025-11-14 11:14:31,traveloka
a645bd87-aeaf-408c-bb25-dabc80620ab3,bagus,5,2025-11-14 09:21:21,traveloka
d86af103-251a-4844-9e38-900caaaa52a4,Memuaskan,5,2025-11-14 09:01:05,traveloka
b44068fc-655b-4dd0-8cf0-bc3303cf3a1e,bagus,4,2025-11-14 08:10:36,traveloka
381977dd-fbdd-4d6b-bbf9-428258a54019,ok,5,2025-11-14 07:43:09,traveloka
b332b3b7-9472-44f5-b6d0-07a690234602,sangat membantu dan prosesnya cepat,5,2025-11-14 07:20:10,traveloka
8e00c690-a62a-4401-9ed2-904a5c4407c2,kereeen,5,2025-11-14 06:07:42,traveloka
3ff53b73-34d8-4aea-8135-f1757effda0c,Good job,5,2025-11-14 05:02:42,traveloka
bfb9c8ed-6b67-4257-95d3-d971e4a88a31,Mantap dan bagus,5,2025-11-13 23:03:25,traveloka
d3845c96-d874-4935-a2a8-2b604a9e229b,tingkatkan lagi dan banyakin promo,4,2025-11-13 22:12:17,traveloka
3fcd1f7a-b460-44d4-a25d-75c981cbadfe,mantap sangat membantu,5,2025-11-13 22:11:20,traveloka
d5f6bea2-e31d-4d8a-82e9-a071ff57ceb5,"baru coba, mudah mudahan mantap",5,2025-11-13 21:36:20,traveloka
da3245c9-7577-4983-a2eb-121866a7c690,it's only one....the best dah,5,2025-11-13 21:16:20,traveloka
7dd360f4-3214-4b5a-99e3-530acf4477c4,oke,5,2025-11-13 20:21:48,traveloka
db3e4c85-5bb0-41a0-bc09-cb19f9bde169,"mudah, menyenangkan, dimanapun kapanpun",5,2025-11-13 19:16:53,traveloka
1fbe6a4b-f81c-4163-ad3c-30e63b5001a6,good,5,2025-11-13 19:16:31,traveloka
804122ee-46ef-4b6b-b00c-e213b264341e,"banyak yang kasih bintang 1 kok rating nya 4,9 gak masuk akal. apk ini sudah enggak rekomendasi lagi. sangat2 buruk",1,2025-11-13 18:50:33,traveloka
55c3cf51-f8b5-4efe-b4a7-ec9543a5e930,Lebih fleksibel dan cepat,5,2025-11-13 18:26:02,traveloka
d337bddd-45a1-4304-b522-c8b6d226b9c2,bagus,5,2025-11-13 18:13:56,traveloka
1d48b812-a5fc-4f63-9b8f-82a7a7b5af34,ok,4,2025-11-13 17:47:18,traveloka
1968baee-de07-42f8-9032-08cdd8005791,aga susah yah belinya solnya mbutuhkan sekitar,4,2025-11-13 16:35:17,traveloka
dc1ec5e3-b8ca-4e89-926b-c832936f1107,mudah di digunakan dan cepat..,5,2025-11-13 16:32:54,traveloka
a2377d65-42d0-45be-9d60-0e3b454092c5,Kenapa gagal terus pakay Tpaylater? padahal tidak mendekati limit. parah.,1,2025-11-13 16:10:35,traveloka
51022725-e368-477d-b8f9-ffa57488d582,membantu,5,2025-11-13 14:40:32,traveloka
45bc3ef4-5bb7-448e-bcde-1b710f9d8a64,"Sudah booking hotel, sudah bayar, tapi tiba dihotel kamar full,",1,2025-11-13 14:30:08,traveloka
20577b88-2009-4e4b-b592-235689dce6fb,dengan pemesanan tiket lewat Traveloka semua jd gampang no ribet,5,2025-11-13 14:23:45,traveloka
eac3289b-2c19-4a6b-aee0-59abfad20277,"Syukur alhamdulilah di era serba digitalisasi Traveloka hadir benar2 sangat membantu pemesanan dan mudah dalam penggunaannya tidak ribet banyak pilihan mulai dari Tiket Pesawat, hotel dll fiturnya sangat banyak. dan Tpaylaternya juga sangat membantu bagi pekerja yg gajian Bulanan bisa ambil skrng bayar bulan depan. Keren Traveloka semoga apa yang sudh disediakan dan kemudahannya tetap dipertahankan dan makin lebih baik bahkan kedepan depannya. semoga Tuhan Yang Maha Esa. sellu meridhoi kita smua",5,2025-11-13 12:49:05,traveloka
430b58fe-8fa4-4400-a6eb-76e748eb01c4,istimewa,5,2025-11-13 12:33:36,traveloka
4231d3a1-4ff8-4733-8892-06542ff223df,Sangat membantu untuk mencari hotel sesuai budget,5,2025-11-13 12:33:24,traveloka
573b31e2-9154-4466-9a37-f3b22d07b602,ok,5,2025-11-13 12:31:15,traveloka
1ec98533-97e4-405f-92fc-1fdbf5eca81d,baik,4,2025-11-13 11:52:45,traveloka
b04425f6-fc01-4b57-8a1f-5dfd8b713fc8,ok,5,2025-11-13 08:36:50,traveloka
538b571d-8908-4ba5-a02e-7fe5573d8375,semoga selamat sampai tujuan,5,2025-11-13 08:30:15,traveloka
69966d3c-db36-4e54-b1a5-9a9eb226c253,makin kesini kok traveloka jadi aplikasi scam. di awal di infokan untuk 2 dewasa & 1 Bayi 5 bulan kena harga 710/org. tapi setalah mau pembayaran jadi 2.200.000 an 😟 logikanya dimana. TIDAK JUJUR.,1,2025-11-13 07:52:39,traveloka
9a4710ed-298d-4af0-853e-0edfc6f6338e,sangat membantu,5,2025-11-13 07:47:15,traveloka
02a32d3b-9d99-40dc-a0a5-49bd5e9540e9,"saya sangat kecewa karena saya sudah mencoba untuk booking tiket bus/travel namun terkendala di lokasi dan nama kota yang saya isi keubah sendiri ke angka"" yang saya tidak paham, dan ini buat saya uninstall lalu pasang lagi namun hasilnya sama saja sehingga saya coba untuk tunggu seharian namun sama saja. saya harap aplikasi ini bisa di upgrade lagi",1,2025-11-13 06:59:29,traveloka
46d8e7a2-ff46-46f3-975b-bd4c87552ea9,sangat memuaskan dan sangan nyaman,5,2025-11-13 06:00:10,traveloka
508d7df2-2e47-4dd8-b14d-9bb21a8d9e68,mudah digunakan,5,2025-11-13 05:38:17,traveloka
da2f9ad9-5925-4e61-8c97-959d55db3378,pelayanan cs nya dalam membantu gokss satsettt makasihh ya minnnn,5,2025-11-13 05:12:01,traveloka
070fd48d-0a71-44c2-9962-dfb7518fd24c,mantap,5,2025-11-13 05:11:35,traveloka
63ffe244-14fa-4034-8860-cd019e64087c,agak buat susah ya,3,2025-11-13 03:08:08,traveloka
227ac018-083c-403c-9620-a9bc95d7b415,sangat bagus kualitasnya,5,2025-11-13 00:43:01,traveloka
4fc3eef6-7594-4773-bd25-fa98e0bcf94c,puas,5,2025-11-12 23:41:45,traveloka
201a33f5-1280-4f6f-b55f-aad8cd870882,sangat bagus dan mudah klo kemana-mana,5,2025-11-12 23:26:41,traveloka
f1144b16-91f5-4981-9a6e-966bedf6d1fe,baguss,5,2025-11-12 22:25:17,traveloka
60e4fcd4-640a-4e0b-b3d2-b4f2e042aff3,ok,5,2025-11-12 21:25:25,traveloka
524a4a0a-feab-4f27-a2ce-beea20a5e6bc,oke,5,2025-11-12 21:02:25,traveloka
4a072365-3ecf-4128-90ca-c51283a3b939,mantap,5,2025-11-12 20:43:19,traveloka
4aa483ca-d705-4f1a-89c2-1d9ac321d956,good aplikasi,5,2025-11-12 19:36:12,traveloka
600a41d0-cc5a-4e4d-bfd3-200a8e339723,sangat ok,5,2025-11-12 19:30:49,traveloka
89c0eec4-e98e-4602-aadb-fd4a62a6fc0f,apa2an coba.. tiket udh d cancel.. namanya ada something kan g tau ya.. iseng2nya pakek paylater bayarnya waktu itu.. tiket udh d cancel.. refund g penuh wajar kan.. udh saya terima.. trus udh bayar angsuran pertama itu sblm sy cancel.. pas abis d cancel kocaknya malah angsurannyaasih suruh bayar lagi.. kyk apa siiii.. kan aq g jadi pinjem.. trus.. klo emg ada potongan karena cancel aq kan udh bayar setoran pertama penuh.. kok masih d suruh bayar admin paylater nya sampek akhir.. g jelas siii..,1,2025-11-12 18:20:24,traveloka
3202a4cc-a6a0-4eed-9064-e7e980d42f90,utk menggunakan t-paylater gak bisa.. menyusahkan,1,2025-11-12 17:45:02,traveloka
992476ce-6916-45ab-941b-41a2bb448c4f,mantap,5,2025-11-12 17:42:54,traveloka
e3c17326-70eb-40a9-975d-5967d92b63b8,bgus,3,2025-11-12 17:39:55,traveloka
2e68de8e-2004-4829-8778-be49e5b4a0f2,"memudahkan perjalanan, aplikasinya mudah digunakan, terima kasih",5,2025-11-12 16:58:04,traveloka
3aeae96e-5469-44c8-9e58-16d71f2687a2,proses cepat,5,2025-11-12 15:45:06,traveloka
6673962f-f7f6-466e-8505-a817db0f86e2,sangat membantu di waktu blom gajian,5,2025-11-12 15:09:19,traveloka
0930ff40-5a7d-4668-b960-64a10e2f216a,terima kasih banyak Traveloka. memudahkan saya untuk kemana aja.,5,2025-11-12 14:53:59,traveloka
449dcfb7-1c04-48e9-b609-39fe6224b0be,Berkah,5,2025-11-12 14:24:54,traveloka
94f579f5-becd-4044-8bac-ff75daae0b23,mantap lah,5,2025-11-12 13:41:53,traveloka
65f4aa8c-c4bf-4053-9ef9-bd54faab7539,saya sudah bayar pesanan hotel saya tapi tidak dikonfirmasi oleh aplikasi,1,2025-11-12 13:09:58,traveloka
f8e8f6b4-6b71-4e0b-a839-1ae1a7927052,baik,5,2025-11-12 13:01:35,traveloka
09fa6e7d-fbdb-4333-9b0c-5a77e60faed3,bagus,5,2025-11-12 12:24:00,traveloka
4e2c6283-fb4c-4734-b11c-6274301bf8e1,baik,5,2025-11-12 11:49:11,traveloka
53494def-d41a-4971-921e-7104bf1b992b,ok lgs bisa dipakai,5,2025-11-12 11:16:16,traveloka
13bf1532-1ef8-4504-ac86-09135b1c430c,mantap,5,2025-11-12 10:41:34,traveloka
966282a7-dd9e-4fb8-81f3-df2c224bd8ab,Memudahkan boking hotel banyak promo ny ... terimakasih,5,2025-11-12 10:38:11,traveloka
eeea85f3-e2ca-423e-96ee-bee64ee45299,Aplikasi ini sangat bagus dan banyak promo2,5,2025-11-12 10:20:07,traveloka
4f0a5edc-47b8-4a6d-a40c-413f9ed440d1,"jujur saya kecewa dengan treveloka, padahal dengan adanya TPAYLATER bisa meringankan saya ketika dinas jauh yang dmnaa biaya hotel bisa di rembes, skrng di blokir permanen , bayar gak pernah telat jujur agak kecewa . cs d tlfn tidak ada solusi",5,2025-11-12 10:13:15,traveloka
8e5d09d1-00fe-4f63-9505-fe5fd42083ec,nice,5,2025-11-12 09:08:43,traveloka
bde2c031-e29b-43f1-b87c-b075a220884c,perjalanan sangat nyaman dan aman begitu harga yg memuaskan,5,2025-11-12 08:02:40,traveloka
38d013a6-4929-42a9-a4b0-037bdc494e2d,aplikasi sangat baik dan mempermudah,5,2025-11-12 07:57:17,traveloka
18b28b48-08df-4aeb-9843-c634d8c06f8b,mudah dan cepat sangat membantu dlm penerbangan kmna saja,5,2025-11-12 07:41:15,traveloka
68a79546-19fc-47cb-85c8-2a8df927c233,mantab,5,2025-11-12 07:16:30,traveloka
95a58403-a5d5-4592-a323-2725b06d67fe,so far so good,5,2025-11-12 07:13:12,traveloka
9f261c12-2962-4579-8613-4b5372b70ee9,lebih mudah dan praktis,5,2025-11-12 05:58:04,traveloka
938d2f29-895e-4660-979e-19c880e90d99,Sangat membantu,5,2025-11-12 05:12:33,traveloka
21b892f4-5b75-4395-ae6b-1743b797076c,𝚘𝚔,5,2025-11-12 04:10:59,traveloka
6de0be20-ad3d-4cc0-a925-484b483aa23a,"Hai Traveloka, saya paling puas menggunakan aplikasi ini. Admin nya pun gercep menangani keluhan saya (keluhan2 kecil). Bertahun2 saya tidak pernah mengalami kendala dalam penggunaan aplikasi Traveloka . Aslii Traveloka sangat2 bisa diandalkan dan bisa dipercaya . Thanks",5,2025-11-12 03:14:34,traveloka
f1ada235-f197-47e5-bc73-5420a2fb341b,transaksi cepat dan gampang,4,2025-11-12 00:01:30,traveloka
3d0d9517-b543-4f74-a034-97b4fae4bae8,good,5,2025-11-11 23:00:02,traveloka
654841d0-67df-4c10-b054-fe71ba56b2bf,good service,5,2025-11-11 22:47:51,traveloka
45462f85-b07c-42b5-8473-c2b39c69c4df,bagus,5,2025-11-11 22:44:43,traveloka
cc8a265c-e486-4c77-8836-cb49c9d94caa,terbaik,4,2025-11-11 22:33:52,traveloka
30f660f4-d291-4a1b-8f1b-87059008e849,"Traveloka keren ! Kebutuhan perjalanan dan kerjaan, bisa dibantu dengan traveloka..👍👍 Terimakasih Traveloka..",5,2025-11-11 22:28:13,traveloka
2347c1aa-e71b-4e18-bf0d-3aa4d874cfac,bunganya Tpayletter lumayan tinggi,5,2025-11-11 21:42:03,traveloka
4f9a7ab7-e941-4342-9b81-4c629d9c60d9,mantab,5,2025-11-11 21:06:38,traveloka
496a29e4-521c-4f46-9a3e-e1f603e0ee48,good,5,2025-11-11 21:02:03,traveloka
7c696375-373e-47ad-8c2c-cae196515083,Pelayanan yang terbaik,5,2025-11-11 20:50:58,traveloka
ce961ea1-1d73-4242-b64c-f25510ff8d9b,good and nice,5,2025-11-11 19:52:41,traveloka
e43e02f6-9598-4c5a-b287-f72df09ae559,Good aplikasi untuk Traveller,5,2025-11-11 19:30:44,traveloka
9c98c415-b2e3-4338-be6a-6596d336bdcd,bagus fast respon,5,2025-11-11 19:28:25,traveloka
a9913a5c-9879-481f-8e23-08e04dac872a,sangat puas,5,2025-11-11 19:15:01,traveloka
5e55b978-d9c4-47d0-ae57-1b3ae3fa43c7,ok,5,2025-11-11 18:48:02,traveloka
ff04c0d4-4ede-4cad-8666-51f1eb07833e,sangat baik,5,2025-11-11 18:20:48,traveloka
ba31f877-6c21-47fe-8eb7-5a252be49a50,pokoknya terbaiklah,5,2025-11-11 18:14:11,traveloka
4832dfbd-4115-43e9-acd6-28e0f8a50f80,sangat membantu,5,2025-11-11 16:17:08,traveloka
67c6b81e-d0e7-4646-81be-9ecc8d6bfc92,ok,5,2025-11-11 15:42:33,traveloka
3b592996-29ab-467d-b070-087b9508cbd4,ok,5,2025-11-11 15:31:10,traveloka
a150439d-3130-4cdc-8371-1b387ea53a92,mantap,5,2025-11-11 15:04:47,traveloka
6f2c21d1-ee68-492f-a9e6-afaf9a6363e3,ok,5,2025-11-11 14:30:06,traveloka
846b7910-6e98-4b32-93a3-b14c6d02881e,ok,5,2025-11-11 13:55:47,traveloka
4ed1c507-6ab9-40ec-bf29-910eee9c0285,mantap,5,2025-11-11 13:12:26,traveloka
122ea0d7-9325-40f0-8d6d-8527ed085efd,ok,4,2025-11-11 12:46:38,traveloka
1170c4e8-7d17-44ca-8048-606a161d7687,membntu dan mudah,5,2025-11-11 11:47:16,traveloka
4568f07a-414c-4798-a5e1-00920b900257,good,4,2025-11-11 11:20:30,traveloka
40e9cc5b-1e5d-4904-99e4-f2a6ca98227d,sangat muda untk healing,4,2025-11-11 11:12:42,traveloka
60d0cd67-5ef3-4f4f-9478-17ec79555af4,terimakasih telah mempermudah,5,2025-11-11 11:08:26,traveloka
8a341b42-e1f5-4164-b6d7-cdca1cad0890,"pelayanan,bagus dan cepat",5,2025-11-11 10:50:01,traveloka
6f93e443-710b-4c9d-9a39-cb8fc7efe1c7,ok,5,2025-11-11 10:45:52,traveloka
2ba0c8b8-f7e1-420c-a335-23e177e886d5,ok,4,2025-11-11 10:19:53,traveloka
0d7b87b9-0be1-4f85-aae2-9bd45aad7d9f,"aplikasi paling enak dan gampang gunanya, trus promonya juga worth it banget",5,2025-11-11 10:04:21,traveloka
a1ea56eb-f8fe-48df-b54d-49b246455365,Refundnya lama banget......,1,2025-11-11 09:45:41,traveloka
167ad4a4-6048-4f72-9198-8292ef6b04cf,good,5,2025-11-11 09:08:39,traveloka
c48f5ad6-e52b-433c-95bc-9bdaa9b54c19,fast service,5,2025-11-11 08:37:51,traveloka
daa7674d-cde3-4eed-a785-3c403f0f1db9,sangat membantu,5,2025-11-11 08:27:37,traveloka
a97f1c54-c752-4bf5-9411-874b43b17d7e,sangat mudah,5,2025-11-11 08:22:40,traveloka
593bd7c0-7414-4c4c-92c7-1d82665ff1d2,bagus,5,2025-11-11 07:41:35,traveloka
8f901497-83a9-45d1-b93a-b336fbc12e91,"sangat berguna untuk pesen tiket, hotel dll",4,2025-11-11 07:32:04,traveloka
4fc1228b-e256-45e4-801e-ae44cdf71cfb,baik,5,2025-11-11 07:02:50,traveloka
4535b597-bdb1-4319-a18b-5619969487fc,Mantappp aplikasinya,5,2025-11-11 07:02:08,traveloka
826df056-eca4-4c4b-b5ee-2fc022d5dd2f,Memuaskan,5,2025-11-11 05:41:28,traveloka
b9128cb6-5e14-4656-aa4d-9f7e183f8a47,i couldn't send boarding pass to email please !! urgent!!,1,2025-11-11 05:36:49,traveloka
12b1442b-a955-4c71-948d-7f2f43ce8a7f,memudahkan,5,2025-11-11 04:21:53,traveloka
826c4e5d-90c3-48b7-a49c-51338b621a91,ok,5,2025-11-11 01:29:01,traveloka
71c4df0d-b3cd-4a5d-b506-df43dbe493ed,"Check-in lewat aplikasi, tapi gak bisa download boarding pass lewat kirim email, bisanya cuma download gambar panjangnya minta ampun, kan tolol ya ini aplikasi",1,2025-11-11 01:10:21,traveloka
da2236a0-0dd7-46d9-846e-a882aac4ebef,bagus,5,2025-11-11 00:58:53,traveloka
5bd6750f-60a3-4f3b-9cee-5917677feada,semoga makin sukses dan JAYA,5,2025-11-10 23:33:57,traveloka
96003cdf-2bd1-47a7-92b4-34369dfb3f5a,ok,5,2025-11-10 22:39:10,traveloka
efdc1565-9a7a-479e-82bf-358929a625d3,"Hai Yusuf Ade Pangestu, Salam hangat dari TPaylater oleh PT Caturnusa Sejahtera Finance. Perlu diketahui bahwa sesuai dengan Syarat dan Ketentuan yang telah Anda setujui sebelumnya saat mendaftar sebagai pengguna TPaylater, Kami berhak untuk menolak transaksi Anda jika tidak memenuhi standar evaluasi Kami, sehingga demi kelancaran transaksi Anda, Kami sarankan untuk menggunakan metode pembayaran lainnya. Uninstall saja :) aplikasi busuk.",1,2025-11-10 22:25:34,traveloka
3ea0b54f-3a69-4d98-8a0f-604d0696af3f,baguss sekali,5,2025-11-10 22:12:59,traveloka
0e92825f-ca2f-49d1-b9d3-64bc42e8c5a8,good,5,2025-11-10 22:06:31,traveloka
313309e9-10db-4b29-b3bb-c77838ae794d,memuaskan,5,2025-11-10 21:42:13,traveloka
c92a2ddd-2d3f-49ff-b2bd-644607c80694,Sangat membantu aku yang sedang merantau & hobby travelling. Thanks Traveloka 😍,5,2025-11-10 21:40:10,traveloka
74f38bb5-637c-4430-9cff-bf0c64ff740f,Good Job 👌,5,2025-11-10 19:44:16,traveloka
0f9701c4-85ba-4ac1-a9cd-1fcd5fe56a53,sering2 promo donk,5,2025-11-10 19:43:33,traveloka
386fc6f2-2028-41eb-b44d-63056dbf77ab,Bagus,5,2025-11-10 19:27:34,traveloka
b1395273-5d8b-42ca-bbbf-7ae4a1d04e8e,"Pas mau d pake ,limit nya terjun payung ke level 😅😅😅😅😂😂",1,2025-11-10 18:25:38,traveloka
299d1989-a001-4cca-9ccb-3e9fdd65abb9,pembayaran lancar sering keblokir level turun trs,2,2025-11-10 17:59:19,traveloka
76499eb5-3923-4a17-a84c-b28a990a7b10,ok,4,2025-11-10 17:54:22,traveloka
6844d5b5-766e-4619-b0d9-53caad2a0fc6,pakai traveloka jalan jalan lebih bermakna,5,2025-11-10 17:29:03,traveloka
eaca3df8-cd14-4111-90db-69b24d936012,recommended bgt,5,2025-11-10 16:59:13,traveloka
f46abb44-1003-4a9d-a846-d2110d9de63a,good,1,2025-11-10 16:24:01,traveloka
4fce50c0-607d-443c-8a82-52bd085de960,ok,5,2025-11-10 16:17:00,traveloka
493e52bb-1756-44ec-8ea1-36bf52f2cd55,wow,5,2025-11-10 15:44:54,traveloka
68445302-6a0f-478e-b1d0-afcbaf11c529,bagus,5,2025-11-10 15:38:09,traveloka
6e91a702-a1c7-40a7-a351-11e574dea650,sangat menyesal beli tiket di sini boarding pas tdk di kirim di email di aplikasi juga hilang.. sangat tidak rekomendasi bagi yg melakukan perjalanan dinas,1,2025-11-10 15:33:50,traveloka
bd98839f-88ff-4fba-91f2-6f964fdd22ce,sangat baik,5,2025-11-10 15:05:29,traveloka
7e76cd95-7835-4b12-b5b8-79f6121ff6dc,mau tanya berapa verifikasinya payleter nya karna sudah 5jam kog masih proses saja saya kasih bintang 3 dl krn lama prosesnya kalu di acc baru bintang 5,3,2025-11-10 14:23:16,traveloka
7140e632-11cd-41d7-abc0-17d843b8ce86,Mantap,5,2025-11-10 14:22:13,traveloka
7de7e0e6-ba51-4ebf-aab3-a41d397ed5b1,Selalu pesan tiket pesawat dan Hotel via Traveloka...,5,2025-11-10 13:43:29,traveloka
ef565cc4-2b90-4c07-acfe-086fd76de8f2,sngt memuaskan.... pesan cepat n tepat,5,2025-11-10 13:37:47,traveloka
63da1ca7-fe2b-4328-88bd-185561656bd7,baik,5,2025-11-10 13:03:01,traveloka
0308dd46-8f18-4d4f-af3f-47219b3bff2a,mantap,5,2025-11-10 12:00:53,traveloka
71a9c2e4-70d4-4d2d-b300-4da0508eaa45,jossss,5,2025-11-10 11:23:21,traveloka
6896e77b-cbb7-4bdd-99bd-bbb6de0f7eb1,pesanan cepat,5,2025-11-10 11:22:46,traveloka
0e8613f1-e546-4e0b-8985-d32c1f3c68e5,mantap,5,2025-11-10 11:09:06,traveloka
3fb5f3c1-7b36-41bb-b9a2-fd9a52635ce8,baik,4,2025-11-10 10:21:10,traveloka
03e820d7-c955-4593-80c3-b6bef1dac5f5,yuk simak ya gan t yg aku cintai t to download t Wee e all the re,3,2025-11-10 09:28:59,traveloka
08d8bd90-7978-4bdf-a83d-a784ef13b572,bagus,5,2025-11-10 09:25:36,traveloka
695109ca-48dd-4e75-add1-515c73462b4c,boleh jga sih,5,2025-11-10 09:19:22,traveloka
8936ee7c-83f7-422c-af61-4dc645d1f449,terbaik,5,2025-11-10 08:24:42,traveloka
331eb44d-6320-46a5-9da0-e14c1dcd45a2,ok,5,2025-11-10 07:51:02,traveloka
1fd49985-d045-4f07-ba9f-b17d76c5e92e,kebanyakan iklan,1,2025-11-10 01:30:40,traveloka
77acb33c-8069-4bd0-85a8-f38129a4026f,mantab,5,2025-11-09 23:06:31,traveloka
fac63236-aca7-49da-a68a-ea4a8ba17d92,sangat membantu dengan harga murah,5,2025-11-09 21:33:42,traveloka
3ab5f716-9f63-4dc8-be1c-0a1b41934674,semoga semakin lbh baik dan mudah dlm sgla pelayananya. pertahankan,5,2025-11-09 20:38:23,traveloka
126850c1-e79e-4e22-bf63-12447b1c862c,terima kasih,5,2025-11-09 19:40:25,traveloka
770c6b05-43c2-4659-a68d-fcbd2f0f6ac0,"mantep, recommended",5,2025-11-09 17:50:30,traveloka
0602988b-7e4e-41b3-82d2-d86727fbef8e,bagus,5,2025-11-09 17:48:22,traveloka
6c45292a-7a86-4885-961b-7b83ddec4ea0,"Pengalaman selama ini menggunakan Traveloka itu mudah, cepat dan aman",5,2025-11-09 16:47:58,traveloka
9069e574-8018-4c3b-8557-114ead7919c1,terimakasih,5,2025-11-09 16:15:03,traveloka
ce41b99a-5910-4783-b0e3-3231cbbf8fcb,Sangat menanti saat dibutuhkan,5,2025-11-09 15:48:43,traveloka
f38f61ca-69d0-4693-862e-9f8fa904bd21,Mudah & efisien,5,2025-11-09 15:23:19,traveloka
1662050e-ca3d-4c0f-87b8-8a31e6b69ede,Mantabbbn Terima kasih,5,2025-11-09 13:44:36,traveloka
9e82e35f-23be-49c1-a7c6-e23d113f1f4e,Okee Mantap,5,2025-11-09 12:56:45,traveloka
b555f14b-c654-480b-86d0-7bc6d99b2f50,"cara menutup akun tpaylate, sdh ditelpon tetapi tidak ada CS yg angkat",1,2025-11-09 12:44:00,traveloka
49422127-44c5-49e1-989f-0044ac4baba1,mudah,5,2025-11-09 12:31:10,traveloka
8acfdaa3-356d-4588-9c49-7a865bd407ee,"saya mau refun susah sekali cair nya sudah d urusin masih saja susah kurang ini lah lurang itu lah harus ini lah harus itu lah, tapi tak kunjung usai sangat mengecewakan, sampai di titik sudah cape , dan uang pun masih belum di refund , jadi silahkan atur saja lah traveloka dan saya tindak akan menggunakan lagi",1,2025-11-09 11:53:24,traveloka
568984e2-97d3-4233-a5fd-94bf580561a5,"kecewa dgn limit pylater dibuat 0 padahal pembayaran lancar, gk mau lg jd customer traveloka",1,2025-11-09 11:26:08,traveloka
50dd88f2-7f87-48ca-a8b1-827275390606,"tiba2 paylater di blokir padahal gak pernah telat bayar,yg tadinya udah di level 4 turun ke level 1 ,ada apa dengan Traveloka?mengecewakan Traveloka skarang",1,2025-11-09 10:48:44,traveloka
0328e3f6-7bb8-496d-940c-df41031b2476,transaksi yang mudah dan menyenangkan menggunakan traveloka,5,2025-11-09 10:47:14,traveloka
8c03b7e8-c878-448c-ae41-d8afbf01a6e2,"poin yg dapat dr tiap beli tiket terlalu banyak, tolong dikurangi jd rp 1 saja/transaksi poin sangat berguna, bs dipakai untuk semua transaksi, sngat 2 bagus dan berguna untuk anda sendiri, lanjutkan terus.",1,2025-11-09 10:41:54,traveloka
0a186c17-d6d6-460f-90f3-15b5a060fc9c,sangat membantu,5,2025-11-09 10:11:22,traveloka
dcfe865d-efa2-4712-b5ee-fb8fb8f53240,ok,5,2025-11-09 09:11:40,traveloka
57e0acf4-3812-4eed-922f-8db0379bb221,aplikasi yang sangat membantu kita,5,2025-11-09 07:05:57,traveloka
0495a76b-75a8-4693-be57-5857f72d418d,aplikasi terbaik,5,2025-11-09 03:38:35,traveloka
077bfc59-6d32-48d8-abff-c79f6e4a5cf3,"Ui Ux Nya keren, Simple,Seamless dan user friendly bgt.",5,2025-11-09 02:06:35,traveloka
9a9727f8-e62d-4625-b7a1-c51f31981f88,"TPaylater sampah, limit tidak bisa dipakaj padahal cicilan selalu tepat waktu, tidak pernah menunggak sama sekali. Sampahhhh",1,2025-11-09 00:47:58,traveloka
221c29d8-ef21-4302-8b20-77f58eff67c9,mantaaap,5,2025-11-08 23:37:56,traveloka
eec0e553-5127-46dd-ad62-c7878ca78b6a,"Overall bagus. Mudah menavigasi menunya & steps smp bayar but, pls waktu bayarnya diperpanjang jadi 1 jam biar kita jgn dirush bgt.",5,2025-11-08 21:49:23,traveloka
4093c11f-f887-46ef-8793-4a690e9da025,good,5,2025-11-08 21:33:37,traveloka
b2fa9bc3-7352-4eaf-82b1-6279493e8a25,good,5,2025-11-08 21:16:18,traveloka
5641fd0f-a012-42f6-9eb0-5899701e2e7a,baik,5,2025-11-08 21:07:25,traveloka
0083df98-4fa7-4290-af49-0d535558468c,best,5,2025-11-08 21:01:07,traveloka
de5cd36a-3117-459f-b5a8-e7c7f6bf7412,ok,5,2025-11-08 20:57:03,traveloka
a52315e3-74c6-495f-bd24-6fe7a7270cd3,ok,5,2025-11-08 20:17:39,traveloka
abeeac4a-3b79-4b9a-bfd0-4bc7a78a7e3e,Good,5,2025-11-08 19:57:59,traveloka
c6611e6a-245f-47b9-b138-65a09cafbf57,siap PP..,5,2025-11-08 19:47:31,traveloka
d1748a56-ccae-4a53-8fe0-9b15c99d6bef,ok,5,2025-11-08 19:37:54,traveloka
335edd8c-ed95-4d74-8e82-4c603999e43a,love bangettt,5,2025-11-08 19:34:08,traveloka
b06a403b-617d-49b4-9d11-e31d24692cb1,proses cepat,5,2025-11-08 18:29:05,traveloka
a300a23d-5bc0-4943-b8f9-77c7dfbc8d12,good,5,2025-11-08 17:52:09,traveloka
dd3a72a8-cefa-442f-86e3-3799ce2a0291,hebat,5,2025-11-08 17:32:10,traveloka
4e8197df-a7da-4037-bd78-9476ef4b3106,baik,5,2025-11-08 17:01:33,traveloka
b45e5f78-3cf7-4d23-b31c-cde78229d0ae,di aplikasi kamar masih tersedia tp pas di klik kamar habis atau keterangan terjadi kesalahan! Kacau makin kesini makin kacau nih traveloka! ganti aplikasi sebelah mendingan!!!,1,2025-11-08 16:58:59,traveloka
b2b3c041-4a37-44f3-aacd-2cef8d624daf,niceee,5,2025-11-08 16:37:32,traveloka
88b6c213-2e34-4d93-bf65-8add38225613,tiba tiba traveloka paylater saya di blokir... padahal ga pernah telat bayar ... sungguh mengecewakan,3,2025-11-08 16:25:59,traveloka
467cbc25-2f01-4a44-8fc8-7c50e1de8d62,saat pemesanan tiket tidak ada informasi atau tulisan kalau data penumpang harus sesuai dengan aslinya.. sehingga saya rugi sekitar 255rb,1,2025-11-08 15:27:42,traveloka
a2fbcb07-8a78-4776-a02a-524f1f9ab312,baik,4,2025-11-08 15:09:02,traveloka
529cac6b-d3a3-4cab-8199-9307a9234017,ok,5,2025-11-08 14:49:56,traveloka
17b1440c-9dca-4968-afbd-800275447089,aplikasi nya bagus saat saya membuat perjalan sata menjadi lebih baik,5,2025-11-08 14:44:49,traveloka
3dfcbcda-a95b-499b-90cd-5c2cca9bff6e,mantap,5,2025-11-08 14:28:31,traveloka
b3d79fee-0adb-428d-9681-588d05e20655,nama sudah tidak perlu ketik berulang ulang itu sudah sangat mempercepat kami dalam pesan tiket tingkatkan terus kemudahan dan buat aplikasi lebih user friendly namun masalah promo terlalu ribet kayak nya gak niat kasih promo,5,2025-11-08 14:28:10,traveloka
f9e76bf3-5ebb-4a8e-824d-e30027dd9c07,mantap,5,2025-11-08 13:58:40,traveloka
4a4fcf8e-0c97-412d-88d3-ae8c4dcf58c5,"Refund bermasalah, hati hati dengan traveloka",1,2025-11-08 13:11:43,traveloka
a85486a3-ed0b-4ad1-987d-83ab9f35caf9,baik,5,2025-11-08 12:35:50,traveloka
9425684c-6dc7-4b72-b8d2-0ede83b5fc50,mantap,5,2025-11-08 11:20:33,traveloka
46dcc4b8-cfbe-4e80-912c-943f0859c534,terimakasih banyak traveloka,5,2025-11-08 11:14:09,traveloka
d43e1969-a375-431b-986e-223e1699d947,"Saya ditipu. Booking hotel di aplikasi terus juga langsung dibayar full, ehh waktu ke lokasi unitnya udah full semua. Padahal disitu keterangannya unit masih tersedia. Ajuin refund masih blom ada jawaban",1,2025-11-08 10:16:10,traveloka
b9f231a1-e70e-412c-9b97-e7802a3d178c,sangat rekomen bgt untuk pesenan tiket nya,5,2025-11-08 10:08:24,traveloka
a031dee1-3388-4672-98b4-685009341e4a,simple,5,2025-11-08 09:02:15,traveloka
66c76b18-177b-4244-8456-b7634ff8aa11,baik,3,2025-11-08 07:53:56,traveloka
b2032554-24c6-45c0-8872-ff8401701471,profesional,5,2025-11-08 07:15:25,traveloka
7a6b3be9-fb76-4353-b908-fdf7c14ebdf2,"sejauh ini menggunakan aplikasi Traveloka cukup membantu,banyak promo tersedia. hanya saja paylater sy dibekukan permanent dengan alasan yg TDK masuk akal,padahal sy sll bayar tepat waktu TDK digunakan untuk hal yg aneh2..",2,2025-11-08 06:41:03,traveloka
24a769d1-292b-4a76-ab7c-a701c40a643a,gampang cara pesan nya.,5,2025-11-08 06:21:06,traveloka
f6c89d18-28d1-4b05-9a28-b0786d43b284,"coba pakai, utk pertama kali",5,2025-11-08 06:14:25,traveloka
dcc61201-53b5-415b-8a8a-e166eb112fad,traveloka harus lebih murah dari yang lain,4,2025-11-07 23:29:55,traveloka
5d88645a-8b90-47af-8697-d29a233ced19,mantap josss gandos recommended,5,2025-11-07 23:07:10,traveloka
b1bac71f-2db1-4aa7-b242-d92afedeefbd,bagus,5,2025-11-07 22:45:17,traveloka
c4aa3131-7679-4cb3-af6d-4e682e2230fb,lumayan,2,2025-11-07 22:06:31,traveloka
a3a9cee3-4b17-4e7f-98e0-4eea26b2214c,gooooooooddddf,5,2025-11-07 22:00:13,traveloka
d552fe59-794a-40ae-9838-a4980a133b78,siip & Memuaskan,5,2025-11-07 19:45:20,traveloka
3004d980-2376-4ef8-8c98-b8a6b6043bf1,sangat baik,5,2025-11-07 19:36:56,traveloka
1fa51ad6-8c3c-44ca-9a2a-f708d9c9fb78,saat proses pembelian/bayar harga sering berubah bertambah itu buruk,3,2025-11-07 17:21:31,traveloka
9b8d09c6-9c43-458e-b562-8c9eeb3c4985,Bagus,5,2025-11-07 17:19:14,traveloka
97e947f9-a987-43a7-83bd-2b3ba1cabd51,Kecewa dengan Traveloka baru mau daftar udah ribet kirim kode ke WA atau sms biar kebaca jangan di telpon ga kedengaran minta dikirim ulang udah ga bisa,1,2025-11-07 16:45:29,traveloka
b059e178-ae26-407f-93dc-e770a84b34d3,bagus,5,2025-11-07 15:21:39,traveloka
40a787cd-525a-435a-9171-0aaadc66f7d0,sangat cepat dalam proses,5,2025-11-07 15:14:08,traveloka
755f4cdc-7170-46f7-9439-d9fefa2bff52,memuaskan,5,2025-11-07 14:41:06,traveloka
215eaf43-7477-459b-a9df-4078cd0627f8,opsi yang bagus utk memilih perjalanan dari tempat tidur,5,2025-11-07 14:34:59,traveloka
d1c9b605-d80c-4fa5-b306-9b2a5fb972eb,oke,5,2025-11-07 14:16:05,traveloka
12b64090-7beb-42b4-bb01-4030e4928eb9,top,5,2025-11-07 13:58:38,traveloka
16b72ce1-32fa-44b4-ab7c-b8aa2b4a3049,tetap top cer,5,2025-11-07 12:39:01,traveloka
3dcbba7f-f2d4-4547-be10-dcaf4512314a,baik..proses cepet,3,2025-11-07 11:58:51,traveloka
9a291328-47ca-4a34-876c-0f6cd1c368ea,oke banget,5,2025-11-07 11:25:13,traveloka
693e824c-d132-4050-b47b-1f98f600790c,mantap,5,2025-11-07 11:01:07,traveloka
3e4ad7b4-a54f-402f-af4a-2f94652bdc9b,"aplikasinya bagus, sangat membantu",5,2025-11-07 10:57:40,traveloka
2749d4d5-6aa2-462d-99f8-459cbfba55b1,mantap,5,2025-11-07 10:24:45,traveloka
842a6ffc-d2fd-4f6c-99da-6b66a8019c81,"saya kecewa sekali dengan Traveloka kenapa harus di adakan tiket ga bisa di refand, harusnya semua tiket bisa di refand mau ke luar negri atau dari luarnegri ke indo mau kemana juga jadi mempermudah ketika sakit mendadak atau bagaimana juga , bisa di refand",1,2025-11-07 09:27:48,traveloka
7353ec5f-9919-4e1e-accb-0ccb5d9fee86,mantap,5,2025-11-07 08:20:09,traveloka
ee57a566-5ec2-4377-bfa4-9dfec8083f0d,oke,4,2025-11-07 07:49:36,traveloka
c76dd711-3c3d-4fd4-a7c0-4652d1afe8ed,pelayanan baik,5,2025-11-07 06:08:37,traveloka
58d4e346-d451-412b-b44a-8977f4fb0cbc,biaya layanan terlalu tinggi,3,2025-11-07 03:58:31,traveloka
af075162-5de4-4975-a775-999d4169f947,Good Very good,5,2025-11-07 03:57:16,traveloka
936649c4-ab3c-4cd2-8bc7-ffddae0cef3c,Traveloka sangat memuaskan dan masukan saya kalau bisa setiap kali ada pembelian tiket di Traveloka selain dapat poin pembelian harus ada bonus uang tunainya biar lebih memuaskan pelanggan Traveloka,5,2025-11-07 01:57:55,traveloka
01d74af3-5a0c-4789-908c-b5f8051bb3eb,ok,5,2025-11-07 01:52:55,traveloka
d83c7fe9-c356-4a2d-9f2a-fd20a9aa8c91,mantap,5,2025-11-07 00:47:43,traveloka
14c42eb0-8a96-4500-a4f6-e61806012dfc,"sangat membantu, thanks🫂🙇‍♀️🌷✨",5,2025-11-07 00:34:42,traveloka
10d642cf-93f2-4039-95a4-5adc71f032cb,mudah dan prosesnya cepat,5,2025-11-06 23:41:54,traveloka
3f2c3b1f-677c-4de0-b762-84dce62aa9bd,mantap,5,2025-11-06 21:31:30,traveloka
981e8a2d-bbb1-41f0-b292-cda0fc241cfa,oke banget,5,2025-11-06 21:03:25,traveloka
100ee194-b945-4257-8af5-b183f95deb6e,ok,5,2025-11-06 20:42:31,traveloka
55e6e333-0903-44d9-b0f7-88ea44f1858c,"MENDADAK LIMIT TURUN SAMPAI DI 0 padahal aktif dan sering untuk melakukan transaksi dan pembayaran juga selalu tepat waktu apa yang SALAH??harusnya limit nya naikkan. apakah system nya yang salah atau bagian analystnya yang tidak benar.dulu di blokir dgn alasan lama tdk melakukan aktivitas, setelah di komplain aktif kembali dan terus melakukan aktivitas pembelian dengan pembayaran yang terjaga dan bagus malah limit di NOL kan dan level di turunkan, sebenarnya bgm cara kerja platform ini,ANEHH!!!",1,2025-11-06 20:33:41,traveloka
0e3dfed6-e8af-4aeb-81c0-0051bd54bfc0,sangat membantu dalam pencarian Tiket,5,2025-11-06 20:26:01,traveloka
6767cef8-5cc2-4ed6-b4ff-bed8bbb8d365,app sangat baik dan mudah dimengerti,5,2025-11-06 20:25:55,traveloka
53e6e847-0a04-45b6-9ea7-6e926f79ac3a,Best,5,2025-11-06 20:09:16,traveloka
30eec78b-e952-4ee8-a97a-a248fff4d5c6,mantap,5,2025-11-06 19:48:56,traveloka
23910418-82a5-4f8c-a277-ff06ed58cead,the best,5,2025-11-06 19:29:52,traveloka
8cac8b97-c9ce-4feb-9bea-70805041115e,good,4,2025-11-06 19:02:30,traveloka
b1632fcb-3453-4c15-91f0-e9f58654904a,bagus mantep josss,5,2025-11-06 18:50:10,traveloka
db858450-6e2d-4ffd-8e27-954cfc458834,cepat dan mudah,5,2025-11-06 17:52:52,traveloka
7d47d940-eab4-4c48-8623-992ddb78e7ef,oky,5,2025-11-06 17:10:58,traveloka
0460a807-58d5-4c6c-bf71-2eea949dc11e,mantap,5,2025-11-06 16:48:54,traveloka
d106501c-464b-47e2-bb21-d901dfa1844e,Traveloka paylater lama tidak di pakai tiba tiba akun Tpaylater saya di blokir permanen tanpa ada pemberi tahuan sebelumnya,1,2025-11-06 15:48:55,traveloka
42ff7a80-ef32-4e74-80f4-b0e59e19ac29,Aplikasi bagus dan cepat,5,2025-11-06 15:48:10,traveloka
2a28d6c5-3a51-47bf-ac37-7b8ca5aa10d5,love banget sama traveloka. semoga ada applikasi lite nya nih,5,2025-11-06 13:00:26,traveloka
162fede9-cd09-4e14-a3d8-ede1412add0a,the best,5,2025-11-06 12:54:14,traveloka
b1a00bba-d93a-4961-a3c5-36ba99081c63,cukup membantu,5,2025-11-06 12:44:49,traveloka
ee169438-c984-4067-9f04-ceee5797bddf,good,4,2025-11-06 11:40:59,traveloka
6b50aeec-02cf-473a-a61b-868e39e39fe2,ok,4,2025-11-06 11:25:19,traveloka
d3c0beb3-3a14-41f0-b6c0-6278951fd135,bagus,5,2025-11-06 10:51:18,traveloka
b7ca46c4-b3a3-4573-8028-fc45221a6778,bagus,5,2025-11-06 10:39:32,traveloka
052c66e4-1135-4085-a9d2-04668942946f,bagus,5,2025-11-06 10:30:34,traveloka
32a690df-8136-4d78-9b8c-bc0386380cec,baik,5,2025-11-06 09:41:17,traveloka
6ab078fe-3ddd-4027-bd5b-a0d6c7831b92,terimakasih sangat mudah untuk saya dan keluarga,5,2025-11-06 09:18:07,traveloka
487b54ba-ddf8-451c-9696-5b959999b483,good,5,2025-11-06 09:01:58,traveloka
95d8680d-3d66-4108-b61f-e6544a257f10,Bagus,5,2025-11-06 08:22:17,traveloka
8ab43415-cad6-40f4-82d6-03f1083d0b49,luar biasa membantuku,5,2025-11-06 08:11:00,traveloka
fd89da2b-c2ef-4c78-af42-9d11d6b1805d,alhamdulillah,5,2025-11-06 07:52:39,traveloka
40ed362c-83cf-438a-9330-efe2a1570317,bagus dan ok,5,2025-11-06 07:36:40,traveloka
4691cd17-fce2-42d7-aa19-4ca079d9bd5c,the Best,5,2025-11-06 07:14:25,traveloka
9bd8fd92-c675-4c8a-af9a-c40fe3ba721c,aku sangat suka dengan aplikasi ini semoga ini sangat baik untuk kedepannya,5,2025-11-06 06:50:43,traveloka
9f6e1f08-a7cf-43e8-b34c-bfb69032f5eb,pakai traveloka lebih aman,5,2025-11-06 06:47:28,traveloka
76dce7cd-f386-4c33-8505-e4b5b634e14e,"mudah digunakan, sangat membantu..",5,2025-11-06 06:22:05,traveloka
ff54c3f2-92a8-45aa-a3e5-256931bcc2df,mantap,5,2025-11-06 02:24:05,traveloka
1c44732e-4bca-4144-9687-db98f1f71e12,Good respon,4,2025-11-05 23:20:18,traveloka
714b7781-c07a-4818-8f7c-49bc4f0a25a1,baik,5,2025-11-05 22:53:05,traveloka
317b38cb-a244-4dd5-a32d-13f28120b6f2,terima kasih Traveloka..sangat membantu traveling keluarga,5,2025-11-05 21:26:43,traveloka
8fad4235-84f0-46c8-b011-14fbb57b2c7a,good,5,2025-11-05 21:26:26,traveloka
1f1934ba-e9cb-42ba-9473-ad1c1aeb246d,mantap,5,2025-11-05 21:25:38,traveloka
c0d0c863-e779-4e8b-a64c-04226aab053e,oke baik,5,2025-11-05 21:22:31,traveloka
8cd2176e-0a2c-4e5a-b194-ac777c6f0cb5,good,5,2025-11-05 21:20:25,traveloka
288ef2bc-6f77-4baf-99cc-23cf64f85cb9,oke,5,2025-11-05 19:25:42,traveloka
80a19ba4-f0c3-4d24-80e5-45420cf2e06d,Mudah dan Cepat terima kasih Traveloka,5,2025-11-05 19:03:41,traveloka
02e7811f-2de3-43e9-ab8f-d3466a08449c,"dikasih paylater limit besar 14.700.000 begitu dipakai, 49%, langsung turun limit, percuma lu kasih limit ke gw, pembayaran selalu lancar dan ga pernah telat sedikitpun, ngaco mih emang",1,2025-11-05 18:36:39,traveloka
e58cb00f-bb92-4785-9761-04705f121c84,parah CS atas nama farah ngak bisa di reshedule padahal dr pihak hotel bs di akomodasi untuk reshedule,1,2025-11-05 18:06:20,traveloka
5460283e-8155-4566-aa39-4a4c324a9f8d,sangat baik,5,2025-11-05 17:40:35,traveloka
f8199597-f0db-49d5-9915-7f4231aa6061,🥰,5,2025-11-05 17:37:33,traveloka
dc339d5a-1845-466c-94d0-2fba5db249bc,"ternyata bukan saya sajah yg tiba2 akun paylaternya di non aktifkan. padahal ga pernh sama sekali telat, dan ga banyak pake juga... dgn penjelsan cs nya ga sama sekali memberikan solusi.. waahh ada apa dgn traveloka.. apa kita harus nunggak berjamaah sajah",1,2025-11-05 16:59:35,traveloka
28874738-ad50-41ef-855a-1da9e5089472,ok,5,2025-11-05 16:31:43,traveloka
435ca791-e01a-41a7-9f4b-5b1eefc09f37,😍,5,2025-11-05 16:15:10,traveloka
973dd592-bd0a-491b-987b-42d372a7f3bb,memuaskan layanannya,5,2025-11-05 16:01:41,traveloka
e4f166fc-cd3f-4b2a-895d-300698948ab3,good jib,5,2025-11-05 15:42:09,traveloka
29157323-86f6-4fd9-9174-a32911191a8f,bagus,5,2025-11-05 15:38:55,traveloka
4ad8ffa6-a7a7-4fd1-8159-15671fb47511,mantap,5,2025-11-05 15:18:02,traveloka
0080108a-94a4-4eb1-94a7-d8bf26ad079d,pelayanan bagua dan mantaaaps,5,2025-11-05 14:38:08,traveloka
a5cbbaeb-5019-401f-b4a0-a473da780c57,auto bintang 5 lagi. karena Tpaylater nya sudah bisa di pakai. thanks...,5,2025-11-05 14:19:57,traveloka
bd4f2670-ba18-4e45-9ae0-000cb62665a8,ok,5,2025-11-05 14:00:08,traveloka
06a39f8b-5efb-4e2a-9f0e-2e9e76f330b5,mantap,5,2025-11-05 13:47:12,traveloka
3bc5fbff-554c-4ee4-a36a-8231dbeae901,makasih pay Tlater,5,2025-11-05 11:44:47,traveloka
62ac6e84-71de-4433-b912-f6a7f35f8a01,"paylatter bayar tepat waktu, naik level 2, gak digunakan diturunin lg ke level 1. nanti kalo digunakan terus, gak semua limit bisa dipake...👎",1,2025-11-05 11:35:06,traveloka
da56958b-31db-458b-b886-c7a95b166e6c,sangat bagus,5,2025-11-05 11:32:22,traveloka
2857bc9a-1489-430c-8e00-7f9e84e02d9f,"Aplikasi bagus, sangat terbantu dengan adanya Tpaylater 👍🙏",4,2025-11-05 10:46:53,traveloka
422d10fd-5324-4321-9384-805f6db352c3,untuk menu penjualan tiket dan akomodasinya usah lumayan namun jangan pernah ajukan pay laternya. 3 hari sebelum jatuh tempo kolektor sudah mengganggu dengan spam call!!!! bunganya juga gak wajar.. otw ojk cek!!!!,1,2025-11-05 10:40:56,traveloka
3b8e2b04-293d-4c1e-b217-ba87ec7948e3,memudahkan urusan,5,2025-11-05 10:32:01,traveloka
0da61710-d076-4369-a9c0-c3e660be260d,"saya pengguna aplikasi Traveloka selama 5 Tahun dan pagi ini sangat kecewa karena pada saat waktu yg saya perlukan tapi paylater saya tiba2 di blokir dan saya ga pernah bayar telat waktu untuk setiap bulan sampe beberapa tahun ini bahkan paylater saya sudah level 3,sudah saya laporkan ke CS via email dan sampe saat ini blm terjawab sangat ga ngerti maunya aplikasi ini apa? kl mau blokir tolong lakukan investigasi dl dan crosscek langsung ke customer.. ga jelas loe.... harus uninstall kayanya",1,2025-11-05 10:14:52,traveloka
86ba631b-f80b-4d10-910d-648d690fc867,"kocak banget level 2 limit 15jt,baru dipake 4jt, ga pernah galbay, ga pernah telat bayar, sering dipake juga tiap bulan, tiba tiba diturunin ke lvl 1 dengan limit 5jt, lalu diblokir dengan alasan udah Makai 75% limit. keren banget strategi nge blokir paylater nya 👏",1,2025-11-05 10:13:27,traveloka
d4d7fb8c-c15f-4705-91a3-20e4877c3c05,sangat cepat pembayaran,5,2025-11-05 09:00:15,traveloka
d9c451b8-7f70-4adc-982b-c0b760ac3162,terpercaya,5,2025-11-05 08:52:50,traveloka
d18a0641-97e2-45ce-9c83-8533a30f9515,"Traveloka Memang Keren, Best 👍👍👍,Dambaan Ribuan Umat 👍👍👍Bintang 🌟🌟🌟🌟🌟🌟🌟🌟",5,2025-11-05 08:52:49,traveloka
42d63c73-0e05-4144-a327-c8e50215130e,sudah baik,5,2025-11-05 07:09:42,traveloka
53d498ed-19a3-4a59-85ce-cb96bfb18202,sangat mantapp,5,2025-11-05 07:04:22,traveloka
7de70dfd-7d07-4c02-aea4-4c7f9b29e096,pesan hotel etiket selalu keluar dihari yg beda !!!,1,2025-11-05 06:45:17,traveloka
07818e64-df1b-47fa-94bc-84995e7228fb,keren dan lebih murah,5,2025-11-05 06:31:03,traveloka
12c855bf-265c-481d-85e5-cfb4e3108d2f,wonderfull traveloka,5,2025-11-05 06:28:19,traveloka
d1d2bbb1-e0f6-4707-af9e-7cf5a51b3d71,mantap,5,2025-11-05 04:58:20,traveloka
aad24573-24a2-4fda-b78c-bbacd7672a30,ok,5,2025-11-04 22:49:34,traveloka
ffed7ac7-fb6e-481a-bfd8-edc8dd87e2b9,"mendadak limit turun dan level paylater turun,padahal tidak pernah telat bayar dan rutin pemakaian,ketika diinformasikan ke customer service,jawabannya bikin nyesek dan mual,DEMI KENYAMANAN PELAYANAN,aplikasi payah,selama pakai Traveloka baru sekarang ngalamin kejadian seperti ini",1,2025-11-04 22:03:20,traveloka
f2e7655c-0c7c-4aa0-be96-b1bdd71cde4a,mudah dan gampang,5,2025-11-04 21:14:45,traveloka
72d0b53f-42e1-4d55-9e19-6bb68419597d,good,5,2025-11-04 20:36:18,traveloka
35be7f5c-551c-4b4a-b4ff-35f64bb6054a,Ok,5,2025-11-04 20:32:58,traveloka
79a5ac0f-bcd7-48ff-938a-04d2424bf0d2,Aplikasi yang Luar Biasa,5,2025-11-04 20:30:18,traveloka
098d7700-a0d5-4daf-a454-16669aa951d2,bagus,5,2025-11-04 20:09:30,traveloka
6ed39dee-be22-491a-958a-2ffc71ff9036,thebest,4,2025-11-04 19:39:13,traveloka
8e8e9a1a-5c29-432d-abc5-640e893cef82,aplikasi gk jelas bayar lancar gk pernah telat penguna aktif tiba tiba level turun ke level 1 ... udh saldo gede gk pisa di pake gk jelas ni aplikasi gk rekomen buat yang mau pake aplikasi ini dari pada kecewa nanti... saran saya,1,2025-11-04 19:35:38,traveloka
df0934b1-ab35-4a2e-ae58-aac67aeb7003,ga jelas,1,2025-11-04 19:15:29,traveloka
9a03a6a4-e759-4a3c-9a91-fd59c655b067,sangat membantu,5,2025-11-04 18:17:16,traveloka
7431f392-1927-4d9e-a953-ec27ab5a5ddb,banyak promo murah,5,2025-11-04 17:46:35,traveloka
a16e7f02-d9e7-4ead-ad54-1d67240f80b1,luar biasa Traveloka sangat membantu,5,2025-11-04 17:39:39,traveloka
af0f56ac-85c8-4667-bca4-a5ff3a32a905,"hati² klo soal pembayaran mo d cancel. tulisan ny refund 100 persen tp nyata nya potongan. trus bayar pke paylater pas mo cancel pun ribet ny ampun. masa cancel tetep suruh org bayar, mana nelpon Mulu gak jelas.",1,2025-11-04 17:16:20,traveloka
56e24700-6948-4664-a723-e9c00a76827e,bgus,5,2025-11-04 16:45:30,traveloka
fa6cabe7-3eb3-4528-95ea-11bef46fab29,mantap,5,2025-11-04 16:30:27,traveloka
72ae1053-96fb-44a0-a07c-f02cdc277621,informasinya cukup jelas.,5,2025-11-04 14:45:04,traveloka
f8ef3cdd-d131-403d-a784-1c982871faa0,okey,5,2025-11-04 14:04:31,traveloka
689100f5-8e44-489e-8556-c4e6a80eb312,sangat puas,4,2025-11-04 14:02:10,traveloka
5fcb49cc-9524-4a58-88c0-b9cf95500675,bagus,5,2025-11-04 13:43:17,traveloka
ff603889-6e9d-4ee6-8e8e-9c32cda41902,sangat recomended,5,2025-11-04 13:14:33,traveloka
13b41514-9a59-4b6d-9ae4-9d928119396d,sangat membantu,5,2025-11-04 12:38:30,traveloka
30bacc8f-7fed-40b5-ab2c-f500e1c7eb72,"1. ""Proses pemesanan tiket di Traveloka cepat dan efisien."" 2. ""Harga promo dan penawaran Traveloka selalu menarik perhatian."" 3. ""Pelayanan pelanggan Traveloka responsif dan sangat membantu sekali."" 4. ""Transaksi pembayaran di Traveloka aman dan terpercaya."" 5. ""Informasi penerbangan dan hotel di Traveloka selalu akurat."" 6. ""Traveloka memberikan banyak pilihan destinasi perjalanan menarik."" 7. ""Notifikasi pemesanan dan pengingat dari Traveloka sangat membantu.""",5,2025-11-04 12:23:08,traveloka
56b0ac61-d7a7-4fb7-a0e7-1d162db7ca1a,ALHAMDULILLAH,5,2025-11-04 11:42:39,traveloka
c3def55b-d809-48ec-b443-22ae3842897f,mantap 👍👍👍👍,5,2025-11-04 10:58:02,traveloka
25e0c99a-a30b-495b-8163-bd0c8644e7e7,"bayar tidak pernah telat , tapi mau pakai lagi sudah tidak bisa",1,2025-11-04 09:17:30,traveloka
3322c06e-d5c2-436b-93d0-6443217f5b41,mantap jaya,5,2025-11-04 08:51:47,traveloka
6ca2e3f5-6da3-485c-85a4-d2262d2818fa,terima kasih,5,2025-11-04 08:05:37,traveloka
cc85bb0c-b18f-434d-b838-09e903080f0b,sangat membatu,5,2025-11-04 07:20:08,traveloka
efb2791c-05f7-4962-b0b7-ba731a033b7b,bgus,5,2025-11-04 07:10:01,traveloka
55517125-f5d7-4364-a6ca-5735e310817b,terima kasih sdh memudahkan,5,2025-11-04 05:52:28,traveloka
ad4250c0-0981-4144-b96e-cf14025f3923,bagus n bisa ditingkatkan lagi agar kita lebih mudah memakainya,5,2025-11-04 05:39:28,traveloka
28030175-a3e5-4e5b-8d55-68585a06df39,mudah.. tidak ribet,5,2025-11-04 05:13:50,traveloka
b1549096-cfb2-419d-b9ec-db1b49eddf87,mudah dan simple,5,2025-11-03 23:51:02,traveloka
8ec1ea6b-ccce-4772-9336-91429eab0789,lwt Traveloka mmng mntap,5,2025-11-03 23:26:27,traveloka
47591371-4fe0-4595-b0a3-c438eccaee93,Josss,5,2025-11-03 20:49:14,traveloka
02fe04d3-8b66-42e7-8d59-f6063b56a3c4,Bagus sekali sangat membantu,5,2025-11-03 19:30:25,traveloka
fa4149d0-e917-42e7-bcab-ddb3d1547a50,sering error,3,2025-11-03 19:01:53,traveloka
e606b2ad-8e46-47d2-bbac-417e29dfcde3,good,5,2025-11-03 16:50:37,traveloka
e864b3d3-6e35-492b-8435-dae4c4bc78d3,puas pelayanannya,5,2025-11-03 16:25:06,traveloka
686d7a9a-5453-4611-9473-e683fb9043a7,uda d cancel tagihan tetep ada. tetep d suruh bayar. pnya otak gak lu uda d cancel tetep suruh bayar. ribet banget ngmng d bolak balik trus. masi bnyk aplikasi laen buat boking hotel doank,1,2025-11-03 16:10:50,traveloka
cebd4c8a-0c82-492a-9854-4ba1551ea2fe,mantap,5,2025-11-03 14:52:04,traveloka
90e792a0-3943-45da-bd8f-7c8286f73fa0,bagus,5,2025-11-03 14:46:19,traveloka
f04d5943-8af2-495d-983b-e1dc0a4ecd95,cukup lama pengguna aplikasi traveloka sangat bagus,5,2025-11-03 14:40:29,traveloka
a7b0adf2-24d7-4d76-9e17-078fdff6bc2c,ok,4,2025-11-03 14:15:20,traveloka
7bf96837-67ff-4820-bd69-72b033ca797f,sayang tidak kerja sama aplikasi dana,3,2025-11-03 13:02:35,traveloka
5e6a6a09-5b9b-477e-b6ee-f84536540f92,ok bgt,5,2025-11-03 12:29:23,traveloka
05ba39f6-667d-417b-86e4-a0b56dd41aba,proses mudah good,5,2025-11-03 12:22:55,traveloka
b23cb659-30f7-44d4-b2fd-bb8de039ee72,sangat memudahkan membeli tiket dan harga terjangkau,5,2025-11-03 12:19:19,traveloka
2b157d15-3818-4ee7-b27f-4dc90df61764,selalu beli tiket ditraveloka gak ribet cm selama ini blm pernah ngerasai dpt potongan harga atau disc...,5,2025-11-03 12:16:32,traveloka
95458568-3f39-429e-b5f5-66b768217c75,Dengan traveloka dimemudahkan,5,2025-11-03 11:52:39,traveloka
9762d138-5f46-4101-a6d0-211b61ccba3c,Nice,5,2025-11-03 11:08:13,traveloka
e0844a6e-4e71-4005-bbab-84a749e4638d,Beda akun beda harga,1,2025-11-03 10:38:53,traveloka
c40fb251-a1a0-43ba-8528-1a8ff7d8c0f8,sangat bermanfaat.,5,2025-11-03 09:58:46,traveloka
1e93a0ec-b782-40dc-9fc7-887a9975b4e3,good,5,2025-11-03 09:56:11,traveloka
cf86c710-c163-4ea4-b5fa-10a090510244,saya tidak ikut ansuransi tiba tiba ada ansuransi payah,1,2025-11-03 09:13:39,traveloka
61ee4165-7556-4d95-8116-d5699fbbd73d,memuaskan,5,2025-11-03 07:56:39,traveloka
ee774cff-f944-46f7-babd-c3595687fb18,sangat membantu mencari hotel,5,2025-11-03 07:25:35,traveloka
2cb050cf-fc9c-4f00-8ddd-38baeae77954,dengan Traveloka semua menjadi mudah dan terarah.,5,2025-11-03 04:22:30,traveloka
e35a8229-5375-44c6-ba54-0d3fbb8e08af,sangat membatu proses cepat,4,2025-11-03 02:52:31,traveloka
832f5191-33f6-4f6e-91ab-2ab7cd6b2c46,kenapa tpay saya di blokir ?,1,2025-11-02 23:11:33,traveloka
e2350834-3850-4b3b-8a35-3dbf9cb8555d,bagus,5,2025-11-02 21:42:38,traveloka
b6574144-ce1e-47b6-8922-ffdde26126e0,service cepat,5,2025-11-02 21:39:18,traveloka
b13a6b30-c377-498d-96b9-6ccab3baa15d,"ternyata bukan saya doang yang paylater nya gak bisa di gunakan, aplikasi aneh padahal bayar selalu sebelum jatuh tempo tapi masih aja gak bisa di gunakan mending gak usah di bayar sekalian lah... pokoknya bnyak orang kecewa pake aplikasi ini.. CS nya gak kasih solusi sama sekali, keliatan banget mau mempermainkan nya itu.. pokoknya jangan mau lagi pake aplikasi ini.",1,2025-11-02 21:17:17,traveloka
b5941d8b-aa53-4e70-8e9f-95619e6546f7,ok,5,2025-11-02 20:50:48,traveloka
2828a52b-f303-48b3-ac6c-ef20d2e73305,cukup membantu,4,2025-11-02 20:34:10,traveloka
d6ee6c3f-d4bd-4287-906a-d4244375e97d,Cepat dan Tepat informasinya dan Prosesnya,5,2025-11-02 19:31:29,traveloka
248645c9-85c9-4e3a-adcd-d3fa4f9d9fad,mantal,5,2025-11-02 18:09:24,traveloka
d3f43581-06dd-4bc4-9cb4-3307061a6751,nice,5,2025-11-02 17:44:22,traveloka
42463464-53b0-4517-a449-46128500edb0,oke,5,2025-11-02 17:22:57,traveloka
0d49fba6-25a7-44b4-9dc6-482204aabf9a,good,5,2025-11-02 16:50:51,traveloka
e9668b4a-105f-4d47-9cc2-c2b8417098e0,ok mantap,5,2025-11-02 15:50:34,traveloka
51368266-f81a-4176-9fe2-d1cdfc88daa6,mantap,5,2025-11-02 14:12:16,traveloka
d0c5b04c-de19-4551-87f4-c1aae783a813,gaje,5,2025-11-02 10:19:50,traveloka
882a04b7-3027-4ab2-aa17-24f4afbf0e01,kren,5,2025-11-02 07:44:00,traveloka
f222e453-70e6-40fb-ae56-1824337205ac,sangat membantu,5,2025-11-02 07:35:16,traveloka
edb5f5d9-7f65-48c7-aeb4-5d46bb9279c9,iklan dimana mana mengganggu banget .. maksa banget tolol,1,2025-11-02 01:29:19,traveloka
917dd414-8657-41d8-b77f-8b3a6f1c8616,sangat mmpermudah perjalanan,5,2025-11-02 00:38:10,traveloka
3bcbefa3-741b-488f-a52d-67648807c12e,sangat bagus menggunakan aplikasi ini,5,2025-11-02 00:15:48,traveloka
12a886cb-20e5-4373-af8e-a3a23d2f0890,terbaik,5,2025-11-02 00:10:58,traveloka
c7e3a145-e361-4d52-a7b0-a0b299dccf80,sangat membatu banget,5,2025-11-01 22:45:05,traveloka
3e76b680-8ccc-4438-a909-37eb54f38019,"saya merasa dirugikan sekali dengan pihak Traveloka, kalau pemesan telah full booked kenapa pihak Traveloka mengalihkan hari check in tanpa pemberitahuan user, sangat sangatengecewakan",1,2025-11-01 22:18:04,traveloka
25dd8705-d134-4bde-b3e4-347774b5ba2e,bagus dan baik,5,2025-11-01 22:17:38,traveloka
6157653f-aa72-4e2b-8788-4a4f425c953d,Kenapa sekarang hanya ada fitur pesawat dan hotel? kenapa tidak ada fitur kereta api?,5,2025-11-01 21:53:52,traveloka
f032a940-4e54-471b-aa9e-7d3e60c2dd3a,"memuaskan, terimakasih",5,2025-11-01 21:48:59,traveloka
72f72b19-345f-43cf-bee2-9253c91aa7a3,mantep cepet diskonnya banyakin yah,5,2025-11-01 21:44:41,traveloka
b541107b-9dcf-4a27-afbe-b331e91b3367,mntap,5,2025-11-01 21:41:24,traveloka
7a79b052-761f-4368-b520-df37782086d9,suka banget sama traveloka banyak diskon,5,2025-11-01 21:41:13,traveloka
1648e0e6-a91b-477c-b1fe-69104567bcd1,HOTEL PENIPU,1,2025-11-01 20:51:05,traveloka
cf751a4a-0e7b-4666-becb-254448d51cc5,sangat baik,5,2025-11-01 20:11:37,traveloka
d75e6933-cbf8-4051-b452-da66a0a5da80,ok,5,2025-11-01 19:57:14,traveloka
53622a59-eb91-4d03-8c0a-f2f867ff3f6f,layanan bagus dan pemesanan cepat,5,2025-11-01 19:42:15,traveloka
09848d36-9018-46c8-ac60-a88488e5bccc,cepat dan tepat,5,2025-11-01 19:22:52,traveloka
a9e7bb89-fc2a-407f-b520-5e528a60cd7d,mantap,5,2025-11-01 19:05:39,traveloka
27c7efeb-f4f7-4c0b-bb83-17d251b62745,user friendly,5,2025-11-01 18:40:25,traveloka
82089895-39d6-493e-ad69-fd90924ef33c,mantap,5,2025-11-01 17:08:56,traveloka
133c05ed-ea9b-4356-bfa3-fcc9f4b98953,good excellent,5,2025-11-01 17:04:00,traveloka
c71e4d8b-cd48-483d-8c34-5c7a48c08ee1,ok,5,2025-11-01 16:38:29,traveloka
e47c58fa-ee82-448b-a2c3-1d957a6b5d17,smoga amanah,5,2025-11-01 15:45:59,traveloka
2072df1b-e3a1-401f-9603-2c80d9a3a33a,selalu setia pakai traveloka,5,2025-11-01 14:45:42,traveloka
4330ec33-0fe0-40dc-87da-383d33aeeff6,sangat mudah dan nyaman,5,2025-11-01 13:24:41,traveloka
db842366-4a61-42f0-9096-4b368a381568,sangat membantu pada saat mo pergi perjalanan yg mendadak utk pay leter nya.,5,2025-11-01 12:36:06,traveloka
4e420ad5-5fcc-4924-a862-5589ca768aff,ok,5,2025-11-01 12:22:34,traveloka
738e4772-caa9-4100-b05e-6235c0726cdb,ok,5,2025-11-01 12:13:56,traveloka
83e97c62-6092-4383-b583-180168db6c01,ok,5,2025-11-01 09:11:32,traveloka
ae914df5-221b-4a54-878f-3950d35cdbb2,puas bangett,5,2025-11-01 06:55:31,traveloka
7a2851f1-4b4d-47af-9199-f7790cad8edd,traveloka mempermudah kita dlam mencari tiket. maksih,5,2025-11-01 06:49:59,traveloka
42c60d0c-cf70-48bb-a230-62c1e25113c4,ok,5,2025-11-01 01:22:34,traveloka
96019840-f0f5-4aae-b7cd-e714ca6f1170,mudah dan gak ribet.,5,2025-10-31 22:15:04,traveloka
5cdfbc91-e9c4-46dd-bb72-ee9188042bf8,maaf akomodasi ini baru saja merubah harga !!!!!,1,2025-10-31 22:09:04,traveloka
91ab61e1-2c97-4278-8b8b-1960d13f7483,sangat bermanffat Traveloka,5,2025-10-31 21:16:09,traveloka
32a24baa-7a02-4e68-8b7b-e53f63eabaa5,ok bagus,5,2025-10-31 19:54:58,traveloka
39effa15-acd1-48cc-af7e-85f14c3aa174,"penguna lama yg ga pernah dapat promo, tapi tetap setia memilih Traveloka, ayooo dong Traveloka jgn pengguna baru aja yg di kasih diskon",5,2025-10-31 19:50:46,traveloka
b408b01f-2bea-45b0-b063-bcbd8181ce7d,good,5,2025-10-31 19:34:32,traveloka
7db63d6c-b1b6-4770-a6c3-1ad4be35a03f,lebih baik,5,2025-10-31 18:16:20,traveloka
ec35b9ee-007b-4caf-86dc-4f3e9fa285e7,mantap,5,2025-10-31 17:55:23,traveloka
57834de8-7b66-4b6e-9f26-8a2e09e8cfec,sangat membantu,5,2025-10-31 17:28:08,traveloka
bed99ac5-1b36-42f7-9981-4318e3b9a4df,mantap,5,2025-10-31 17:11:33,traveloka
ab8e6e80-0dbe-4d81-a609-5700ca5833ee,"Traveloka praktis, harga standar dan yang saya butuhkan untuk semua perjalanan tersedia, terimakasih Traveloka",5,2025-10-31 16:58:55,traveloka
250ba2df-f0de-4d0a-b152-b3a29c4e7383,bagus,5,2025-10-31 16:32:53,traveloka
8b61a4f2-3a2f-413e-834a-be56d275e688,good,5,2025-10-31 16:24:57,traveloka
ae249d6b-5c76-4fe3-b88b-acb18b4568cf,aplikasinya bagus banget nggak ribet,5,2025-10-31 15:47:10,traveloka
19e77b8c-a05d-42bc-a362-6236247ee6be,aplikasi mantapp👍👍👍👍,5,2025-10-31 15:44:34,traveloka
4b4292cb-7270-42b0-83e8-27f550b4b2f0,nice,5,2025-10-31 15:43:01,traveloka
57d6909e-4f52-49cb-a219-0ef54e4463a1,kenapa limit paylater tidak bisa dipakai?,3,2025-10-31 14:18:11,traveloka
190f9187-afc3-4e05-9663-14ab623f1a2c,mantap bangett,5,2025-10-31 14:15:37,traveloka
cd00822b-44f2-4d8a-8853-ffcb78e9fe41,"sya sudah pesan hotel sudah melakukan pembayaran juga , tapi tidak ada pemberitahuan sama sekali dri pihak traveloka , krna sya mau tukar tanggal check in tapi tidak bisa krna tidak ada pemberitahuan saya dalam masa aktif pesanan , pelayanan cs nya tidak memberi kesempatan bertanya juga gimna ni min masa di upload di tiktok dulu sih hadeh",1,2025-10-31 13:51:44,traveloka
77889bd1-1136-4543-a194-b63267e22ca8,sudah bayar,5,2025-10-31 13:31:12,traveloka
80a16b27-8be0-46a5-9a76-128ffc2d93b9,nice,5,2025-10-31 13:28:58,traveloka
e4723fe4-b290-4d3b-95a4-26abc86214ed,oke. banget,5,2025-10-31 13:11:12,traveloka
9c0e1a65-ef8e-496e-8af1-00cd0b161cd3,mantap,4,2025-10-31 12:39:49,traveloka
3632cfc1-9fb2-4ca4-ab2c-76fc243d2cfe,Baik,5,2025-10-31 12:08:50,traveloka
d813ba49-db9a-4bf3-bc19-992ade937928,baik,5,2025-10-31 11:33:02,traveloka
dd34c5a7-a472-4ce9-ad32-a5d688549bd7,terima kasih selama ini memudahkan saya dlm melakukan perjalanan Traveloka pilihan saya lebih dari 10 thn semoga kedepan makin banyak Promo untuk pelanggan lama,5,2025-10-31 11:30:01,traveloka
1e29c8b4-6db9-4c80-8cde-d8a6ab98bd72,delay pesawat,4,2025-10-31 09:49:51,traveloka
f86c2d2f-a74c-49b1-87e6-2931b5d387d6,tambah sukses Traveloka,5,2025-10-31 08:40:34,traveloka
a900482d-f623-4ca3-ac64-d8e823c3a338,oke,5,2025-10-31 08:40:00,traveloka
b43023b9-bc6b-4805-854b-cd9a1a8a240f,"Apa saya yang jadi gaptek yak, kok aplikasi ini makin lama makin rumit, setiap pembelian tiket pesawat ortomatis diinput asuransi yang sebemarnya ga perlu2 amat, lalu kalau pesan hotel untuk pembayaran selalu diarahka ke cicilan (paylater). Lama2 saya tinggal juga aplikasi ini.",1,2025-10-31 08:08:34,traveloka
569a2351-1904-4b59-bb36-b7ec56fe57df,baik',1,2025-10-31 08:08:32,traveloka
c09c62df-ee47-480a-a576-09349a97e7e9,okay,5,2025-10-31 06:46:48,traveloka
b7b836cc-5f39-438a-9f4c-8f61c32f8524,aplikasi bagus,5,2025-10-31 06:28:07,traveloka
386dc68b-8ddd-4ff4-bfd7-15f8df4a3910,saya sangat suka karena di bikin mudah semua,5,2025-10-31 06:06:12,traveloka
cec26299-6ce1-4b41-9cfd-cb27a576fe83,aplikasi nya sangat membantu dan bs dpt harga lebih murah,5,2025-10-31 05:53:02,traveloka
68bdc235-e859-4bc5-bfc3-1a132f0e909b,terbaik,5,2025-10-31 04:30:23,traveloka
5da40287-fcc5-465f-b680-59512e7497f2,"JANGAN PERNAH PAKE TPAYLATER KARNA GK JELAS, DIBLOKIR TIBA2, ADA LIMIT TP GK BISA DIPAKE POKONYA JNG PAKE,, KLO BIS UNINSTAL AJA APKLIKASINYA,, PUNYA SAYA PEMBAYARAN LANCAR, PESANAN RUTIN TIBA2 TURUN LEVEL BAHKAN DI BLOKIR,, DI TANYAKAN KE CS JAWABAN BERTELE2,, MOHO UNTUK TRAVELOKA, TOLONG GANTI VENDOR UNTUK PAYLATER NYA KRNA SERING MERUGIKAN PENGGUNA SETIAMU.....",1,2025-10-30 23:06:04,traveloka
e44aa694-ec98-447b-a355-9c990f02c8d3,"saya pemakai setia aplikasi traveloka,mulai dari tiket pesawat dan hotel, tapi sy agak sedikit terganggu knapa sekarang lebih ribet karna harga yg tertera tdk harga final seperti yg dulu,misal 550 ujjngujungnya bisa 600 ribuan lebih setelah mau dibayar,saya ingin traveloka seperti dahulu ,harga ditampilkan ya segitulah yg dibayar jadi ga bikin kecewa,walopun lebih mahal dari aplikasi sebelah tapi sy suka karna harga yg tertera itu juga yg dibayar kalo dulu,sekarang enggak",4,2025-10-30 22:56:30,traveloka
f12058fc-67a3-49de-a1dd-8cf4ce62ea33,good,4,2025-10-30 22:16:04,traveloka
e98fd55c-8975-4223-8ab3-a06c9504a848,cepat dan praktis,5,2025-10-30 22:08:11,traveloka
0b65c95c-572b-4370-9df8-e504999c6ebd,bagus,5,2025-10-30 21:58:13,traveloka
296206de-f447-4cc7-bf53-4b16e5c50fae,istimewa,5,2025-10-30 21:44:46,traveloka
b73de4bc-fcec-4f2c-9c6b-ca2a473a2bed,apk dancok,1,2025-10-30 21:27:26,traveloka
4e1e4b73-c8b4-4b7a-a375-18a982f86007,bagus sekali,5,2025-10-30 19:19:17,traveloka
758d2873-b6c3-47eb-a00e-f27d95ff4ee7,ok,5,2025-10-30 18:01:57,traveloka
e49e2065-9e82-4df3-9672-10c7d1937396,Bagus,5,2025-10-30 16:21:55,traveloka
afcad60f-84ec-437c-97d3-6c74add2d62b,praktis,5,2025-10-30 16:18:30,traveloka
dcb839df-e578-431c-a250-40584213f84d,Bagus,5,2025-10-30 15:30:34,traveloka
821a99d7-b54d-4d93-8e32-55f2adb55253,"ini kenpa tpaylater kadang bisa di pake kadang engga pembayaran aman normal kaya kaga niat, pelayanan tpaylater sangat buruk tidak ada penyelesaian jadi lebih baik ramai ramai uninstall apk ini",1,2025-10-30 15:30:27,traveloka
e669a2bc-f2f5-4f4b-8148-344b2492ba3a,mantappp,5,2025-10-30 15:12:49,traveloka
affc3bed-5966-4bdf-a778-a87593f17cc8,aplikasi nya simple dalam penggunaan,5,2025-10-30 14:16:30,traveloka
28d6b1c6-6fcf-4e71-83c7-294af4edf7f7,"selama mesan gk pernah ada masalah. tpi pas terakhir mesan, padahal udah mesan hotel jauh² hari. pas sdh sampai di tujuan, malah semua jejak pemesanan hilang gitu aja. padahal lagi capek perjalanan jauh dan mau segera istirahat. nyari jejak pencarian juga gk nemu hotel yg sama. padahal aku sllu nyimpat di daftar tersimpan, tpi kok juga gk ada. trs nyari lah manual dgn ngetik nama hotelnya. kamarnya malah penuh. sumpah kecewa bgt sih. kalo ada pembatalan paling gk diinfokan lah biar gk menyusahka",1,2025-10-30 13:03:03,traveloka
be993b4f-7e0c-4048-80e3-9511adef3f0e,menjadi lebih baik lagi,5,2025-10-30 12:59:54,traveloka
aa179585-f985-4c21-a7a9-b33bdf16ffa2,terima kasih,5,2025-10-30 12:51:33,traveloka
7fb8dee2-856a-4103-b60c-fa326371b59f,sangat bermanfaat &mudah di gunakan,5,2025-10-30 10:39:03,traveloka
39a26bbb-001f-4f4b-9acb-e3673468f74a,Membantu,4,2025-10-30 10:23:04,traveloka
c15eb607-14b6-47a1-8ea5-6b9c6a568d94,good,5,2025-10-30 10:00:46,traveloka
77ffcfd6-0a8f-42b5-93de-1e58183116f3,keren,5,2025-10-30 09:26:25,traveloka
878126ec-2dd8-47ed-a217-00a43f4a4020,easy to use,5,2025-10-30 08:23:04,traveloka
7341a3b0-848c-4cac-9c27-070fb373b86e,sangat membantu,5,2025-10-30 07:29:17,traveloka
433bbd7f-5643-4b40-a29c-73fbbeb37334,👍👍👍Saya selalu pilih TRAVELOKA untuk perjalanan saya..banyak promo²dari TRAVELOKA👍👍👍,5,2025-10-30 07:17:32,traveloka
df976ef6-18c3-485f-909e-b3660d782fd4,"sudah bayar malah tidak ada etiket saya. sudah hubungi cs kata nya uang tidak ada masuk. sudah jelas""transaksinya berhasil. kecewa berat.",1,2025-10-30 07:12:01,traveloka
e56829c1-5fd1-44e4-983b-72f47031e900,keren,5,2025-10-30 06:31:30,traveloka
397e6496-e59e-431b-bd55-17c02c02ea04,"Aplikasi ini mudah digunakan, pembayaran jg mudah.👍👍👍",5,2025-10-30 05:11:46,traveloka
8a02ccea-65b7-4c76-a44a-cd3bbc7d0de2,ok,5,2025-10-29 23:24:10,traveloka
d280c4d1-07ad-465e-85b8-259f6d5d1486,aplikasi keren yg oernah saya ikuti,5,2025-10-29 22:21:46,traveloka
ef3539e9-033e-43bc-8bca-3ca89cc3d862,sangat baik membantu,5,2025-10-29 21:11:39,traveloka
4edc5623-c009-4edc-a8c5-865f16d61f80,ok sekali,5,2025-10-29 21:04:14,traveloka
62f60728-11f6-456b-80dc-e8bcb292d0b0,baik,5,2025-10-29 20:47:46,traveloka
9809b9f0-96bb-4bf2-905d-5476a51401ad,aplikasi ga recomend pesan hotel.salah tgl baru hitungan menit mau refund gabisa,1,2025-10-29 20:43:01,traveloka
316224c2-2578-4f6d-8393-dcfdd7f99425,ok,5,2025-10-29 20:19:01,traveloka
1cd6446e-410b-4b89-9cbb-36b8a95e7a74,ok,5,2025-10-29 19:55:54,traveloka
5e5139ac-43a0-4bd5-8077-a6989eac15aa,"Sudah sampai di bagian pembayaran, harga berubah ubah. gajelas",1,2025-10-29 18:53:51,traveloka
4e97d270-cb30-43d9-8deb-e37538d37ae2,good and cozy.. fresh air.. good for relaxation,4,2025-10-29 18:24:40,traveloka
6a07de61-7546-4e49-a5d4-f5b5e32174ea,ok,5,2025-10-29 16:58:36,traveloka
eaff38dc-2149-49be-926b-2468691f4118,okelah,5,2025-10-29 16:55:38,traveloka
7212c69e-2900-4a98-a47d-5d17f4627f3b,recommended,5,2025-10-29 14:18:02,traveloka
5f7754b9-4df9-4ff0-9694-4cd33755c9e2,cukup mudah untuk di aplikasikan,5,2025-10-29 12:58:47,traveloka
36c68208-bbe1-4184-aa02-064b57264861,sangat membantu,5,2025-10-29 11:36:10,traveloka
9edbcd99-b4c7-41f1-afd7-e0d9dd8b2113,Traveloka sangat berguna dan tidak ribet 🙂,5,2025-10-29 11:25:03,traveloka
8272ca71-5613-4af6-bda8-ce2a7848e922,sangat baik pelayanannya,5,2025-10-29 10:29:31,traveloka
166b15cc-f247-41b3-ac41-92769bec1cab,Traveloka tambah lama tambah mahal ya adminnya !!!,1,2025-10-29 08:46:44,traveloka
12c18ae4-6b93-4c53-bb52-89417f79926e,"mudah, banyak rekomendasi hotel dan travel, harga mudah dan proses pemesanan mudah",5,2025-10-29 08:37:26,traveloka
9b0cec55-8cb2-4102-979a-2d6807281df5,sangat membantu dan mudah,5,2025-10-29 08:35:03,traveloka
3734e5f1-4450-4af4-ab0f-6effc23600ba,ini kenapa aplikasi jadi ngampung begini pake suara suara ? saya mau un install jika tidak ada settingan untuk mematikan suara !!!,1,2025-10-29 07:42:39,traveloka
8e57e4a3-3acb-415f-b15d-518e7a0e3399,mantap,5,2025-10-29 06:56:17,traveloka
5b63d46d-d6cd-4848-8a39-1902b6b6f32a,Bagus pelayanan dan sangat mudah,5,2025-10-29 05:43:16,traveloka
4aff356f-1f3a-4a8b-be0d-af01130734c5,tidak ada opsi harga dr yg murah sampai yg mahal,4,2025-10-29 05:31:50,traveloka
a0a6b5c1-7c38-40f7-8677-f7cdf464715d,keren,5,2025-10-29 01:39:31,traveloka
6ebfc6c2-20b4-4f5f-8e2c-ca4ca55d9528,proses reshedule sekarang terlalu ribet dan proses refund,1,2025-10-28 23:07:56,traveloka
f29e85ed-3aa5-4ff8-9d22-29759c5140e5,sya ingin mencoba,5,2025-10-28 22:36:54,traveloka
605d8a23-feea-47c1-a632-b121e8603b7c,keren,5,2025-10-28 21:45:16,traveloka
93e7dc53-f2ec-4713-9a74-c6747796dcb4,rute Wamena makassar,1,2025-10-28 20:41:58,traveloka
b515982f-4358-413a-a41a-4d4bb20c3ca5,baru pertama melakukan pembelian semogah lancar,5,2025-10-28 20:39:58,traveloka
2f85fe65-e53f-486e-83f8-19e553784b75,baik,5,2025-10-28 20:38:27,traveloka
83af7793-5f17-4689-888d-700a585099c2,sangat membantu,5,2025-10-28 19:42:14,traveloka
43510db8-fd8c-4cd6-93da-fec40fb67ec1,cepat dan mudah,5,2025-10-28 19:24:25,traveloka
78575938-3554-40f8-811d-02dec6583544,bgus sekali,5,2025-10-28 18:37:24,traveloka
a62edb25-89c7-440e-b7d1-b2e3fbe1204b,jam keberangkatan gak sesuai,1,2025-10-28 18:10:40,traveloka
37b06c4b-f267-4f40-8ca7-870ec9f88d3d,cepat layanannga,4,2025-10-28 17:59:07,traveloka
95af76ea-f1ab-4793-bb05-167cce898458,bagus,5,2025-10-28 17:55:22,traveloka
09dfe67d-3460-4cb8-a461-30f9bf66fa31,oke,5,2025-10-28 16:21:30,traveloka
7d8107b6-8ccf-4a8a-b761-0d09bf8052ac,Luar Biasa keren Traveloka,5,2025-10-28 15:23:49,traveloka
161743ad-8072-4fa7-8e45-ef95369b539f,sangat membantu,5,2025-10-28 14:53:03,traveloka
85852fa0-18d9-4ae7-8845-cde0b43099f7,harga cepet berubah,3,2025-10-28 14:49:23,traveloka
54d1294e-4c14-46d3-acfd-a74660cd16cc,sangat cocok bagi Saya,5,2025-10-28 14:48:33,traveloka
db72f257-f8f9-4cee-9db8-c866aa8f27f5,terbaik sekali,5,2025-10-28 14:15:33,traveloka
89ee3d77-cc55-497b-a2ef-e40701c9fa35,ini kenapa tiba-tiba T-Paylater saya turun ke level 1 dari level 6 padahal saya nggak ada catatan telat bayar,3,2025-10-28 12:46:08,traveloka
fecad976-7a4e-43a6-9daa-b19f2ff2d273,bagus,5,2025-10-28 10:32:02,traveloka
f6ef5764-034b-429a-b996-91dc5d088ca3,sangat puas dengan layanannya sangat2 membantu dan terimakasih,5,2025-10-28 10:09:47,traveloka
f9f703e3-cf61-44e1-9921-34ec3972a85f,well done,5,2025-10-28 09:49:26,traveloka
74eff4d4-81bb-408e-96e3-fcca6a27e684,ok,4,2025-10-28 08:58:40,traveloka
18370e9e-f840-4787-8195-e3e6c4d910d5,mudah aksesnya,5,2025-10-28 07:16:09,traveloka
369de06a-2804-4926-93a1-70af78b41a81,good,5,2025-10-28 06:40:07,traveloka
b6e79aab-451e-49c0-85fe-09a0e9be2e1b,pesan apapun dsini cepet ... namun yg BKIN kecewa suka mindahin hotel seenaknya mn. posisi malam mindahin hotel jauh lagi byr dmn dapetnya dmn hadew.....jgn gt lah,2,2025-10-28 03:11:12,traveloka
67e47041-e3c2-4fac-8335-028671b3f110,bagus,5,2025-10-27 22:38:26,traveloka
f3fdad84-25ba-4ded-9e19-b3022fd0e565,ok,5,2025-10-27 22:37:52,traveloka
531b400e-3308-4a0f-9e8f-672a999efcc7,"Limit Tpaylaternya sekarang cuma jadi pajangan, tidak bisa digunakan.",1,2025-10-27 22:24:17,traveloka
03dab514-b749-4d54-8534-93a08b3b25e9,Memuaskan,5,2025-10-27 21:22:29,traveloka
6971c34c-eb0c-4c53-82f7-226468cbc0bc,oke,5,2025-10-27 21:15:15,traveloka
cb718c2e-b703-46c5-8712-439297cb5716,menyenangkan,5,2025-10-27 20:12:40,traveloka
e3f59498-ed8a-43a8-93b7-32d69a09212c,mempermudah dan cepat,5,2025-10-27 20:10:55,traveloka
f1416a03-ac95-41df-8aef-735eb6f76fbc,emang harus pembaharuan terus ya,5,2025-10-27 19:49:12,traveloka
73d6eae5-b950-4cdf-83ca-b7b051b97690,ok,5,2025-10-27 19:33:52,traveloka
478a975b-eb98-4a9e-a93b-85203a361ae2,mantap,5,2025-10-27 19:27:57,traveloka
5a1e4582-8c68-4051-85a3-2c3ee9f9caa2,sangat baik cara penyampaiannya,5,2025-10-27 19:09:28,traveloka
a3120f55-0154-4527-9497-58172fcf9774,mantap,5,2025-10-27 18:37:19,traveloka
dcb4965a-a587-4d29-ae32-16fb592696c3,terimakasih,5,2025-10-27 18:24:07,traveloka
e73ca32c-3b6c-4581-b483-3d32ee22efc0,transaksi pake paylater aman2 ajah...tapi suka blokir2 akun... ga jelas,1,2025-10-27 18:16:12,traveloka
1beca145-88b7-4871-abca-5c680fc0e62c,keren,5,2025-10-27 17:26:41,traveloka
0bd2cf2d-ac3e-470f-9208-8e74370c8b72,Terima kasih...Good..,4,2025-10-27 17:20:14,traveloka
051402a9-e8ee-4077-a624-a3d9d0c95ba6,baik,5,2025-10-27 17:17:15,traveloka
dfee37f7-f6ed-4f6b-83dd-5a638ed17404,a AmwWasjjWa🐷seaSNun wwwaa,1,2025-10-27 16:55:09,traveloka
45a002c5-aae3-4552-a9ed-dfde4d95e59d,mudah dan cepat,5,2025-10-27 16:19:38,traveloka
bcabec70-1bc9-4528-8b57-379e43e9617d,ok,5,2025-10-27 15:27:42,traveloka
3ada610a-a80c-41a3-a748-58a00451f25e,"Sangat Membantu Semua Urusan dalam Beli Tiket Pesawat, Cari Hotel lebih mudah",5,2025-10-27 15:06:59,traveloka
e4ee8757-b3c5-49c4-a134-d9cc604e8b8d,ok,5,2025-10-27 15:00:51,traveloka
949482e4-eef4-4b71-be48-5dac6ac4ee09,bagus dan cepat,5,2025-10-27 14:49:27,traveloka
c3119d34-aaf1-4cee-91d3-ade63eee0803,toppp,5,2025-10-27 13:24:36,traveloka
9f08b164-a94d-43c1-9449-9d3345c51231,mengecewakan karena tidak bisa di refund karena salah tanggal,1,2025-10-27 13:09:05,traveloka
2e04adcb-b026-420e-90f4-d16b04649fc1,andalan perjalanan ku,5,2025-10-27 12:11:39,traveloka
671b6fd4-1a2b-49dc-afd1-713cb96d3e97,tercepat,5,2025-10-27 11:25:37,traveloka
201ee138-973b-4ed7-8e97-627f248b9b21,cukup baik,3,2025-10-27 10:53:47,traveloka
7c588e2c-036c-4086-a8b1-018dc5aa1c01,mudah dan bermanfaat,5,2025-10-27 10:45:22,traveloka
f21d5587-fa00-42dc-8088-694cc8a9679b,traveloka sangat membantu.,5,2025-10-27 10:44:08,traveloka
73c763ff-d5d9-4da1-b7d3-2fc596195f73,sangat baik,5,2025-10-27 09:26:02,traveloka
5d3c05f9-1d9c-40be-bbbd-eb014ee01b89,Good,5,2025-10-27 08:59:11,traveloka
653700d1-b898-450a-80d6-46b470d95550,semua keperluan transportasi sangat mudah,5,2025-10-27 08:30:10,traveloka
a748a8d1-cb59-4d83-89aa-87e4225d5a52,ok,5,2025-10-27 08:13:58,traveloka
cabb7dff-2a42-4205-b878-1a37e640a23f,"bahkan kalian tidak pantas untuk mendapatkan bintang karena pelayanannya kalian jelek, saya gmail saja tdk balas, kalian tlong kerja drngan baik jangan cuman ingin dapat uangnya tp pelayanannya jelek.",1,2025-10-27 07:06:06,traveloka
584ae15d-a5a6-4501-ad32-db425a97c447,good,5,2025-10-27 05:30:24,traveloka
203a911c-00d1-4678-add8-2e6c2756ea98,ok,5,2025-10-26 22:36:42,traveloka
f4d5acae-c34d-4866-b3fe-dd8fdc003699,Bagus,5,2025-10-26 22:25:23,traveloka
5edcc119-767a-43df-829e-cafaafd382cb,👍,4,2025-10-26 21:27:51,traveloka
7195c68d-b50b-414d-bd92-44cfb8b840ba,mantap,5,2025-10-26 21:02:34,traveloka
1a98feba-d0b2-416a-9445-e21e374e0150,bagus,4,2025-10-26 20:46:24,traveloka
484e7903-fb2e-477e-90a8-f427b6ded7ce,alp,5,2025-10-26 20:37:11,traveloka
6a3ce36e-f9a5-465e-a760-5cf4b2af37b0,bagus,5,2025-10-26 20:37:09,traveloka
f4f20b35-98b9-4d4d-9009-c9139007bee6,pelayanan Traveloka semakin mantap👍🙏,4,2025-10-26 20:26:14,traveloka
eb238598-6390-447a-8271-81c28d6db633,ok kok,5,2025-10-26 20:22:01,traveloka
d60f767d-af9c-410c-b067-1e9fff19070d,"Setelah Update Kenapa Akun Saya Diblokir ya , saya tidak bisa menggunakan Tpaylater lagi, sedangkan sy g ada tagihan apapun.",1,2025-10-26 19:49:07,traveloka
0d1b9c7a-6e40-488e-9911-187e83c20aab,Sangat membantu transportasi dan akomodasi,5,2025-10-26 19:18:21,traveloka
b8c7f375-52ab-49f3-bed0-59d0bf33d2dc,ok,5,2025-10-26 19:09:38,traveloka
e34f3a36-ac7f-43a0-8bd7-884bfa419ab5,"Lebih nyaman bertransaksi ditraveloka untuk tiket pesawat saat ini, apalagi urusan kantor..",5,2025-10-26 18:37:38,traveloka
49be24b4-3ceb-4a43-a528-2377b9b7bd44,mantap,5,2025-10-26 18:15:15,traveloka
f8e93f8c-e122-405f-ad61-57d0665a6b32,"dari dulu selalu memakai traveloka, saya sudah cocok",5,2025-10-26 18:10:28,traveloka
6bd75006-20eb-41e4-89c8-02d09cbff210,sangat membantu,5,2025-10-26 17:42:51,traveloka
da415f30-3ee0-41ac-9726-33d3a83f3ce6,luar biasa,5,2025-10-26 17:40:59,traveloka
cd10a488-0db4-4d8f-9870-b70a6d117dc3,"aplikasi yg sangat flexible, mudah digunakan, banyak discount nya. terimakasih..",5,2025-10-26 16:49:53,traveloka
36b8a30a-3512-464e-a119-66a3bb53b013,okesip,5,2025-10-26 15:58:29,traveloka
db8dd225-2474-4896-a023-ea05fb0e2964,"jadwal keberangkatan tdak sesuai, menunggu terlalu lama sampai 3 jam lebih, harus nya sdah sampai mlhan blum sampai",1,2025-10-26 14:46:00,traveloka
18deb336-ca4f-4570-9740-72cfc396c056,"keren,,",5,2025-10-26 13:11:25,traveloka
e97976c7-82eb-429c-938d-6045badb3efd,puas,2,2025-10-26 13:03:00,traveloka
08c70522-4619-4a8a-9e3a-92e45fe8bc2b,sangat memudahkan,5,2025-10-26 11:58:55,traveloka
13019393-ca23-4086-bcfd-7922d7363769,"TPayLatet Rollercoaster, sekarang malah diblokir 🤣 lucu !!",1,2025-10-26 11:15:34,traveloka
acef12a2-a82e-46f4-afdc-af8a2d35c406,biasa aja sama aja sama aplikasi lain.,3,2025-10-26 10:19:29,traveloka
626680f8-1e1b-4116-9918-e429d5c7c44c,bagus,5,2025-10-26 10:09:23,traveloka
e0906e8c-4458-4953-9977-df0981dad2b5,terbaikkkk,5,2025-10-26 09:46:03,traveloka
3fb5e308-11d8-4b4a-8e00-bc528f91e25d,Pelayanan prima dan mantap.,5,2025-10-26 08:23:17,traveloka
3db86bd7-b333-41b1-aa27-5b9f294e2549,sangat bgus,5,2025-10-26 07:42:24,traveloka
46228e33-9e26-41bd-848b-04c097360dd7,"Kenapa payleter saya di nonaktifkan, padahal saya bayar gak perna telat, megecewakan sekali🤬🤬,apa traveloka gak percaya lg sama kita,tidak ada pemberitahuan lg klu di nonaktifkan, dan belum lewat hari akun sudah di non aktifkan",1,2025-10-26 07:27:02,traveloka
ae016205-3fc5-4303-a8e2-e3a28b1d950f,"Limit 3 juta cuma jadi ilusi. Tiap transaksi gagal tanpa alasan, CS pun butuh waktu berjam-jam untuk menjawab dengan kalimat template yang bahkan tak layak disebut solusi. Sistem ini bukan membantu pengguna, tapi mempermainkan kepercayaan. Kalau begini terus, wajar kalau orang lebih memilih platform lain yang tahu cara menghargai pelanggan. KALAU MASIH MAU DISEBUT PLATFORM PROFESIONAL, MULAILAH HARGAI PENGGUNA DENGAN PENJELASAN YANG MASUK AKAL. BERHENTI SEMBUNYI DI BALIK ALASAN “TIDAK DISETUJUI”",1,2025-10-26 04:25:38,traveloka
12418264-398a-4d09-9ceb-be2f190052e2,terbaik,5,2025-10-26 01:50:29,traveloka
51f34266-e56e-455e-996d-9aad1897f801,bagus,5,2025-10-26 00:15:29,traveloka
077f1f12-ed47-48a3-b81a-2c43dbfaf39c,ok,4,2025-10-25 22:31:09,traveloka
eb5342a6-edf9-41e2-8e1b-a17d88fd0faa,mantap Traveloka,5,2025-10-25 22:15:37,traveloka
1374b61f-dcff-4eb1-b4b9-3c74c68943dd,"Kalo boleh,, resip tiket pesawat yang di kirim melalui email harus yang utuh, bukan hanya bukti pembelian aja, bikin repot kita ke konter maskapai tiket yang kita pesan",5,2025-10-25 22:12:15,traveloka
ffc69fec-19c5-4d42-ade6-928c7f73765b,sangat bagus,5,2025-10-25 21:42:16,traveloka
abface4b-619d-4524-a2d9-7a686c2d8124,baik sekali,5,2025-10-25 20:28:18,traveloka
04bb8fed-1ed1-4e8d-9e01-640ae4ca0d3d,sangat membantu mobilitas saya.,5,2025-10-25 19:55:59,traveloka
8a9fd321-5fd7-4b6c-aadf-b28363086336,bagus,5,2025-10-25 19:32:42,traveloka
dba30d0f-d6da-4379-a3f6-872ee24ee41c,sangat bagus,5,2025-10-25 19:11:59,traveloka
dc33daf7-0386-4472-bfb1-d9d6b5cb1790,"Traveloka, cepat mantap the best",5,2025-10-25 17:48:11,traveloka
de50d411-5f13-4a24-a8b6-71cdb641ab86,"Harga yg tercantum di Pencarian beda saat mau cek out,Harganya pas cekout malah lebih mahal.",1,2025-10-25 16:54:05,traveloka
e188b916-d06e-4333-ae65-fb9966c8626e,ok,5,2025-10-25 16:17:54,traveloka
0b904563-1d31-4c24-87e3-2e6449e43055,gaa TV di halte ga aplikasi gada yang bisa di percaya gada yang akurat sia sia buat system,1,2025-10-25 15:36:33,traveloka
9b8d113c-6bc4-474b-9f7e-cb7e0f942f9f,best,5,2025-10-25 13:45:30,traveloka
a7f2eb9a-1144-45a1-96f8-52dc18303246,oke banget aplikasi nya,5,2025-10-25 13:19:51,traveloka
a7289b5b-db12-4fe4-a7eb-0691cbf63bc1,bagus,5,2025-10-25 13:19:15,traveloka
7dcfc2c0-38b9-4e4f-ab69-dfb648131c84,susah nyari tiket kapal laut antar kota,1,2025-10-25 12:36:53,traveloka
d5cfe981-1644-4b55-937c-59c65b332dca,mantap,5,2025-10-25 12:20:48,traveloka
2b8a88d8-abd0-48b2-a7d1-8b3f0828b3e8,mantap,5,2025-10-25 11:59:37,traveloka
699638ce-255f-4a43-ba28-b299d8eef69f,proses pemesanan cepat,5,2025-10-25 11:45:50,traveloka
523b93ac-8af7-45e1-ba68-df13721c3197,recommended,5,2025-10-25 11:29:23,traveloka
50e3734d-03a8-480c-99f1-3ae88bd8ee31,keren om,5,2025-10-25 11:16:03,traveloka
2054327b-883f-469c-b0cc-4e46b7fb6421,lebih simpel..,5,2025-10-25 11:14:43,traveloka
c046a6fc-5c06-4905-a580-98cf99fe123c,puas,5,2025-10-25 11:04:48,traveloka
e825b0ab-93ee-4cec-aed0-0c5a0abebba8,ok,5,2025-10-25 10:15:52,traveloka
b3afd7bb-7092-4730-89dc-70656022d003,"sangat baik dan sangat membantu, memudahkan",5,2025-10-25 09:53:39,traveloka
7ba71aee-f02a-4344-90fd-14f1fb1fc2be,mantappp,5,2025-10-25 08:45:09,traveloka
a2eaeb65-40f4-4a7d-95ce-92f97d7e2ea9,"tiba-tiba akun playlater di blokir permanen padahal waktu pembayaran belum jatuh tempo, aneh banget mana ga bisa di balikin lagi, padahal ada tpaylater ngebantu banget kalo pas bepergian perjalanan dinas belum ada reimbust dari kantor, aneh banget ni aplikasi",1,2025-10-25 07:55:47,traveloka
639e04d3-8897-4ef1-ae6b-07a074eac704,No recommended!!!,1,2025-10-25 06:36:06,traveloka
40824e95-054e-41ab-841c-16cd0ba533f9,bagus,4,2025-10-25 06:30:23,traveloka
625f3c56-bcad-4b6b-a3bd-4da786324494,Great app,5,2025-10-25 06:29:28,traveloka
56bc05d1-5ef8-40c0-94ed-0220fed98a59,good,5,2025-10-25 05:20:10,traveloka
1d4c2057-626d-493d-b9bc-ff3d0639d90c,good choice in every situation,5,2025-10-25 02:19:13,traveloka
ea713a73-7360-47d1-b9ea-f97fc91904b3,ok,5,2025-10-24 22:38:11,traveloka
97f2ff14-03c9-4a3d-870b-0508b2dacc1a,"aplikasi tidak jelas,,limit payleter saya naik,,bayar tidak pernah telat..tapi maen blokir aja akun saya..payah",1,2025-10-24 22:28:40,traveloka
e39eaee3-1c84-4951-9150-345bac44adcc,sukses selalu Traveloka,5,2025-10-24 19:54:12,traveloka
08b3f478-8444-496e-a041-57882eb2437d,"layanan cepat dan mudah, kerennnn abisssss Recommended guyssss",5,2025-10-24 19:20:08,traveloka
620ca6fa-244c-4374-80bc-94aae3d3bc61,thanks Traveloka Indonesia♥️,5,2025-10-24 17:07:30,traveloka
4de8eab5-977c-4987-9d17-e8d4c3af58f4,"saya baru instal terus mau beli tiket pesawat, harganya malah 2x lipat padahal belum pernah pakai aplikasi traveloka. kenapa aplikasinya begini??????",1,2025-10-24 17:05:32,traveloka
bdf3f558-4b92-4bff-bc93-788dbe8e43e8,apk bagus,5,2025-10-24 16:57:38,traveloka
e4002c67-aa0f-43c1-86d9-ba2668dd7d1f,"HARUSNYA TIM ANALIS CEK DENGAN BAIK DENGAN PEMBAYARAN, TIBA2 AKUN TPAYLATER DIBLOKIR. PADAHAL PEMBAYARAN BAGUS TIDAK ADA TELAT SEDIKITPUN...... KECEWA",1,2025-10-24 16:55:33,traveloka
1c792dbd-50e4-4063-be6e-0f400689ddf2,terimakasih traveloka saya sering dapat hotel dengan harga murah lewat aplikasi ini,5,2025-10-24 16:52:58,traveloka
cfa7bed4-c1a7-4f8d-99ae-2bcba6995ae5,Web tidak ada gangguan,5,2025-10-24 15:06:50,traveloka
6c315448-f9f6-4894-a595-520b76a1ec86,bagus,5,2025-10-24 14:51:30,traveloka
243b6ab3-e679-4cf6-98d4-064c24abca81,hati² beli tiket disini. banyak jebakan batman buat cari cuan. aplikasi tidak amanah,1,2025-10-24 14:40:40,traveloka
7be11b8c-a584-4abc-ab4e-88cc99a0b4ce,"saya selalu beli tiket disini, walaupun itu asuransi delay gak pernah real klaim nya. tp yg paling kuat buat uninstall jni apk tim pay latternya kyak pinjol ilegal, kita sudah bisa di hubungi, kita juga menyanggupi di tgl sekian bayr eh malah di ancam hub kontak sampai dengan medsos. semua bukti chat penagih dr tim traveloka ada kok. kecuali kita gak bisa di hub atau lose kontak mungkin masuk akal ya, bahkan kita jelaskan kendalanya.",1,2025-10-24 14:00:08,traveloka
69574afd-7947-4c2c-ba42-75941c199946,Mantap pelayanan nya,5,2025-10-24 13:47:37,traveloka
17701547-0939-4af6-b39e-aac05ada3b25,"INI SUDAH 3 HARI SAYA MENUNGGU DANA SAYA, KENAPA BELUM JUGA DI TRANSFER? SAYA MOHON LAH KEPADA PIHAK TRAVELOKA UNTUK JANGAN DITAHAN UANG SAYA. YA ALLAH SAYA JELAS-JELAS PERLU INI",1,2025-10-24 12:27:58,traveloka
5579c570-3ba3-466a-a6a9-4fed0929dc8b,good,5,2025-10-24 11:54:48,traveloka
11bc79fd-ed8c-4d13-b2df-702518c32591,makin ribet pakai filternya lebih bagus versi yg lama. terutama filter urutkan harga,3,2025-10-24 11:31:24,traveloka
0812e806-34cf-417c-99c7-86a3e5676ca5,"aplikasine aneh, kok bisa di akunnya Traveloka tdk ada pilihan bayar lain selain payleter aplikasi lain metode pilihannya banyak parah sih",1,2025-10-24 11:26:47,traveloka
06768d90-c24e-4793-9565-c76b1e009c2e,mantap,3,2025-10-24 10:52:57,traveloka
2aff20d2-0b06-42e0-ae0b-968aaa3d68e8,diskon nya dibanyakin,4,2025-10-24 10:40:16,traveloka
f3c19201-0e73-486d-a022-2d454bf37afe,mantao,5,2025-10-24 10:33:52,traveloka
c25d89f7-4807-4258-8558-06a36fd1a098,👍,5,2025-10-24 10:19:48,traveloka
96c5992a-15ff-4814-a1fe-2a349da130c8,"sangat membantu dalam pengambilan hotel, tiket dan voucher lain.",5,2025-10-24 10:11:19,traveloka
f2dc62d9-649d-462b-8deb-ebf137886b42,oke banget,5,2025-10-24 09:58:23,traveloka
c77b2d1e-f657-4090-a332-6d2df84aad3e,Sangat membantu,5,2025-10-24 07:58:54,traveloka
40d3b67b-af62-4fb3-b7f4-f0623348c26c,memudahkan perjalanan...,5,2025-10-24 07:49:07,traveloka
d92f34b1-b051-4365-a8dc-259a4fe6d3b8,Nice....,5,2025-10-24 07:35:31,traveloka
9a32207e-e32b-4cd1-878e-a124833772e4,kenapa akun paylater saya di bekukan permanen..,3,2025-10-24 07:14:34,traveloka
6a4ae7b5-871f-400e-9746-99541c569cb7,ok,5,2025-10-24 06:56:15,traveloka
6962b01b-2dbf-4cbf-a6b1-89da8127544c,baik,4,2025-10-24 05:57:41,traveloka
00552888-9330-40d2-afb7-0331adfdff2e,mantap,5,2025-10-24 04:13:36,traveloka
fbcc4a75-8174-4804-9baa-bcc0a6648214,oke,5,2025-10-23 23:05:45,traveloka
75d03b91-db96-43b3-a87c-2ddc35031596,sangat memuaskan,5,2025-10-23 21:43:21,traveloka
a9fdb7fb-7d24-41f9-8d34-7d3757a95a8f,mudah sgt terbantu,5,2025-10-23 21:30:26,traveloka
15f324b3-6346-463c-8c7b-a9cbb86ceaf1,Sangat membantu sekali dan mudah kemana aja dan nginap di hotel apapun,5,2025-10-23 21:06:25,traveloka
303f5257-430c-4053-be19-126b1e426bf7,👍,5,2025-10-23 18:30:25,traveloka
eb7bf559-b723-4030-95f4-667fe4892ae1,baik,5,2025-10-23 17:55:30,traveloka
42c10705-add0-46df-899c-a43df3e7f39e,oke,5,2025-10-23 17:50:29,traveloka
42429229-d3d3-434b-a962-a6dd6c24d777,ko nga bisa buka aplikasi nya,1,2025-10-23 17:29:15,traveloka
e814f075-63db-401e-a53c-d66dfda5a0de,"praktis, terpercaya, dan sangat membantu",5,2025-10-23 15:25:49,traveloka
771d06f0-e45e-4b5a-b25c-c71021d82c17,coba coba,4,2025-10-23 15:13:06,traveloka
5d050dbd-8bb1-4654-a686-b33aaa38e9a5,sangat membantu,5,2025-10-23 14:42:49,traveloka
fee3d30b-b012-488b-853e-46856616a4fe,mantab,5,2025-10-23 14:35:22,traveloka
3a1388aa-e9d9-4256-b2b4-315b9096d108,sangat baik,5,2025-10-23 14:08:56,traveloka
14023f04-54b4-4bfb-a507-25de564e6f5c,sangat membantu,5,2025-10-23 13:58:59,traveloka
45152a70-eb54-43db-af4d-c203a7cddb3e,sangat mudah di akses,5,2025-10-23 12:11:45,traveloka
b9b8e4fd-2eb3-4210-90e2-9f8aceac8f26,Boro2 mau dpt surat penolakan terbang.... Malah di bentak2.... 😥😥...sedih sayaa.... malah marah2.. intiny Sy pengen Refunded.,1,2025-10-23 11:33:08,traveloka
0cf74e64-8b25-4689-8f21-2a1c9d9e73ed,kelas king,5,2025-10-23 11:19:20,traveloka
3d6c20b5-0286-4bce-80a2-8cd667c0372e,mantap,5,2025-10-23 11:11:03,traveloka
0f986a64-967d-4e09-bbf2-8208b1a84e8c,kereeen....👍👍,5,2025-10-23 10:57:46,traveloka
72c2582a-bf09-4d0c-842b-5552e5a76477,sangat rekomendasi,4,2025-10-23 10:53:51,traveloka
da06663a-f1f3-4b22-828d-1be9b0dd4281,good,5,2025-10-23 10:04:44,traveloka
ba272827-9fe2-4c91-a2f7-c40258c762c8,nice,5,2025-10-23 08:46:06,traveloka
897a0921-8ddd-4858-a865-d438087edd59,"Bagus dan sangat membantu. Semoga bisa mendapatkan opsi harga dan diskon yang lebih murah dan terjangkau lagi, terima kasih.",5,2025-10-23 08:40:01,traveloka
39b83a72-4110-4ec6-a0a0-563ca7b82b86,Cara tepat untuk mencari hotel murah tanpa ribet dan pastinya terpercaya yaa... TRAVELOKA,5,2025-10-23 07:33:29,traveloka
a054fb28-62bd-40ee-8bd3-405b1bb79166,ok,5,2025-10-23 07:02:16,traveloka
ab076832-0b99-420a-87df-91bf40c4e785,TDK ada potongan untuk harga anak bayi dibawah 2 tahun mengecewakan,2,2025-10-23 04:23:53,traveloka
7c26db05-1ba5-4d8b-8b4a-4e9040b97d07,karena kasusnya viral yang hotel syariah di pekalongan saya memilih uninstall,1,2025-10-22 23:08:17,traveloka
f993b71e-999b-45e0-b7a4-21824b097bd5,terimakasih layananya yg baik,5,2025-10-22 22:27:11,traveloka
96970dfb-c1f8-4fa8-a1fd-0945bd476761,cukup baik,4,2025-10-22 21:36:48,traveloka
b43547e5-1b66-4f15-a6d6-587f6067ea91,respon cepat transaksi mudah,5,2025-10-22 21:23:50,traveloka
18cc0757-a338-4e8b-8fc1-57b1acd4d782,keren pelayanannya,5,2025-10-22 20:50:08,traveloka
e4c666f3-dfe1-4fa7-bec0-02684398ae9a,baik,5,2025-10-22 20:43:07,traveloka
4c1a8aae-d114-4c55-8dee-414fac87f5cb,mantap,5,2025-10-22 20:40:41,traveloka
6d72d2bb-1921-429a-8db2-fa54c39d2697,aplikasi ini sangat mengecewakan.. akun tpaylater saya secara sepihak di blokir,1,2025-10-22 18:51:13,traveloka
b5655d5a-34e4-4267-a419-630711a320df,terbaik,5,2025-10-22 18:50:48,traveloka
2a328136-4da5-462a-8781-9d26e4ac1758,parah bed service,1,2025-10-22 18:49:37,traveloka
6dfdbf52-8153-4885-9a2f-0976259763b8,lanjutkan kan pemberitahuan kepada google map saya,5,2025-10-22 18:23:19,traveloka
9bbb99b8-7273-4e6f-bad3-de9c2ad686cb,oke,5,2025-10-22 17:27:44,traveloka
4e6820c3-61c3-42c8-afd7-9fc08130bbfb,mantap,5,2025-10-22 17:02:37,traveloka
d5bfcc3c-a889-4fb8-8e0b-2cb19f0af98a,ok,5,2025-10-22 15:22:22,traveloka
05c2e12a-97bf-49a4-9ff4-838f9908b637,good,5,2025-10-22 15:02:49,traveloka
04d8451e-3fb7-465c-aaf6-ae9b5faf4654,sekarang saya kalau pakai paylater Traveloka selalu gagal dulu gampang sekarang seperti di persulit selalu gagal pas pakai paylater Traveloka padahal selalu tepat waktu bayarnya,1,2025-10-22 14:20:20,traveloka
8d130ca3-a129-49ba-8a8c-4634436ad295,keren dan mudah dimengerti,5,2025-10-22 13:48:28,traveloka
dd548223-19ab-4792-b8bc-59efecb78050,sejauh ini cukup rekomendasi lah,5,2025-10-22 13:01:51,traveloka
da3c0d9f-f9a9-48f1-9d8e-661c2c3762c8,Mantap & Cepat.,5,2025-10-22 12:42:50,traveloka
080d93a4-7865-4537-89f0-a31a559e7b50,bagus,4,2025-10-22 11:54:18,traveloka
a2301699-2a73-4979-a54b-79a6ca4cad20,manta,5,2025-10-22 11:33:57,traveloka
4fd4091a-473b-428f-b18b-2c4e2790b619,bagus,5,2025-10-22 10:14:53,traveloka
d1e11918-e5ba-4837-b689-dda15a0a69f4,keren,4,2025-10-22 09:01:28,traveloka
3d977bfa-6829-48b5-97ca-e5b5df282430,"anehh padahal ngga pernah telat paylaternya tpi tiba"" terblokir",1,2025-10-22 08:54:38,traveloka
0016a9ac-168f-4147-92e1-f5357cc22aaa,sangat memudahkan dalam bertransaksi,5,2025-10-21 22:29:58,traveloka
20063d1b-b4d5-45d0-ba6a-d415f4a40afa,ok,5,2025-10-21 19:06:10,traveloka
6344df38-b501-405d-99b8-8fa0dc778b35,keren,5,2025-10-21 17:47:32,traveloka
1037fc35-8bb0-4b01-ade2-1d92a7056bf4,cepat prosesnya,5,2025-10-21 17:41:41,traveloka
c3ce2fc8-9a35-4d01-ae11-3c73fdce827f,notifikasi sudah dimatikan tapi terus muncul 👎👎👎,1,2025-10-21 16:03:54,traveloka
04ea42d9-cf3f-49ac-9fd4-dadcafa4d4ea,sistem informasi dan penawarannya mantap,5,2025-10-21 15:43:34,traveloka
3b134b0e-35a5-475a-b4e2-999ebbda714d,sangat bagus,5,2025-10-21 13:04:22,traveloka
2530af2f-acd7-40da-8c17-64725e0579c0,cepat dan dipermudah,4,2025-10-21 12:31:20,traveloka
a97a6cc0-fba2-48ad-bd2e-20d5d7a930e9,mantaap,5,2025-10-21 11:25:37,traveloka
baec2352-2c9a-40f2-8ddc-c64898c1ad9f,sangat membantu,5,2025-10-21 11:23:28,traveloka
7136a6b6-7cea-4f0d-b694-d17267efecf1,mantap lebih mudah,5,2025-10-21 11:18:38,traveloka
b54e5b54-b516-45dc-a91b-810c7e05d855,verygood,5,2025-10-21 10:28:21,traveloka
29eb5d0b-60b4-42f1-8165-83a1f3a340c8,traveloka sangat membantu,5,2025-10-21 09:44:26,traveloka
aa068384-b078-45be-8df1-cbf5b1747dec,sangat membantu,5,2025-10-21 09:31:29,traveloka
1bb72aa0-4cea-4fff-a8b8-5c4485cf4f40,"Buset poin dikumpulin langsung dibikin hangus, makasih Traveloka saya gak lagi beli lewat platform mu. Mending langsung ke maskapai saja sekarang.",1,2025-10-21 08:37:41,traveloka
362e560b-a92b-4264-bf1c-7f722712e9f2,good job,5,2025-10-21 08:34:17,traveloka
a87edc46-006a-42cd-b295-46a042eebcc6,"Alhamdulillah, harga sesuai dengan yg ada di aplikasi Traveloka terimakasih Traveloka. silahkan temen2 jangan sungkan buka aplikasi Traveloka",5,2025-10-21 07:18:18,traveloka
a6a86ead-d1ad-4627-9ece-c8ab71f1ef1b,oke,5,2025-10-21 06:13:38,traveloka
7c22a1ac-3e23-4e80-b8e3-00863fe9ca37,proses pemesanan mudah dan cepat,5,2025-10-21 05:13:47,traveloka
1aaadf77-0c9a-4012-903b-0fdd977b5187,traveloka memang Ok,5,2025-10-21 03:35:10,traveloka
b125985a-2851-4909-9027-eeed4e438fea,good sangat membantu sekali,5,2025-10-21 00:03:54,traveloka
2902f287-d353-4581-bd63-3f458ee00420,"menurunkan level tanpa konfirmasi, 3 kali diturunkan level akibat kesalahan operator sendiri. yg berakibat konsumen yg dirugikan, seolah² konsumen yg tidak taat aturan.",1,2025-10-20 22:42:04,traveloka
eb5a6b21-bfdd-4154-9a13-b7de236e2ca7,sangat memuaskan,5,2025-10-20 22:38:12,traveloka
7887c0d0-7aa8-41d0-99cc-fc117e427944,perfect,5,2025-10-20 22:36:06,traveloka
27be876a-1199-4638-8410-909cf1436fe6,sangat membantu perjalanan dg harga yg terjangkau,5,2025-10-20 21:45:30,traveloka
d07885de-71c5-49e0-b76d-24448752ffc4,In Syaa Allah...pesan tiket di Traveloka selalu lancar,5,2025-10-20 21:35:03,traveloka
769b1d7a-4859-4ba0-8cf7-1f21ff88f782,sangat memuaskan pesan apa saja,5,2025-10-20 20:21:07,traveloka
fac553f4-e524-4c67-a44f-bded728235ae,kenapa gak bisa login?,2,2025-10-20 19:51:03,traveloka
b06759c9-0e97-4e0f-bf05-dbcb9dbff249,bagua,5,2025-10-20 19:28:10,traveloka
c0078ec5-2074-486d-9ee8-2018abea08ab,Lumayan,3,2025-10-20 19:11:24,traveloka
03f59689-12e6-4936-b79d-6d38d9ffd61d,sangat membantu sekali terima kasih untuk apk ini .,5,2025-10-20 19:00:14,traveloka
a841162e-6220-47d1-b64f-a072e98afafa,mantap,5,2025-10-20 18:29:16,traveloka
b8143b57-efb5-4a18-8032-263e8bb76d43,"Terima kasih traveloka selalu menginformasikan promo-promo yang menggiurkan.. tetapi maaf, saya tidak tertarik sama sekali, karena traveloka bekerjasama dengan penginapan yang hanya menyediakan satu handuk di setiap kamarnya.. lebih baik pesan dari aplikasi lain, yang mungkin lebih mahal sedikit namun aman, nyaman, dan sehat.. apalagi traveloka tidak bisa diharapkan untuk menjadikan penggunanya sebagai ""raja"" dengan tidak dapat kembalikan uang pemesan yang batal walau komplainnya adlh masuk akal",1,2025-10-20 17:41:20,traveloka
7e93a092-83f2-438d-a4f3-fd29a0fd2622,bagus,4,2025-10-20 17:27:52,traveloka
b23a4a96-53d9-412a-bd93-478b4debc042,oke bagus & sangat membantu,5,2025-10-20 17:11:53,traveloka
6aff19db-3b67-47f2-b684-fb4eadcd91d9,good,5,2025-10-20 17:01:52,traveloka
2784f99c-a94f-4cce-93c7-ce5be7a6c278,Permudah dr yg mudah urusan anda,5,2025-10-20 16:57:34,traveloka
8209cc9f-763d-457f-a7b6-787bac738c68,nice,5,2025-10-20 16:52:16,traveloka
21b4784e-02f7-41c3-a63f-2fe6697c3803,ok,5,2025-10-20 13:00:59,traveloka
6966bd96-a32c-419f-b02b-a9305aa8be37,sangat memudah kan mencari tiket perjalanan kami,4,2025-10-20 11:33:56,traveloka
1c3f2daa-9d63-474f-b5f5-be9e5365843b,mantapppp,5,2025-10-20 10:52:23,traveloka
a318b545-b05e-4620-88b4-adf99ca66303,ok bingits,5,2025-10-20 10:09:54,traveloka
573d0500-37dd-47c4-b3b4-889a6b6abc76,Ok,3,2025-10-20 09:14:32,traveloka
931b2348-8a78-4781-bfd6-4cef53ef878e,sangat puas,5,2025-10-20 08:53:36,traveloka
b30a0293-2680-4683-9471-5847142ffb13,ok,5,2025-10-20 08:41:51,traveloka
7b5683e0-701e-4eac-99b8-07fcad9c44c5,boleh,5,2025-10-20 08:23:43,traveloka
11692a41-7ad9-4b5a-bde5-9113ad8d2e43,mantap,5,2025-10-20 08:16:58,traveloka
df2c96c8-9f8c-4f86-a244-ed7953e9e9f5,"sebelumnya terimakasih traveloka sudah memberi refund terkait pembatalan pemesanan mungkin kedepannya sistem bisa lebih update lagi terkait lokasi yang sudah tidak bekerjsama dengan traveloka, semangat guys",4,2025-10-20 07:26:18,traveloka
92d981a6-806e-494c-9488-4f2189c077da,lebih praktis,5,2025-10-20 07:08:33,traveloka
93b0fa70-3c38-4289-bde7-92e1a76a79da,"Sangat baik sangat membantu, tapi mohon di tingkatkan untuk tpaylternya karena akun mama saya tiba tiba akun tidak bisa di gunakan karena ada transaksi mencurigakan padahal tidak akunnya di pakai sendiri",5,2025-10-20 05:33:28,traveloka
69069f18-5f94-4b55-9f61-bfd1f0447c14,mantap dan mudah,5,2025-10-20 05:15:14,traveloka
94f05f71-64e8-4960-8940-61b13389a134,saya suka karena gampang pesan tiket perjalanan,5,2025-10-19 23:31:51,traveloka
536dde73-3eea-4823-b566-50230ee53936,bagus,3,2025-10-19 22:53:46,traveloka
bc9068bd-7a3c-45b7-af5e-4bc4340421e8,aplikasi ya sangat bagus👍,5,2025-10-19 20:19:27,traveloka
11d8da4d-9b3f-46e2-9f1a-91000dc092b6,semoga amanah,5,2025-10-19 20:15:47,traveloka
9b3cb8f1-412e-4975-9a72-71137d4fecff,masih tidak bisa login,1,2025-10-19 18:39:47,traveloka
b479247c-1a61-4cab-98f1-721b2517cb83,sangat bagus,3,2025-10-19 18:38:43,traveloka
7d86702b-1d7d-41f1-8bd9-efe0edcc4c1c,baik,5,2025-10-19 17:40:45,traveloka
a9e1dbbd-6f4b-49a1-8016-601215e0ca64,sangat sulit mengajukan refund. selalu buruk pengalaman menggunakan aplikasi ini,1,2025-10-19 17:14:21,traveloka
1b768bbb-1a48-41ee-8008-0ca86c269195,ok bgt,5,2025-10-19 17:04:28,traveloka
d1f20af7-c5b9-428f-a0a1-8a05b2866ce7,recomendasi buat yang mau cari tiket secara online 👍👍,5,2025-10-19 15:17:43,traveloka
0b4867e6-93dd-4462-a1ce-cc12de1418f7,sangat baik. tapi mohon di tambah bonus nya mksh,5,2025-10-19 13:14:17,traveloka
476fdab1-a904-4824-83d8-9ed3336dade4,gak bisa isi data,1,2025-10-19 12:41:09,traveloka
86f54ae3-7a21-4a66-971b-868bdb7698b5,goodluck n goodjob 😁,5,2025-10-19 11:56:21,traveloka
ae6f3bd3-0ead-4503-9225-7c0b0e35dbda,akses mudah dan tinggal klik,5,2025-10-19 11:30:51,traveloka
d090308b-3474-416a-aa98-8bca686e1c3e,"Mantap, trimakasih.",5,2025-10-19 11:16:20,traveloka
190a08a5-8f86-4bcf-a091-532ee33e6afe,"paylater ga pernah d pake limit turun sampe akhirnya d nonaktifin dg alasan ga pernah d pake dan ga bisa d aktifkan kembali, harga hotel atau tiket kereta jg naiknya jauh setelah mau d check out",2,2025-10-19 08:42:12,traveloka
7046e640-ec7e-45ef-a4cd-9e3ad7b9c393,sangat puas pelayanannya makasih,5,2025-10-19 08:18:01,traveloka
c1d7c8a1-e181-49f7-a753-8f273d0ab62d,sangat baik,5,2025-10-19 07:55:47,traveloka
6e4e5a42-7e70-4dcd-90a6-2c201edabd46,baik,5,2025-10-19 07:47:34,traveloka
9c383e3e-9452-46e0-ba47-144d41006176,sudah beberapa kali pesan tiket melalui Traveloka perjalanan aman dan nyaman,5,2025-10-19 04:48:32,traveloka
56ac2ac3-8101-414a-848a-63e2572f05b5,"Cacat check in tiket pesawat disini cacat jangan pakai traveloka guys, dilihat dari respons di playstore juga kayaknya traveloka udah gak mikirin bisnis yang mereka pikirin cuma uang doang bukan kenyamanan pengguna",1,2025-10-18 22:47:41,traveloka
0b799342-4de1-4e2b-8e7f-ccf581d7d7f2,abak asu. Lo kalau naroh iklan di web kasih tanda x lah asu. GK ilang iklannya. pencet yang lain selalu aja kena iklan Lo asu,1,2025-10-18 22:10:22,traveloka
35e89743-4b59-4279-bbd3-0f417b81a5f6,Terbaik,5,2025-10-18 20:14:02,traveloka
756346f4-43a7-4112-b561-7e4fe98a2d33,good service,5,2025-10-18 19:50:38,traveloka
2e667189-7a38-4125-a302-803f22909a75,mantap cepat',5,2025-10-18 19:03:52,traveloka
2c59521c-c0c6-48e6-ad23-e1164084ca01,mengecewakan paylater tidak bisa digunakan untuk pembelian tiket pesawat. untuk apa saya dikasih limit. buang aja limitnya,2,2025-10-18 17:46:12,traveloka
5275452a-083d-4fe9-9bc6-25a0b07a8595,bagus,5,2025-10-18 17:27:23,traveloka
a50380d1-8e11-42e3-8285-f69fb7eddbb8,mantap,5,2025-10-18 16:49:06,traveloka
88539f6b-74ae-41ab-b5c5-af818e156e6e,cepat mudah,5,2025-10-18 15:28:16,traveloka
014fd620-a18c-4e9f-a3a6-179e113b57a6,good dan simpel,5,2025-10-18 15:00:43,traveloka
7ed39bf0-5f05-4874-a9b7-4e534cd1fed7,trevoloka selalu menjadi andalan,5,2025-10-18 14:58:19,traveloka
d1b41787-aad3-4b0e-be50-d8a84ebbaa6d,apuas,5,2025-10-18 14:46:10,traveloka
ddb66b6d-3f04-4677-b203-f07aed18dc78,Ok,5,2025-10-18 14:08:36,traveloka
cd25f807-97a5-47e1-be5c-27b0cd734d78,mudah cepat,5,2025-10-18 11:49:27,traveloka
1f1a7a53-8c74-438d-b88d-6a854cdeab44,baik,5,2025-10-18 11:02:55,traveloka
8131633c-8ed6-447a-8c6b-8942152199a9,mantab sekali,5,2025-10-18 10:25:27,traveloka
b0dbeb0c-4254-40a7-8fc9-1e5ae382094b,mantaapp,5,2025-10-18 10:14:37,traveloka
a5002d93-9a97-482d-9d48-c4fe8792753e,biasanya aplikasi lengkap dengan pemofotoan meteran air kok sekarang gak ada?. Tolong pengawasannya dari ombudsman,1,2025-10-18 10:08:06,traveloka
e6e3afec-4d9a-4df8-b161-0fde3c6d8eb0,ok,5,2025-10-18 10:04:01,traveloka
1130504f-ebc4-4e1a-91fe-936920b18aae,baik,5,2025-10-18 09:52:50,traveloka
d8665597-9b91-4305-bdcc-19306e0b86a3,mantappp,5,2025-10-18 09:38:19,traveloka
e20538d3-290b-47a8-a2ef-ed8a35a64c1c,"kecewa, sy pesan hotel 1 bln sebelum hr H(25 okt) utk acara kegiatan sekolah, krn mendadak ada perubahan tgl kegiatan mk sy reschedule, tetapi di tgl tsb sdh fully book akhirnya sy ajukan refund. ternyata dana sy hanya bs kembali 40% saja pdhl msh H-8. untuk refund 100% hanya bisa sblm tgl 30 sept, sangat jauh sekali hari nya. mau gak mau sy refund, drpd dana sy hangus smua. Skrng sy jd memilih beralih ke aplikasi sebelah saja yg bs refund 100% sebelum H-5",1,2025-10-18 09:37:19,traveloka
41551c92-4161-4ff7-869d-fd6fff72ebd5,good job,5,2025-10-18 09:29:33,traveloka
80b27e96-da89-47f4-b134-429a8587e6e4,ok coba dulu.,5,2025-10-18 09:03:10,traveloka
4572f188-2bd9-4dbf-89bf-40ae09f5a0c6,oke,5,2025-10-18 08:14:45,traveloka
031a4b83-1279-448a-bfb6-0dadd9e13d5e,mudah,5,2025-10-18 08:13:01,traveloka
7e6c9877-d1d1-4c4d-8382-617ea23106f0,harga murah dan fast respon,5,2025-10-18 08:10:33,traveloka
89976455-413f-49f0-a746-4da9281b0bf3,sangat mudah untuk melakukan pesanan.,5,2025-10-18 07:19:23,traveloka
3502b2a6-f939-49a6-8b0a-f7195a552a81,"bagaimana caranya agar saya bisa jadi affialiate traveloka, saya sudah coba beberapakali tapi system eror terus",3,2025-10-18 06:49:57,traveloka
b7727464-c518-4960-8b07-8f7ad345f4b6,ok,5,2025-10-18 02:35:29,traveloka
e1370474-2016-4270-a638-e3d348864ac3,padahal salah pilih tanggal di reschedule malah ngak bisa,2,2025-10-17 23:51:24,traveloka
18f899a6-bc65-41d2-bc9d-271fa388bb40,ok,5,2025-10-17 23:08:26,traveloka
2aa72ab3-8f10-4270-a52a-bd7b595f7b6f,konten tai,1,2025-10-17 23:02:44,traveloka
09d67367-71a8-4c60-ab5c-6e7958d2f604,punya voucher diskon tapi gabisa dipake gimana si? cara masukin voucher juga dimana di akhir pembayaran juga gaada,1,2025-10-17 20:21:11,traveloka
144bcd2a-6d8b-478c-8f78-bb4883c1c4f6,"saya pingin berbicara bukan sama mesin, ngak ngerti maksud pertanyaan saya",5,2025-10-17 19:55:52,traveloka
b1c9d54a-0de8-4858-a998-3f0329010c39,ok,5,2025-10-17 19:35:46,traveloka
d7fc39be-59ef-4a13-9fae-21152b2c2787,mudah digunakan,5,2025-10-17 19:09:21,traveloka
268ef9c0-5b44-43d2-8dff-378080f5a467,numayan,5,2025-10-17 18:13:19,traveloka
d52ed145-4b0c-44e8-8b3c-161814e38209,"respon cepat dari call center 👍👍, keren cepat dan mengerti customer",5,2025-10-17 18:13:11,traveloka
fce29f0b-56c3-4595-a3c0-f26fb2e2b3ec,Punya score dan paylater selalu diturunkan plafondnya padahal pembayaran tepat waktu. Complaint ke CS alasannya pembayaran telat dan tidak ada transaksi padahal selalu ada transaksi dan tidak pernah telat bayar cicilan,1,2025-10-17 17:52:32,traveloka
3266bc09-fc04-4add-8600-d9ac54d62f1e,mantap,5,2025-10-17 15:58:21,traveloka
917c607f-fdc9-4685-9964-b632d63f2baf,proses cepat hebat,5,2025-10-17 15:23:48,traveloka
7b702ce3-159b-421b-89bc-696dfdfff016,baik,5,2025-10-17 14:20:49,traveloka
8cbe288b-2fd0-4904-84ed-7bbe37962a54,memuaskan,5,2025-10-17 14:04:49,traveloka
782f803b-deb8-4254-8ddf-40835ad25765,good job,5,2025-10-17 13:05:43,traveloka
4bca66b1-898a-4f92-b180-a909b8cc8bb4,terbaik,5,2025-10-17 12:31:53,traveloka
668b3854-8d72-4d70-8688-3333b2864bc4,aplikasinya semakin bagus dan mudah,5,2025-10-17 11:21:48,traveloka
9027679e-11e3-4a6c-a9fd-6b538940f648,simpel...cepat ..sangat membantu,5,2025-10-17 10:36:39,traveloka
49a790eb-b516-476c-92a5-991a18c11059,okkk,5,2025-10-17 10:18:09,traveloka
4a425213-5d3f-4e41-a26d-df001822e7d7,ok,5,2025-10-17 09:23:50,traveloka
ee4aa6ba-3a30-4486-9a38-832943972045,jossss,5,2025-10-17 09:16:52,traveloka
721dcc69-3c53-4ae3-a6f0-37c179e79907,oc smua mudah n cepat + lancar tanpa kendala,5,2025-10-17 08:56:49,traveloka
c8514650-7e5d-49a4-b125-f6e2c2fe87d0,terimakasih,5,2025-10-17 08:14:52,traveloka
3a4e7ea0-9a79-446c-961d-15e996e29118,keren,2,2025-10-17 07:59:35,traveloka
6f852411-1649-4233-a29c-844ec498c416,mantap sekaliiii 👍👍👍,5,2025-10-17 06:59:19,traveloka
70b04078-d866-4f82-aeb9-4159e77a1dc4,Harga tiket PP jangan di gabung kan.. Customer bingung.. Tolong diubah balik ke setting sebelum update,1,2025-10-17 06:22:14,traveloka
282cb59f-9881-41f3-9861-beedc698a495,"traveloka... traveling yuk, Its very good",5,2025-10-17 05:32:04,traveloka
cdbf6bf8-b405-4606-86a2-7807eb9dc5d2,kerennn,5,2025-10-17 03:26:24,traveloka
6600974a-ad29-4ff7-83e7-50674fa62278,bagus,5,2025-10-17 00:12:24,traveloka
6d0dd5f7-9633-4e5d-903b-3d8d175520df,simple,5,2025-10-16 23:29:45,traveloka
f357c75a-98ac-41ee-8ed1-f9f0c3ff7ad8,josss,4,2025-10-16 22:03:29,traveloka
5319b571-e39e-403b-bd15-3f6175c0ed2e,ok,5,2025-10-16 19:40:00,traveloka
f8bf5675-1567-44cc-904c-eb0b415b261a,sangat membantu,5,2025-10-16 18:54:38,traveloka
7aa6a9b6-92e9-4d2f-af49-ed05f561cfea,ok,5,2025-10-16 17:23:34,traveloka
12cf2788-d795-4c05-85ff-4cfe5877bc4f,Terima kasih Traveloka selalu membantu saat di perlukan.terus jadi Aplikasi terbaik,5,2025-10-16 17:22:17,traveloka
cba50ab8-95a4-472c-93e1-33315d7a1c71,siip.. fast responsible,5,2025-10-16 17:12:44,traveloka
3a1c9cdf-b98c-4513-bee6-7e2364985dfb,Gokil,5,2025-10-16 16:54:37,traveloka
219684e4-d9f0-4b0c-8962-137d91f32d43,sangat bermanfaat,4,2025-10-16 15:49:38,traveloka
a778ced5-39e4-4179-b2c4-ad882b3967d3,sangat baik,5,2025-10-16 14:29:20,traveloka
a33f401c-b6ff-4dbf-838e-41e3ec97224c,sangat membantu,4,2025-10-16 11:56:53,traveloka
ca4392e1-0585-4132-b63d-abe1db441061,mantap,5,2025-10-16 11:12:27,traveloka
134889ea-0555-49e2-8e84-b50e5f9e052b,terima kasih,5,2025-10-16 06:46:48,traveloka
983fb2f6-91ef-48ea-b7be-7ee4595777bd,pelayanan cepat,5,2025-10-16 04:05:01,traveloka
4896d6fe-de22-4672-8627-c091bcba2157,mantap,4,2025-10-16 02:19:46,traveloka
2265d772-7c8e-4e01-bffd-8900e8af2a1b,ok,5,2025-10-16 01:12:11,traveloka
b5054d06-95ce-429a-9044-d1ca3b4c9187,"Aplikasi yang sangat luar biasa dan membantu, terimakasih traveloka.",5,2025-10-16 00:56:55,traveloka
25f2c881-74fd-45c5-bf87-e98aa4c8dd4f,"kasih 4 dl bintangnye, coz tiap mau byr harganya suka berubah.",4,2025-10-15 21:12:05,traveloka
12953406-53c1-474f-9107-8008d7d2e396,keren terima kasih traveloka.,5,2025-10-15 20:56:15,traveloka
23a3848c-76cd-42e0-b07f-73fbddb256e0,good,5,2025-10-15 20:33:10,traveloka
3d27abd8-601a-4d36-90f1-fb0fa551b78f,bagus,5,2025-10-15 20:11:44,traveloka
885c17bd-5b59-4488-ab4f-2bbcc30e628f,coba aktifin Tpaylatterny masa verivikasi data sampe 2harii. tau gitu gk coba aktifin Tpaylatterny dah.,2,2025-10-15 19:44:12,traveloka
4b200351-5e86-4c9d-a449-4913b97ac12d,terbaik buat untuk melakukan aktivitas,5,2025-10-15 19:17:48,traveloka
4fda2298-a802-4ea9-a942-f24f3483f58c,"ok, saya sering keuar kota pakai ✈️️travelling",5,2025-10-15 18:45:52,traveloka
0af14a64-7029-47aa-ba3b-b46e498c7796,mantap,5,2025-10-15 18:32:49,traveloka
13736c84-747d-4b55-bd08-832ce6e4f1b3,bagus,5,2025-10-15 18:29:35,traveloka
f70666b5-da4e-428d-8599-563b4b53b0b7,lebih banyak diskon lagi pliz,3,2025-10-15 17:26:32,traveloka
1a77da63-c013-4fc8-95de-bc94b2f022d4,good,5,2025-10-15 17:16:44,traveloka
dde76390-44ba-4182-b789-2c9c2995ad55,bagus,5,2025-10-15 15:50:21,traveloka
36d4242f-9f95-433c-8f65-a8c58d300d0b,kenapa tambah rumit skarang travelokanya,2,2025-10-15 15:41:08,traveloka
17719471-c88e-4424-b9dd-cff364502f9f,sangat membantu,5,2025-10-15 15:17:50,traveloka
c8cfb4a4-e3f9-4a2f-90ee-cdce7be8f213,proses cepat sangat membantu,5,2025-10-15 13:50:41,traveloka
e59b4e76-0bf6-4b8d-8312-e4d85995530e,mantabh,5,2025-10-15 12:31:05,traveloka
e3639d93-95dd-4c73-a37c-970c480e4bc2,oke bangett,5,2025-10-15 12:00:48,traveloka
ce28fbfc-f2a2-485c-a2dd-30a58d15c57f,"saya selalu beli ticket pesawat di traveloka,karna di tempat saya tinggal enggak ada travel tiket, cuma saya terkendala dalam pembayaran,kalau bisa Traveloka harus ada pembayaran dengan mobile banking bank BSI, karna kami di aceh cuma bank BSI yang ada,trimakasih",5,2025-10-15 11:51:37,traveloka
2ac04599-abd5-42c6-b7cf-5e052fad436a,ok,3,2025-10-15 11:38:19,traveloka
b0fd6b0a-bb94-45c8-bdc0-d5c1bc953a0e,"cs tidak membantu, saya mau cetak tiket dari kode boking ternyata ribet",1,2025-10-15 11:20:49,traveloka
a4fc61de-e1e8-4792-a253-1c97a07668da,haha,3,2025-10-15 11:11:39,traveloka
5f82df33-83ea-4738-90fe-59c3b64b87bf,bagus,5,2025-10-15 10:52:48,traveloka
722f9d60-ee10-465c-bc03-8bce8d872c96,mantep,5,2025-10-15 10:41:38,traveloka
1aca16a1-d3ee-4d0d-b1de-bb857cb288a7,ok,5,2025-10-15 09:41:28,traveloka
2b321f1d-1262-470b-a8fd-0b57216eece2,harusnya banyak diskon,4,2025-10-15 09:31:51,traveloka
c2e63ad7-efbf-4626-8030-db9ced624d80,mudah,5,2025-10-15 09:04:28,traveloka
605d79de-87b7-4e21-894f-3fb3b9e9af17,mudah dan menyenangkan,5,2025-10-15 07:41:12,traveloka
d54ac30b-6ff9-4347-8252-389dd35e4964,lebih gampang pesan tiketnya,5,2025-10-15 05:17:38,traveloka
2384b15c-53a3-42a4-8401-4a56644edafa,muantappp,5,2025-10-15 01:41:46,traveloka
46501f51-fc79-4e67-8ca0-c2de39d77b71,lancar,5,2025-10-14 21:32:49,traveloka
1c8b2993-4db3-442c-9cd2-5b921092c101,"beli tiket jauh""hari tapi tidak bisa refund",1,2025-10-14 20:39:27,traveloka
322880e3-f6d5-4709-a786-1159267ac189,great app,5,2025-10-14 20:28:49,traveloka
2371c4b7-58dd-43ed-ab69-d652c9c7a20a,mantap cepat dan akurat mudah pemakaiannya terimakasih Traveloka,5,2025-10-14 19:15:26,traveloka
b00b61f5-a8ac-4bc7-90d5-c7d75a34f3a2,"Mulai gk jelas traveloka, apalagi traveloka paylaternya... Limit tinggi gk bs dipake.. Aneh!!! Kalau telat aka nagihnya ga tau waktu..",1,2025-10-14 19:02:23,traveloka
9fa4dc13-f866-4136-b427-b67f2420c84b,ok,5,2025-10-14 18:35:52,traveloka
3166b517-342e-4dab-8309-8758203bdff8,sudah nyaman dan sangat memuaskan buat saya ikut traveloka,5,2025-10-14 18:20:19,traveloka
62492f0b-9fee-498e-9a8b-aa0ad0b3305f,bagus mantap,5,2025-10-14 18:18:58,traveloka
6afff4a3-f08f-4d65-a1df-bddd607660be,puasss,5,2025-10-14 17:41:51,traveloka
ed37197b-c48e-4914-89e8-9c26e4b0fa7a,pelayanan yg sangat baik👍👍👍,5,2025-10-14 17:21:58,traveloka
e6decfa8-3741-4ed6-8fb5-20f2aea090c1,bagus,5,2025-10-14 17:16:55,traveloka
7bd65ec9-da43-499c-9684-1fa19ec87408,okay banget,5,2025-10-14 17:15:36,traveloka
8e166da3-dcbf-4922-8c83-939286076ec9,"apalikasi bangsaattt, jangan pakai instal otomatis kontolll, tiba"" terinstal sendiri asik"" nonton youtube, dikira bagus banget apk lu anjiing babii",1,2025-10-14 16:55:53,traveloka
001355a1-94c3-4c7d-9532-c8feaac962e6,traveloka layanan cepat. terima kasih,5,2025-10-14 15:25:30,traveloka
2886b6a0-c1eb-4363-bfdc-a2c301cf73f1,"Saya sudah gold priority,, limit traveloka paylater sudah hampir 10 juta,, tapi selalu ditolak saat aktivasi,, tolong dong",4,2025-10-14 13:59:48,traveloka
d5065dd7-91db-4b5b-a9f5-84a53fc70156,baik,5,2025-10-14 13:24:37,traveloka
5a6e9983-b6e4-4a5c-aedc-b3c0fef83983,terbaik,5,2025-10-14 12:43:06,traveloka
509298ae-7a9f-4890-9c61-de81037a4c80,ok. siip bangeet,5,2025-10-14 12:40:03,traveloka
2319e280-54c6-4849-a4d3-b2a6b33cc287,baik,5,2025-10-14 12:36:28,traveloka
15dba6c2-6b44-47c9-8170-7a6da05d8194,"saya mengajukan refund karena penerbangan saya di batalkan, dan melakukan refund sudah 14 hari belum di kembalikan. padahal estimasi pengembalian tanggal 13 kmrin.sampai sekarang belum ada kembali",1,2025-10-14 12:24:22,traveloka
b6b0a19e-b7cb-41f4-ad16-c12632545ca5,Alhamdulillah... jazakallah khairan Khashiran,5,2025-10-14 11:27:24,traveloka
8039576c-1804-450b-b5f4-da5a5829f9b8,aduh pesan apartemn sudirman suits bandung susah banget.banyak calo semua kompak ngikutin calo...,3,2025-10-14 11:03:02,traveloka
d0e9dc0d-943a-4d4b-b00d-26a2edc7ce4d,ok,5,2025-10-14 09:41:22,traveloka
61eae401-9187-4759-80c2-435c8382865f,"saya sudah melakukan pembayaran via bca virtual account tapi belum dapat bukti tiketnya(surabaya-bali)tgl 16 oktober 2025(penerbangan lion air)mohon dibantu untuk prosesnya,saya melakukan pembayaran hari ini 14 oktober 2025(sekitar jam 09.20an)terima kasih",3,2025-10-14 09:37:31,traveloka
52c252c9-a5cf-464b-8804-937c72d769aa,OK bgt...,5,2025-10-14 09:31:54,traveloka
3850438f-ac3a-4431-9345-b7e353e4f087,tiap buka apk minta update mulu ya elah,2,2025-10-14 07:08:33,traveloka
bc613bed-e8e9-4590-90c1-a68fc71679c6,bgus,5,2025-10-14 04:14:20,traveloka
70b9f9e2-1199-48d7-9dd3-785759471b83,"secara umum pesan di agoda cukup menyenangkan,hanya kendala di refund tiket (jika perubahan rencana) sangat lama menunggu dana kembali. berbeda kalo pesan di aplikasi lain (warna biru awalan hurup T), proses refund 2x60 menit sudah masuk ke akun atau ke rekening dana refundnya",3,2025-10-14 00:00:19,traveloka
29717515-fd96-4ec1-b85d-97cd3230f5e8,bagus sekali,5,2025-10-13 23:53:33,traveloka
8b4c4a27-7077-47b5-a899-1996591fa7e8,mantap,5,2025-10-13 22:47:16,traveloka
46654c7e-7fdb-4d46-9a0b-adc87d56acb8,good,5,2025-10-13 22:13:50,traveloka
104b9d35-c32c-431e-b9bb-1d5b359b6645,good,5,2025-10-13 20:28:12,traveloka
7e85e28e-0960-4bf3-b695-92b8e96de9f7,mudah cepat aman,5,2025-10-13 20:02:06,traveloka
85f59034-eb3a-4708-aa6b-31e957649c3d,sangat puas,5,2025-10-13 19:11:32,traveloka
10858fd2-beba-43d6-9d15-52f713062828,good,5,2025-10-13 18:57:14,traveloka
b2052862-9e3e-4b7a-91ee-060352b9f1a7,ok,5,2025-10-13 18:41:50,traveloka
ebbb0abb-7e2c-45b3-9520-011b04f301bd,oke,5,2025-10-13 15:30:38,traveloka
1f789b63-0f62-40f5-9306-3aee67e1a434,baik,5,2025-10-13 14:30:45,traveloka
c23bcc10-64ff-4cc6-b14b-67752befd8ca,mantap,5,2025-10-13 12:16:43,traveloka
45013265-28b8-496b-a4c0-46df95b49e03,bagus,5,2025-10-13 11:17:51,traveloka
cf7141a1-cd55-4370-a4e6-c9f87e395f78,bagus,5,2025-10-13 10:30:05,traveloka
72e42666-0410-4367-8251-7a5f2db0a404,pelayanan baik,5,2025-10-13 10:18:47,traveloka
998ce343-24db-4e8b-be05-6f9223c5052f,mudah prosesnya dan harga juga lebih murah,5,2025-10-13 10:14:31,traveloka
3476f4b6-a939-4ca4-97fd-cdc522618a18,keren,5,2025-10-13 07:30:32,traveloka
a7d159b3-89a8-4b52-8d05-e64353e325c1,sangat mudah untuk di gunakan,5,2025-10-13 06:04:36,traveloka
0a78cbea-cee3-463b-9d42-579a48f4d697,good,5,2025-10-13 00:08:16,traveloka
ad3a90c5-3384-4b70-b3c9-fc4cc0bbce19,sangat membantu dan mantap,5,2025-10-12 18:55:01,traveloka
0e42c698-67ad-4095-ae9e-06a2c5193dc6,merugikan masyarakat tolong ini di blokir aplikasi nya,1,2025-10-12 17:50:36,traveloka
eb27b70d-ecbd-4f05-8fc1-416cde04c956,buruk,1,2025-10-12 17:32:57,traveloka
4cd829ea-8b84-4ee5-a028-6b5742d19167,great app,5,2025-10-12 17:09:16,traveloka
33c22140-8288-4837-ba14-ea7273a746ee,bagus dan terpercaya,5,2025-10-12 15:34:12,traveloka
6bba11bd-8c6d-47eb-b3ea-8c4c5f91b25e,good,5,2025-10-12 14:36:22,traveloka
45d6cc4c-cd2d-4dd0-a6f0-c85251d5d29d,mantabbb 👍bagusss,5,2025-10-12 13:59:27,traveloka
7ec71b41-ddbd-4236-a216-356448c2a86f,baik,3,2025-10-12 13:21:13,traveloka
3c753b69-e3c6-4257-b965-a9af23b6f017,sangat baik,5,2025-10-12 12:52:13,traveloka
08dff863-6831-49a5-86b7-21aba098107f,oke,5,2025-10-12 11:57:18,traveloka
32bcd5e7-1d0f-44f5-b7e6-702d5ba6b44d,"Parah banget Limit tiba-tiba hilang dan level turun tingkat, sedangkan pembayaran sebelum jatuh tempo sudah di bayar, tolong di pertimbangkan",1,2025-10-12 11:42:42,traveloka
7378cf33-d2b1-4abe-acd3-092b42e6a809,ok,5,2025-10-12 11:31:08,traveloka
2708bed7-ef54-4df6-bd4f-6836fb56f868,tempat pesan tiket paling gampang dan murah,5,2025-10-12 11:24:32,traveloka
a950b756-52fa-4d2e-ae4e-69d83f19e08d,josss,5,2025-10-12 11:12:00,traveloka
19a3ac4f-5130-446c-a952-bafbf4f097f0,"Kecewa, Aneh tiba tiba Tpaylater bisa di blokir permanen tanpa kejelasan informasi",1,2025-10-12 10:47:25,traveloka
66de6532-08b8-49b1-8665-7487e6239dc9,"Buruk sekali.Ada limit paylater ,tidak pernah dipakai.Tiba2 tiba akun di blokir tidak bisa digunakan.",1,2025-10-12 10:44:43,traveloka
9b31a9bf-479e-4d2f-aff7-24b30c2d285e,baik,5,2025-10-12 10:32:42,traveloka
64a4af11-2ede-46d7-a12f-f8f400212353,ok,5,2025-10-12 10:23:41,traveloka
ed4147aa-bdcd-43a8-b77d-3e954416ddc0,ok,5,2025-10-12 10:04:25,traveloka
bcb6c611-21b6-410d-a5e8-6a720b9d45de,baik,5,2025-10-12 09:56:45,traveloka
1e9e4d6c-d18b-4b18-90fd-751bd1ba1b8d,terbaik👍💯,4,2025-10-12 09:14:56,traveloka
375b4297-8c41-4653-8e8f-c51f7c3aed72,ok,4,2025-10-12 08:40:36,traveloka
b7af040a-187c-4a85-8236-d5140b021d39,baru ini msuk grand ori citerup nyaman bersih pokonya top,5,2025-10-12 07:43:40,traveloka
c1270c63-c8a6-4f65-8a6d-436ab0617493,mantap,5,2025-10-12 06:29:42,traveloka
97f3e9da-6218-43dd-903a-cb3056f6ef43,good,5,2025-10-12 05:31:46,traveloka
518a623e-01f3-4e41-88aa-af1960bdcc4d,terbaik,5,2025-10-12 00:21:37,traveloka
aba31b74-3e4a-46f2-ad94-f5e639aacea2,"Ayo download aplikasi lain, saya akan berusaha tidak akan menggunakan aplikasi ini karena terlalu mempermainkan harga tiket pesawatnya, berbeda harga yang ditampilkan dan setelah melakukan pembayaran",1,2025-10-11 21:25:17,traveloka
fc7becdd-3bef-41b8-9411-c50d30c54774,mantap,5,2025-10-11 21:04:46,traveloka
6285a4b7-2315-4bbe-881f-3279eb23458d,BAGUS,4,2025-10-11 20:52:34,traveloka
7f227dc8-80d7-4402-88c8-2e87116c4995,apaan. sering galat. pilih lihat hotel via peta aja gak bisa.,1,2025-10-11 20:05:53,traveloka
4f25d814-afd7-46c7-accf-d78227d66e1e,ok,5,2025-10-11 19:05:04,traveloka
616c5c31-3119-4609-bbc8-a91be34f9768,"memudahkan cara hidup, thankyou",5,2025-10-11 18:58:37,traveloka
5c49cf09-4bd7-4f9d-8b15-29409b6d9221,makasih ya pak,5,2025-10-11 18:52:34,traveloka
9a75ad03-7735-4083-a769-751a2c0b7486,sangat membantu,5,2025-10-11 18:48:03,traveloka
5da2402e-3e4c-4933-b7be-2c84553ef8f2,good,4,2025-10-11 18:25:11,traveloka
ccaf84bf-0925-4a43-b8ab-3c77ae7fa395,sangat bagus,5,2025-10-11 16:35:48,traveloka
47bdad3c-6864-4555-ad62-ef7052036a84,nice app,5,2025-10-11 16:34:34,traveloka
cd77a8bf-1b2b-4681-8a5f-4a0e9e37631e,bagus,4,2025-10-11 16:29:45,traveloka
fd31394f-6a01-4c9c-904d-e695f60b67cd,very good,5,2025-10-11 16:24:05,traveloka
adfc0411-e40d-47a4-810b-73a548bb1ff3,"kecewa sama traveloka saya memesan tiket kreta lewat aplikasi traveloka pemabayaran lewat indomaret, katanya harus nunggu 30 menit untuk dapet konfrimasi E-tiket, tapi setelah 30 menit belum muncul juga, saya konfrim lewat email gak ada kejelasan, saya cari pusat bantuan lewat aplikasi tapi no cs yg tertera ternyata orang lain bukan Cs dari traveloka, ini gimna sih kalo memang no Cs yg tertera sudah tidak bisa digunkan harusnya diganti dong ini ko malah belum diganti gimna sih, sekelas traveloka",1,2025-10-11 16:06:02,traveloka
90991364-c856-4cfe-ab23-0ac8a1b2f4bc,mntap,5,2025-10-11 14:46:52,traveloka
329763aa-9fdf-498f-b2c1-623fcac751cc,"Sejauh ini, sdh menggunakan traveloka belasan tahun, sangat OK. Tak pernah mengecewakan. keren dan maju trus, mendunia...",5,2025-10-11 14:02:21,traveloka
a5b4e68d-9457-4f99-b343-4145b38b9b08,minta update di aplikasi tapi di playstore gk ada update,1,2025-10-11 12:44:27,traveloka
711d6365-b974-4c0a-9899-659444431d01,mantap,5,2025-10-11 12:41:57,traveloka
83df8373-14ec-4690-91b2-9ddada9861d5,keren,5,2025-10-11 12:39:55,traveloka
5db85c90-7eda-4124-9018-1140a155e2e1,bagus,5,2025-10-11 12:36:44,traveloka
35985645-db75-49f1-9489-be19d3531025,mantab,5,2025-10-11 12:04:42,traveloka
aebc6579-d6e4-407a-9084-749b7bbd0327,mantap,5,2025-10-11 11:49:20,traveloka
e1865575-4d58-46fa-946b-6ee9485bd764,god job,4,2025-10-11 11:15:54,traveloka
52187153-e234-4116-8fc6-62a7c8e51470,saya kecewa karna saya beli tiket mahal terus saya batalkan karna ada masalah dirumah terus refund nya cuma sedikit,1,2025-10-11 10:56:01,traveloka
993669ae-8d6f-4cf8-9aa0-46a3c8dae86b,"Udah bagus, cuma ditambahin lagi dong filternya. Pengen ada filter private pool dan king bed/queen bed/twin bed gitu. Soalnya aku sering nginap 2 dewasa dan 1 bocil. Kalau queen kekecilan, twin ga enak baginya, jd pengennya yg king aja. Banyak hotel yg queen bed. Jadi habisin waktu aja pas nyari yg king",3,2025-10-11 10:37:19,traveloka
21cb43e7-cf47-4bd4-aedc-c84e79eb42c1,mudah dn lengkap,5,2025-10-11 10:27:27,traveloka
70067cd3-511f-4e51-bfde-ad5a34067593,Traveloka mantap,5,2025-10-11 09:53:33,traveloka
f7f033ce-d8b8-43a4-9d8b-a22aa5baf865,best,5,2025-10-11 09:03:38,traveloka
46c20f60-4fc4-4be1-98c3-6b8e12a03f3f,Mantapppp,5,2025-10-11 09:01:04,traveloka
736b9fef-1ec0-407d-a817-f7bdfd9e1457,sangat membantu,5,2025-10-11 08:54:29,traveloka
32682bd7-5728-41e2-9292-6a925d423b32,baik,4,2025-10-11 06:18:42,traveloka
a74e6104-d8f1-4882-bcf9-6500025ad7d1,bagusss,5,2025-10-11 06:07:55,traveloka
4fbe733b-63ea-4a9f-81ee-9982621ee07a,komplit,5,2025-10-11 06:03:47,traveloka
4f937baa-fa80-43ab-9a3a-d6fdc306a56a,bagus,5,2025-10-11 05:48:04,traveloka
c9146ad8-b158-4a5b-bf34-c56583ec6e99,sangat mudah,5,2025-10-11 03:20:07,traveloka
98e2a691-e780-4d61-822e-6936c51d9efe,terlalu banyak iklan di tempat lain,1,2025-10-11 00:53:45,traveloka
845f8632-e510-405a-93f1-ee7f69c4f159,apk nya bagus,5,2025-10-10 23:23:38,traveloka
05042d9e-97fc-4f92-b05d-0c308ab0c45a,Terbaik,5,2025-10-10 23:19:58,traveloka
92d400a5-45e6-4660-91e1-f99dd91f1646,mudah dalam pengaplikasiannya,5,2025-10-10 23:03:51,traveloka
a509a7c5-e12e-478c-891c-a853b7da47f8,mantap,5,2025-10-10 22:01:13,traveloka
0eb29c56-3f5d-4a43-969a-d5aa9f3d98f0,Memuaskan,4,2025-10-10 21:35:09,traveloka
a9a3c945-4ff3-407d-9798-347eceac7a0c,sangat membantu,5,2025-10-10 21:12:53,traveloka
ef16b75b-08a8-41bf-8e57-1c4c5885c5ca,ok mantap,5,2025-10-10 21:04:58,traveloka
04bef4a9-beeb-4a8d-b652-b49ade522853,refund tiket pesawat gagal terus...dasar maling,1,2025-10-10 20:33:32,traveloka
b5b44211-10b8-4445-8ef9-f7efa4d9900c,proses sangat cepat 👍,5,2025-10-10 20:28:00,traveloka
867088b0-9af7-4335-9afc-04705155ca42,cepat,2,2025-10-10 20:23:14,traveloka
dbf5db9a-4e23-4d53-965c-fb7e5d33333d,"paylater saya udah aktif limit pun udah ada, tapi kenapa gabisa dipakai yaa. mau qris juga gabisa tolong beri jawaban",3,2025-10-10 19:57:51,traveloka
6ecf9218-db81-494d-819a-06242cbb5e91,ebat,5,2025-10-10 19:38:47,traveloka
83abce51-9bad-4d28-b040-8c09589f43cb,keren,5,2025-10-10 19:24:39,traveloka
b1ed620d-17a5-4795-9e79-17e2fc2eb4dc,baik',3,2025-10-10 18:39:52,traveloka
62d4e118-69b3-48b1-af0d-5f53e19d17e7,bagus,5,2025-10-10 18:18:56,traveloka
125a9314-b28d-4106-80c7-fbad7ee281fb,cepet mudah,4,2025-10-10 17:01:10,traveloka
35f41cc5-fbe5-4c18-85ec-94bbd7213230,dari dulu pake ini karna mudah ga harus ribet2,5,2025-10-10 16:55:54,traveloka
5a91ebb2-441b-404a-b50a-0b0eb571e917,simple dan efisien sangat membantu sekali,5,2025-10-10 16:09:33,traveloka
73e8ef30-e4c7-4a8d-942f-4823f31befad,oke banget diskonya,5,2025-10-10 16:01:54,traveloka
97df2bb6-b53e-42e9-951d-73fed8f7dade,mantap,5,2025-10-10 15:15:48,traveloka
db33ddeb-d9dd-45e3-80e3-65595f68c753,"pembayaran Tpaylater gk pernah telat knpa limit saya kosong tiba2 , aneh aturan traveloka sekarang gk kayak dulu...",1,2025-10-10 15:04:52,traveloka
d5b0beaa-fef7-40dd-a328-6860ee3234d9,sangat baik,5,2025-10-10 14:50:21,traveloka
06c0655b-c58a-493d-801f-d31dffa85f98,"proses mudah dan sangat membantu, terimakasih Traveloka",5,2025-10-10 14:01:07,traveloka
ee17a08f-2127-48bf-9102-80490494efde,masih di coba,4,2025-10-10 13:34:21,traveloka
33c37afd-f76f-47b8-a920-abdb36438595,FAST respon,5,2025-10-10 13:29:45,traveloka
c94a5c9f-72e3-4c93-a8f8-ad2083675959,bagaimna cara pulihkan akun yg terhapus,3,2025-10-10 13:26:25,traveloka
879a3722-d41b-40f5-9867-ded65fe88cb7,oke sangat membantu,5,2025-10-10 12:42:17,traveloka
be3dbe0e-e4db-4991-87f3-bf563021c62c,Great App 👍👍👍,5,2025-10-10 12:41:28,traveloka
353d6573-3776-499e-8231-6c40b77a30bb,"Mahal ada tambahan biaya layanan, layananan apa???",5,2025-10-10 12:37:01,traveloka
3267debd-b143-46a6-961b-c6ee856f3512,Bagus,5,2025-10-10 12:23:49,traveloka
47a84f32-a8e2-4371-b7ea-dda040043595,👍,5,2025-10-10 12:19:44,traveloka
73c5b001-8ed2-424c-b478-0e006f32db04,mempermudah pembayaran,4,2025-10-10 12:08:34,traveloka
62034d93-af54-4ff0-8812-3f06a17ac47a,👍👍,5,2025-10-10 11:11:41,traveloka
9c42204f-359c-4220-9edd-05ea14185566,proses mudah dan cepat. Trimakasih Traveloka,5,2025-10-10 11:04:13,traveloka
1a88039a-f571-4945-8546-6abcbe6039f2,pertama dan terakhir kalinya pake apk ini. sakit hayi banget karena ada kendala gabisa refund udah gt jadinya uang kebuang sia sia hahha ga banyak sih cuma berarti banget uang itu buat aku wkwk.,1,2025-10-10 11:01:24,traveloka
5dc31f86-7e7c-4087-8406-66885db52223,"playlater saya kenapa tidak bisa melakukan pembayaran , ada2 saja deh . mulai jelek .",5,2025-10-10 09:09:58,traveloka
58ffbf31-7354-416d-81cb-27fe9325320f,sangat 👌,5,2025-10-10 08:18:22,traveloka
3f90e2b7-1bee-45c3-8c31-1f1471a57791,cepat & akurat,5,2025-10-10 07:11:15,traveloka
362c233f-2cd3-46ef-b824-bf4dd5338b8e,bagus,5,2025-10-10 06:37:36,traveloka
fd95011a-4511-4b00-8d83-06738c1bc9e5,jos,5,2025-10-10 03:50:27,traveloka
1ee32626-be5e-4717-9230-9ce3bf0ba407,sangat membantu.,5,2025-10-10 01:38:33,traveloka
c8dfb264-3828-498c-aaa7-ef6facfb7d89,Aplikasi Traveloka mantap,5,2025-10-10 00:44:55,traveloka
22e97b53-1edb-4ce8-b04d-622133dc9a17,sangat membantu dalam perjalanan dan kunjungan ke daerah,5,2025-10-09 21:09:06,traveloka
6a28e3af-b663-45ee-8006-8d96adc45fe8,the best,5,2025-10-09 20:35:00,traveloka
64ede263-327b-449d-a62c-57beea18c8e3,kok bisa telat hampir 30 menit yah,4,2025-10-09 20:17:36,traveloka
bd693046-a0d9-4007-89cf-d767396e643a,TRAVELOKA LIMIT BESAR KAGA GUNA,1,2025-10-09 20:08:22,traveloka
7f6e3957-ce64-450c-a224-d04c407bdb67,puass bgt. fast respons dan sangat membantu. layanannya oke bgt.,5,2025-10-09 19:10:50,traveloka
98c7e9db-7974-4e40-a720-75edc40428e9,mantap,5,2025-10-09 19:04:58,traveloka
eed45750-3c13-4ed6-93fc-dbc2ed5e3e6c,Traveloka sangat keren,5,2025-10-09 18:26:15,traveloka
1897ec1f-ce91-405d-9547-7396acd4c93d,ok,5,2025-10-09 18:06:33,traveloka
8cdcab7f-fe01-4070-b107-c52050030935,memudahkan,5,2025-10-09 17:58:22,traveloka
05fa74f3-d46f-4a67-90a4-5fbc93bab383,Bagus,5,2025-10-09 16:08:13,traveloka
eba991af-7a0e-41d7-9ae0-126f54a2dbb4,"Harga yang tercantum di pencarian tgl keberangkatan, dan jika ingin di check out harganya malah melambung tinggiiii .... kenapa jadi begini travelokaaa??? tolong diperbaikiii",3,2025-10-09 15:39:16,traveloka
0600104b-6682-44e5-97dc-d4d2d3bad439,biasa,5,2025-10-09 15:20:30,traveloka
46565b61-04f1-4b5d-8f12-6a675eacbd12,"terus maju, kedepan supaya lebih baik lagi",3,2025-10-09 14:48:45,traveloka
4863e633-e090-4cc0-b729-89f5ee7a40a7,nice,5,2025-10-09 14:09:35,traveloka
b192440e-4c4f-4f4d-a837-4aab0ddf94eb,mudah dan cepat,5,2025-10-09 13:28:12,traveloka
44675b36-83e8-4ece-8db1-50df427e88e9,ok,5,2025-10-09 13:04:22,traveloka
6c2619b4-0746-4b99-ae19-166504f3cd46,pembayaran lancar dan pemakaian limit rendah malah level turun terus dari lv4 ke lv1. aplikasi yang aneh,1,2025-10-09 12:54:37,traveloka
1a7a1b38-f7df-45c8-beec-423f07edc6a2,Bintang 4 aja dulu kalo keren saya kasih 5,4,2025-10-09 12:29:45,traveloka
cd7a85fa-1807-4bce-b088-bf3e6f2ec348,TT mmg j d gar ada h.,1,2025-10-09 12:10:42,traveloka
1f8400da-6d76-4382-bf1f-d3bba8fe00fb,"Terlalu banyak iklan yang muncul bahkan di luar aplikasi, sangat mengganggu. Setiap kali buka media sosial, iklan dari aplikasi ini muncul terus. Ganggu banget. Tolong kurangi iklan pop-up seperti ini.",1,2025-10-09 12:04:39,traveloka
9b04a53d-c543-4387-93cd-1edbceb14617,good & simple,5,2025-10-09 11:41:59,traveloka
fa86e9be-da1c-4e93-a3e0-c92558825b4a,👍,5,2025-10-09 11:23:56,traveloka
afb46eb1-02a0-4f84-8fd6-cdda07e67fe1,traveloka mantap,5,2025-10-09 11:12:30,traveloka
e74bc724-dec8-4a25-a2ce-dbe667a3520f,"promonya jam 11, jam 11 lewat 1 menit mau masukin kode promo abis. ga niat ngasi promo.",2,2025-10-09 11:04:40,traveloka
7a0f29c5-958b-4bcd-b6a1-ababc9da9d44,good,5,2025-10-09 10:54:40,traveloka
93e5415e-e3ac-487e-b146-de30dca59db7,traveloka Esdebesss,5,2025-10-09 10:13:55,traveloka
fa10a789-cd3e-47db-82ea-cf8298610296,"sangat membantu, mudah di gunakan",5,2025-10-09 10:12:57,traveloka
8171a41b-426c-4ed1-b816-b029345f6c76,mantap,5,2025-10-09 10:05:33,traveloka
44f7151c-da09-4162-aa48-5ee089caac3e,"trimakasi traveloka, sangat memudahkan perjalanan saya untuk bertemu ortu. dan Tpaylater juga sangat membantu",5,2025-10-09 09:21:24,traveloka
6aa5c145-b7b0-49e2-b991-c0aba5f3aec9,GOOD JOB,5,2025-10-09 09:19:36,traveloka
9f54a32f-392b-4223-9044-49e3365fe040,memudahkan Tq,5,2025-10-09 08:51:40,traveloka
0f6b60c4-f3ba-420d-9a8e-2c22b6c1dd1b,"ketipu penginapan di hotel traveloka, saat mencari kerja niatnya istirahat sejenak dipenginapan malah kena tipu. lokasi penginapan fiktif",1,2025-10-09 07:29:22,traveloka
133738a8-a1be-474c-a5c6-9d43932c953a,sangat mudah,5,2025-10-09 07:18:12,traveloka
cceca6ed-d728-441d-9d86-905f31aeb733,Alhamdulillah allahumma,5,2025-10-09 06:17:34,traveloka
0b04f64e-d72c-42c0-b784-3ab2b4546fd7,"user friendly, easy to use, and fast to find tiket both for lokal and overseas",5,2025-10-09 04:59:32,traveloka
72447d58-1b79-430b-b923-1d6085cc79ac,Mantap,5,2025-10-09 03:53:52,traveloka
abda3496-9373-4f67-bd87-72e88ddbc784,sangat membantu,5,2025-10-09 02:56:09,traveloka
c58620f7-5070-4148-9526-b5c0c2e77fe6,aplikasi berguna,4,2025-10-09 00:44:28,traveloka
0d1b5ea2-4b68-4776-bfcd-238de2cc2150,Sanga membantuku di dalam hal. trimah kasih Traveloka,5,2025-10-09 00:21:53,traveloka
20a1d51a-0a9c-4ffb-b945-8c29f18a5d6a,buruk,1,2025-10-09 00:13:23,traveloka
e8d7c7bb-4a66-4387-b60c-d178ee2623cf,nyari hotel lebih mudah,5,2025-10-08 23:32:57,traveloka
091f7bcc-7ae5-43c4-911d-1d2451b49d0e,"Pengguna Setia Traveloka. Tapi semakin kesini penerbitan etiket semakin lama, gak kayak dulu cepet. Bukan semakin baik, malah semakin lelet",1,2025-10-08 22:52:13,traveloka
bb94995b-e152-4fdc-9a54-5129fefbba36,Siip,5,2025-10-08 22:26:24,traveloka
6684b0c4-8178-49f5-a134-0f96435ba874,mantap.. ok. trmksh traveloka,5,2025-10-08 22:19:35,traveloka
e15def23-0868-426f-8a52-391506e0b436,sangat membantu,5,2025-10-08 22:04:35,traveloka
25fe790d-a1ae-44b6-9111-aa7a3aadc811,mantabs Traveloka,5,2025-10-08 21:36:39,traveloka
ad2162bf-99c1-4f80-b64f-b0bccc59559f,baik,5,2025-10-08 21:31:00,traveloka
5350d156-efff-41be-afa6-9418a5243625,memudahkan perjalanan,5,2025-10-08 21:30:32,traveloka
12cb9178-b335-477f-8b04-edfcc47379cc,"sangat memalukan terakhir utk cekinnya tdk dibuka buka juga di aplikasinya menyesal sekali saya dan sangat kecewa,",1,2025-10-08 21:18:34,traveloka
f7e7f545-a5e0-444e-b32b-cf93681cb5a8,sangat baik,5,2025-10-08 20:52:20,traveloka
036895ca-48ca-43b2-b1a8-04de57f95fc6,bagus dan rekomendasi,5,2025-10-08 18:16:30,traveloka
f2be548b-a736-46f9-862d-b6249414d925,ok,5,2025-10-08 18:14:09,traveloka
e39e8fd5-1b91-4a45-899b-72c0e6e7b943,notif promo sangat mengganggu karena terlalu sangat sering sekali muncul dan tidak bisa dimatikan,1,2025-10-08 17:18:22,traveloka
7a27f3f6-8522-44b7-8d1b-4a5e7cac9a26,mempermudah pengguna dan bookingnya pun mudah matul wes traveloka top markotop pokok e,5,2025-10-08 14:19:49,traveloka
673189ab-0d3a-4b8a-8bad-9bc99cf26f58,ok,5,2025-10-08 13:26:24,traveloka
c39fa682-98b9-4a4d-af07-716ce1b54764,mantap,5,2025-10-08 13:17:53,traveloka
f0077e96-3f1a-4d0f-8c88-f8e684ff394b,ok,5,2025-10-08 13:14:39,traveloka
11340561-03a6-4b7c-ac85-186c8a35a1b1,bagus,4,2025-10-08 12:48:01,traveloka
30c920b9-1617-4f66-a855-92f2bc07ed70,III iklan,1,2025-10-08 12:44:44,traveloka
d8de42a9-6d6c-4d48-a978-6e14f8e6c56c,apk manta bisa. bayar pake. cicilan memuaskan apk nya👍😅👍👍😇,5,2025-10-08 12:42:24,traveloka
0101f40b-9601-457b-b27d-542515b4fd1c,selalu pakai cara naik harga sebelum bayar. duit kecil aja mau banget d embat,3,2025-10-08 11:12:47,traveloka
c5111b5f-dd77-495b-9e4d-fd5bd078203a,oke,4,2025-10-08 10:16:25,traveloka
6d915a72-4f3c-4332-b464-5664b261ac81,sangat memuaskan,5,2025-10-08 09:56:13,traveloka
bebf261d-1354-4d19-98ef-f7b01165cf5f,Mudah dan terpercaya,5,2025-10-08 09:48:17,traveloka
af7dfffe-d5f0-475a-bd47-b9b2a17d00c3,traveloka selalu dihati,5,2025-10-08 09:47:42,traveloka
7d6df780-89d1-4428-9c84-387334ef1181,sangat memuaskan,5,2025-10-08 09:45:10,traveloka
25fad7c5-d1f9-459e-90fa-f4eaebb9168a,ok,4,2025-10-08 09:39:36,traveloka
1258a30b-4f8f-4141-802a-90e9a5624d46,Bagus,5,2025-10-08 09:28:15,traveloka
fa1580b1-0844-4362-8650-0c9f18b381ac,sangat membantu sekali sejak adanya paylater,5,2025-10-08 08:22:00,traveloka
84719776-0a0a-4bd5-a083-757488d91c48,Terima kasih,5,2025-10-08 08:09:28,traveloka
d9d01d79-ccc3-43a5-bf35-2022b7e756e2,Traveloka memang mantap sangat sangat membantu,5,2025-10-08 06:35:37,traveloka
8d50eb76-6dfe-4e8e-b702-373256df6464,OK,5,2025-10-08 05:56:43,traveloka
15af1d3a-bd4d-46ad-8af3-f11dc55aa4ca,Alhamdulillah banyak discount,5,2025-10-07 23:16:37,traveloka
dedc6447-8570-4612-a2ec-f63cf0dd1e2e,trimakasih,4,2025-10-07 21:39:51,traveloka
5f47cba6-5c26-43b2-ac35-c8cd1173664c,peroses cepat dan mudah,5,2025-10-07 21:19:33,traveloka
cb187e79-1463-4ec5-8a2b-1d4d003fddcc,dikasi limite tdk bisa dipake sama sekali oon,1,2025-10-07 20:40:05,traveloka
4bd41dec-6436-4108-ac15-64c1c6b38514,saya member tdk masalah selama ini tapi kenapa skg saya sudah tdk bisa utk menggunakan paylater nya,5,2025-10-07 20:20:01,traveloka
14da9734-f523-4899-9d5f-8c389e7a20b8,kapok sih,1,2025-10-07 18:54:21,traveloka
8c9c8e12-566c-4493-9234-218a141c6a1d,proses mudah dan terpercaya,5,2025-10-07 18:42:15,traveloka
23063d36-1a5e-42b0-8e3b-703f39a37d6f,thankz pelayanan nya,4,2025-10-07 18:32:24,traveloka
3f102071-6fca-4d67-bc02-5c76ac2a7009,aplikasinya sungguh luar biasa aku suka,5,2025-10-07 18:07:26,traveloka
1174ca71-5763-475c-8c38-5a2a5423b8d8,cukup baik,5,2025-10-07 17:45:19,traveloka
5e11d890-a964-45fe-a059-f91b41d99664,bagus,5,2025-10-07 17:38:36,traveloka
25354ea8-3f10-47bc-a1bf-b235a81d8bc0,Sangat membantu,5,2025-10-07 17:11:57,traveloka
2d53a685-08bc-4f58-a8cb-bb2d6edeacc6,sangat baik,5,2025-10-07 17:11:40,traveloka
e5f42e7d-2c76-4e49-9c95-701e12230f71,menyenangkan dan mempermudah pemesanan tiket pesawat,5,2025-10-07 16:19:13,traveloka
b1fbe0d8-515a-41a4-8eb8-eab515f5904d,bagus,5,2025-10-07 16:14:24,traveloka
be0ee635-3636-4176-946e-37072f9a616e,bagus; gak ribet,5,2025-10-07 15:46:24,traveloka
97443139-bb9d-44e2-85dd-ce8f0e5e873c,"cepat, nyaman dan ngak ribet",5,2025-10-07 14:49:18,traveloka
98c6dcc8-acc2-4e79-a215-94675c362a7d,sangat membantu,5,2025-10-07 14:43:32,traveloka
b6f2c3f6-b8f4-4aa9-a829-116fa4c764dc,ok,4,2025-10-07 14:32:54,traveloka
8eb7262d-b81f-4d2e-a833-47b922871b14,discount ya ngk ada,4,2025-10-07 13:25:15,traveloka
b8b64aac-0f85-4527-906a-2675b31a0f90,harga di aplikasi tidak sesuai dengan harga yang dibayar penipu harga,1,2025-10-07 13:09:30,traveloka
027f712b-2708-4553-9cdd-919d1e3d8d4a,nice make it Helpfull,5,2025-10-07 13:05:47,traveloka
d148c341-805b-4bd6-9b7a-b7998c64ea61,sangat cepat prosesxa dan mudah,5,2025-10-07 12:25:09,traveloka
e30923b5-3194-4f82-8b81-1af84371cae2,"kenapa dr bulan kemarin akun ku tidak bisa, pdhal sudah pernah pesan hotel sbelumnya, sudah update versi terbaru jg, kalau sdh bs saya naikkan ratting nya",2,2025-10-07 11:47:34,traveloka
e0bf59ab-6cfe-465c-b476-80c0311d437f,nice,5,2025-10-07 10:39:11,traveloka
dac6862c-2ce5-42b2-8ada-e7f38863e689,"Biasa nya saya bandingkan dulu harga ditiga aplikasi kalau mau urus perjalanan bisnis kantor, tapi akhirnya paling sering pakai traveloka. soalnya sering ada promo bank, cashback, dan prosesnya juga cepat.",5,2025-10-07 10:35:22,traveloka
93c0d684-a4ae-4f36-936f-f0fa151807df,mudah di lqkukan,5,2025-10-07 10:33:52,traveloka
0631525d-149f-4ec2-b0cb-7543b71fca5d,bagus,5,2025-10-07 10:19:48,traveloka
9c6c6983-383c-4482-9333-3bf7a1a0b398,Baik pelayanannya...cepat,5,2025-10-07 09:03:12,traveloka
6671232a-1efc-4b0e-9754-c7d84ce3a93d,selalu oke dan TDK pernah mengecewakan,5,2025-10-07 06:11:29,traveloka
10891e97-f5e1-46fe-9d08-3f98608bfe1c,"waktu refund Tiket pesawat ngeri banget potongannya, terus pajaknya busett dah",1,2025-10-07 03:58:11,traveloka
b0911ea2-cfe0-4965-a4b6-cf992d1c7b77,menarik,5,2025-10-07 01:03:54,traveloka
b68cf975-f432-4e0b-943e-f187347ad1aa,transaksi cepat dan mudah.......,5,2025-10-06 23:14:38,traveloka
2627a3e4-890a-4a17-9b92-30b0fef320f9,"aplikasi yang jelek!!! tidak menunjang untuk membantu aktifitas kita paylater nya!!! bayar selalu tepat waktu, tiba2 di turunkan limitnya!!! saya sarankan lebih baik tidak pilih traveloka!!!",1,2025-10-06 21:41:18,traveloka
691c0545-5a9a-4df9-b85d-66cac359aadc,good,5,2025-10-06 21:29:59,traveloka
e2ebdb6d-79fe-4458-a1d5-fd2ca8ebbb78,"tolong kepada pihak traveloka,yg penginapan tidak kerja sama jangan di masukan aplikasi traveloka.karena banyak penginapan merasa tidak kerja sama pada traveloka. apa lagi iming2 ada vocer sampai sana mintak biaya tambahan. mohon selidiki penginapan sprti itu.mksh",1,2025-10-06 21:18:18,traveloka
2e3a2549-1831-4a90-baa4-c6368bce22ee,sangat membantu,5,2025-10-06 20:55:17,traveloka
6c47b89b-c871-4b24-a943-525b7bd5cfa7,baru bergabung belum bisa menilai,5,2025-10-06 19:34:46,traveloka
ad8548fe-30e8-469c-add2-dbe19ec8e774,very goooood,5,2025-10-06 19:20:41,traveloka
3a3edc45-b7d5-480c-952e-c469b05de4e6,bagus,5,2025-10-06 19:12:30,traveloka
7bf42260-d7e9-446f-9808-e01fb30aba3d,tq traveloka sangat membantu perjalanan,5,2025-10-06 18:36:57,traveloka
9591af35-d059-482d-9b01-ab8b92a607f1,ini gimana sih? disuruh update. tapi pas dibuka playstore gak bisa diupdate,5,2025-10-06 18:34:43,traveloka
e4c377dc-eb6e-4526-84c0-dd81db5fb82b,tks traveloka,5,2025-10-06 18:31:40,traveloka
9909b84c-61f7-49d5-81a5-7d25c7c577fd,"Pernah tertipu hari pesanan, saya mau pesan di hari ini, langsung tertulis tanggal minggu minggu depan dengan hari yang sama!!! pengalaman untuk mengecek kembali tgl pesanan.",1,2025-10-06 18:02:54,traveloka
c82418de-b9c3-4151-ac53-6af6233f2fc3,oke,5,2025-10-06 17:57:39,traveloka
52c591ef-ddb2-4819-8d76-f3f164419bfc,good,5,2025-10-06 17:51:13,traveloka
c570d00e-364a-4f7a-a7ef-a84d7ebd8be3,oke,5,2025-10-06 17:19:27,traveloka
e8c30c27-f421-4bec-b362-89014aa9d433,bagus,4,2025-10-06 17:13:47,traveloka
591f514f-ead9-4162-acd9-c78a372e93b2,bagus sekali,5,2025-10-06 16:14:14,traveloka
fcccc2ac-65da-47b2-839a-71050abd993b,sangat mudah mencari jadwal untuk melakukan perjalanan jauh.,5,2025-10-06 16:06:56,traveloka
2890057a-39ad-47c0-aec9-a6faf793d6c7,bagus,4,2025-10-06 15:59:34,traveloka
bba882e7-76af-424b-9dfe-c840f6f41fbb,"saya pnya traveloka lagi brmasalaha, dan disuruh masukan nomor tlp. sudah saya ikutin hnya tinggal nunggu notif veritifikasi aja.hanya sdh nunggu lama bngt dan tdk mncul² kode veritifikasi. akhirnya saya hubungi di pihak traveloka di media sosial Instagram. sya dm, awalan aja di tanggpi. trs saya tnya lagi, hanya dibaca doang chatnya gak diberi solusi apa2 lho !! ini mksdnya gmana? hnya baca chat org gtu kalo lgi komplin, dibiarkan begitu aja !! trs gunanya admin traveloka ngpn? brhnti aja....",1,2025-10-06 15:27:05,traveloka
cdfc8fe4-a2ee-4338-b163-af98acc839e8,ok,5,2025-10-06 15:20:47,traveloka
028ad8f3-4863-4659-bc6b-5fce67b00d49,mantap dan baik,5,2025-10-06 14:58:34,traveloka
9bcfbb9c-2a9e-4326-b227-4e1ae12192ce,easy to use,5,2025-10-06 13:58:21,traveloka
66957f3c-dcfb-4b27-a837-d615deeaefb1,sangat membantu,5,2025-10-06 13:39:56,traveloka
604068b4-fe81-4040-9215-637377936845,mantap,5,2025-10-06 13:01:48,traveloka
463b5584-cd27-4f30-9477-d18b517ac750,ok,5,2025-10-06 13:00:14,traveloka
43e94143-7803-4aae-8fe4-ba7eeed21001,"Ga bisa bayar pakai Tpaylater, eh levelnya diturunin tanpa alasan yg pasti! Bunga pemesanan dengan Tpaylater yg di refund juga sangat besar. Ini lebih dari aplikasi penipu!",1,2025-10-06 12:22:55,traveloka
f957548f-8a3b-407c-830c-43f2e9c780f0,pokok nya mantap traveloka,5,2025-10-06 11:58:18,traveloka
83f0d89e-fce6-42a1-b7b3-4533711ae99a,bagus sangat membantu.. terima kasih..🙏,5,2025-10-06 11:50:37,traveloka
747ebea5-faf4-4be4-88bc-35ffe201095a,ok,5,2025-10-06 09:52:02,traveloka
438cd9cb-f87f-48cd-b80c-fb952e6b8336,Support service Custamerku,5,2025-10-06 09:03:12,traveloka
94dc7056-5611-410c-a7dc-a6aa062db0c0,ok,5,2025-10-06 09:03:07,traveloka
529eaeaa-a806-4759-82e1-ac2a606680b8,memuaskan akses cepat,5,2025-10-06 08:45:57,traveloka
6693c444-8892-4127-a296-0afd3625ee27,mantap,5,2025-10-06 08:32:39,traveloka
7704155e-0f39-471a-ac89-7877c9c15b1d,"amazing,,simple dan sangat membantu..👍",5,2025-10-06 08:13:29,traveloka
b2a2e765-a379-49cb-bb6d-25b76d6567e2,kenapa sekarang Traveloka paylater ga bisa digunakan di online shop padahal dulu saya bisa menggunakannya dan memberikan kemudahan juga buat penggunanya,1,2025-10-06 07:06:05,traveloka
c9ab4513-7050-467e-91a1-305e1cf8859e,"XD x XXxXx x XXxXx x ga tbf db,5 xx b. x4m.8 xi ncnagvc",4,2025-10-06 01:00:14,traveloka
5922a443-e0ee-41aa-bbf5-8c162408a8ad,good,5,2025-10-05 20:42:49,traveloka
e0d4bb64-8dd0-4a74-8c1d-d9484f3d474a,t o p. b g t,5,2025-10-05 19:21:52,traveloka
c661bec7-522a-4128-87e8-9aaf3179fbbd,Pesan Sekarang? saya males,1,2025-10-05 18:44:15,traveloka
bd6e8dc2-6d83-4032-bd38-7b25720cc374,kerennnnlah,5,2025-10-05 18:29:03,traveloka
a0a76b98-8081-4f7a-847e-3985241222d8,lelet banget balas komplainan.,1,2025-10-05 17:38:24,traveloka
07ecfb8d-5b2a-48bb-9668-c54972ba264f,sangat 👍,5,2025-10-05 16:44:25,traveloka
708a09fe-e4ef-44c1-a617-b084c30ec5a5,baik,5,2025-10-05 16:20:38,traveloka
e90fcffc-f89b-4b7c-be9e-38eb02699dd4,👍👍,5,2025-10-05 15:39:00,traveloka
54245d2a-d0c1-4c18-98f4-57917a200299,ok,5,2025-10-05 15:18:48,traveloka
94736e42-8792-485a-b1bd-7722cc5f5975,pelayanannya mudah,5,2025-10-05 13:57:25,traveloka
f4068e54-ed6d-4e70-a471-67bb7b84c5c3,mantap,5,2025-10-05 13:39:19,traveloka
b340a478-7e22-45ec-bee6-dce9900007b0,sangat membantu,5,2025-10-05 13:13:14,traveloka
d2447c19-4d62-47cc-93e7-b97d90664c32,pilihan akomodasi yang tepat,5,2025-10-05 11:28:19,traveloka
6d39c6bf-ef82-4c70-982b-eab9c9ce87e5,"cemana ya traveloka ini pesanan d batal kan tapi dana pengembalian ya ga d kirim kirim juga, orang mau cepat jd lama d buat teraveloka, ga bener kelen teraveloka",5,2025-10-05 10:44:09,traveloka
4fae048a-b3e2-436c-afde-1bb770f02248,di pake rutin dan selalu di bayar tepat waktu tapi tidak bisa dipakai lagi,1,2025-10-05 06:56:47,traveloka
3a01993c-44a9-4188-b3f4-d5cad568beb1,good aplikasi,5,2025-10-05 00:36:16,traveloka
230f671e-b462-404f-a542-33df46d0d659,"sangat² membantu disaat butuh akses ke kampung halaman, thank's traveloka😊",5,2025-10-05 00:35:45,traveloka
ae8ef027-445b-4d87-b3ed-2ec80f6ec97f,Terimakasih,5,2025-10-04 22:52:53,traveloka
b13906a5-2be5-4889-a2c6-9b6694d8d501,ok,5,2025-10-04 21:25:29,traveloka
b4020e97-bc4d-49db-b4d7-dc14aa629e0a,ok,5,2025-10-04 21:13:35,traveloka
8997a62b-1277-489f-a615-6c47e08eb68a,terbaik,4,2025-10-04 19:10:34,traveloka
e1929645-9d0b-4035-b4b1-e8237327950c,pembayaran paylater lancar penggunaan Traveloka juga aman tiba² akun paylater diblokir dengan alasan yang tidak jelas makin kesini makin aneh Traveloka ini,1,2025-10-04 16:45:57,traveloka
d1e92fc8-c45a-4d21-8911-bcf414916b67,Okee,5,2025-10-04 16:01:34,traveloka
3b189e51-6840-4ff3-9701-ff9355f50304,cepat respon,5,2025-10-04 15:25:25,traveloka
f9f40d21-aaf1-4047-bed2-b3dd2e806b9d,👍,5,2025-10-04 15:23:13,traveloka
8f1aa89b-f031-4e4f-b6a5-55c8c4897263,make peoples easy..,5,2025-10-04 15:11:00,traveloka
241b927a-eed3-44c0-b1a7-675cb35dad7d,cepat tepat sesuai kebutuhan yang diinginkan kita 👍🙏,5,2025-10-04 15:09:12,traveloka
f6718431-bd92-4da6-a94e-29501afff2b2,Pelayanan keren...terus ditingkatkan,5,2025-10-04 14:33:55,traveloka
95978de3-57fa-4e3e-9274-44107ab6880b,mudah,5,2025-10-04 12:58:35,traveloka
4f3274ef-8a15-40aa-bd85-b0a0b9b72ccf,mudah dan cepat,5,2025-10-04 12:48:32,traveloka
cfd07c8c-e646-4f20-bacf-2adbdd821319,sangat 👍,5,2025-10-04 12:27:44,traveloka
b3a59783-e1c9-4246-880b-5ca15d787b1a,"nyesel downlod ini aplikasi, beli tiket udah di bayar, malah gak ada tiketnya... gak² lagi pake traveloka....",1,2025-10-04 12:11:24,traveloka
69bd3e57-af29-4df6-87a4-1880f76783d8,mantap,5,2025-10-04 10:56:24,traveloka
c11df348-d28e-4d23-982d-35079b7792fc,"aktifin paylater susah banget di sesi verifikasi wajahnya selalu saja tidak terdeteksi wajahnya padahal udah digini digituin, perasaan shopeepaylater nggak susah gitu. Ribet banget",2,2025-10-04 10:53:41,traveloka
7d468548-572f-4996-ba15-f9a1c6f197fe,Cancek book hotel seenak jidat H-1,1,2025-10-04 10:35:25,traveloka
ed49f3fa-ea74-4d53-aa97-f51863f9a260,keren,5,2025-10-04 09:47:31,traveloka
0e15c85d-5cb5-4c15-b567-ca90c32d9d1d,sangat memudahkan kita dlm perjalanan busnis maupun liburan sukses selalu tr aveloka,5,2025-10-04 09:07:57,traveloka
baed7050-a9c3-40f3-87e1-2ed6654402dc,Oks,5,2025-10-04 08:18:26,traveloka
f832f02d-5814-4b90-802c-0b8b595f67ec,terlalu banyak pilihan yang harus dibayar lagi setelah pesan tiket misalnya asuransi keamanan bagasi dll bikin pusing,3,2025-10-04 08:04:26,traveloka
0327c679-02ee-4465-9952-162dc39dcce3,baik,5,2025-10-04 06:14:29,traveloka
96ead207-182f-40a8-bc61-6e0050e5a2eb,nice,5,2025-10-04 02:58:04,traveloka
daea59af-cf09-4c72-b288-761b177e29cd,bagus,5,2025-10-04 00:52:04,traveloka
7e5c7738-d7f4-4b8a-8db3-518b58e4c77a,Berapo Traveloka,5,2025-10-03 21:49:53,traveloka
f4ac3365-b6b4-409c-82a0-d818013f1ef3,bagus,5,2025-10-03 21:43:28,traveloka
65213d6c-95b4-4523-930d-f7afc2f2c57a,mantap,5,2025-10-03 21:25:12,traveloka
